word,valence,arousal,concreteness,familiarity,zipf,rank
aardvark,6.26,2.41,4.68,,2.63,26447
abalone,5.30,2.65,,,2.72,24116
abandon,2.84,3.73,2.54,,3.91,5016
abandonment,2.63,4.95,2.54,,2.99,17712
abbey,5.85,2.20,,3.32,3.50,9025
abdomen,5.43,3.68,4.70,4.64,3.53,8747
abdominal,4.48,3.50,4.28,4.81,3.53,8672
abduct,2.42,5.90,2.88,4.36,2.86,20727
abduction,2.05,5.33,3.07,4.44,3.56,8366
abide,5.52,3.26,1.68,4.23,3.43,9916
abiding,5.57,3.59,2.07,,2.71,24525
ability,7.00,4.85,1.81,6.00,4.28,2723
abject,4.00,3.94,1.67,,2.61,27018
ablaze,5.15,6.75,3.82,,2.63,26447
able,6.64,3.38,2.38,6.21,5.20,561
abnormal,3.53,4.48,2.14,,3.47,9519
abnormality,3.05,5.00,2.48,,2.72,24116
abode,5.28,2.90,3.92,3.30,2.82,21557
abolish,3.84,4.18,2.19,,2.69,24968
abominable,4.05,5.45,1.89,,2.81,21885
abomination,2.50,5.90,2.23,,3.06,16177
abort,3.10,5.80,2.83,,3.66,7223
abortion,2.58,5.43,3.41,4.94,3.86,5418
abracadabra,5.11,5.27,2.04,,3.02,17010
abrasive,4.26,6.10,3.03,,2.67,25460
abreast,4.62,4.61,2.23,,2.72,24116
abrupt,3.28,5.23,2.27,5.24,3.06,16177
abscess,2.79,4.00,4.48,,2.71,24525
absence,3.86,4.30,2.31,,3.80,5920
absent,4.10,3.72,2.70,,3.41,10231
absinthe,3.53,3.70,4.30,,2.75,23331
absolute,5.43,3.48,1.81,,4.05,4018
absolution,6.58,3.38,1.78,,2.98,17898
absolve,4.58,3.53,1.85,,2.77,22917
absorb,5.50,4.27,3.11,5.03,3.30,11908
abstain,4.40,3.10,2.38,,2.72,24116
abstinence,3.43,3.15,1.72,,2.95,18526
abstract,5.25,3.96,1.45,4.77,3.34,11241
absurd,4.45,4.02,1.64,4.79,3.99,4478
absurdity,4.06,4.70,1.25,,2.81,21885
abundance,6.67,4.72,2.21,4.56,2.95,18526
abundant,7.55,4.21,2.83,5.09,2.77,22917
abuse,1.53,6.21,2.71,5.30,4.01,4305
abusive,2.05,5.27,2.55,,3.22,13293
abysmal,3.45,3.91,,,2.63,26447
abyss,3.90,4.85,3.07,3.24,3.25,12695
academic,6.61,3.32,2.11,6.20,3.67,7167
academy,5.32,3.77,4.29,,4.09,3745
accelerant,4.59,4.81,3.40,,2.75,23331
accelerate,6.10,6.04,3.48,6.09,3.11,15245
accelerated,6.21,4.75,3.18,,2.99,17712
acceleration,6.19,6.73,2.97,,2.95,18731
accelerator,5.63,5.00,4.32,,3.14,14727
accent,6.48,4.95,3.26,5.88,4.09,3805
accept,6.39,2.80,3.03,6.19,4.72,1259
acceptable,6.59,3.65,1.93,,3.72,6638
acceptance,6.84,4.30,2.21,5.54,3.50,9066
access,6.68,5.30,2.71,5.47,4.50,1867
accessible,6.68,3.20,1.80,,3.05,16508
accessory,5.35,4.22,4.10,,3.46,9549
accident,2.55,4.93,3.26,6.24,4.91,902
accidental,3.46,4.00,2.17,5.91,3.48,9337
acclaim,6.10,3.95,2.04,,2.65,25937
accommodate,6.35,3.00,1.86,,3.33,11377
accommodation,6.76,4.72,2.96,,2.98,17898
accompany,5.47,3.85,3.07,,3.68,7106
accomplice,4.60,4.50,3.34,,3.63,7610
accomplish,7.45,5.16,2.33,,3.77,6207
accomplishment,8.05,4.96,2.50,,3.28,12244
accord,6.38,2.85,1.57,,3.22,13293
accordion,5.26,2.94,4.86,3.79,3.12,14978
account,5.39,3.76,3.08,,4.65,1440
accountability,4.89,3.70,1.55,,2.69,24968
accountable,5.70,4.20,2.21,,3.16,14406
accountant,5.19,3.81,4.41,4.66,3.79,6002
accounting,4.42,3.68,3.27,,3.66,7327
accumulate,6.33,2.73,3.00,,2.77,22917
accuracy,6.32,3.33,1.85,,3.18,14005
accurate,7.42,4.35,1.90,,3.89,5131
accursed,3.21,5.33,1.93,,2.82,21557
accusation,3.38,5.48,2.38,,3.45,9706
accuse,2.68,5.32,2.25,5.04,3.76,6323
ace,6.37,4.64,3.92,4.39,4.17,3314
acetylene,4.11,3.67,3.58,,2.67,25460
ache,3.27,4.30,3.43,6.04,3.40,10424
achieve,7.75,4.70,2.29,5.75,3.87,5362
achievement,7.28,5.57,2.37,6.20,3.54,8555
achy,3.15,4.48,2.96,,2.67,25460
acid,3.26,4.77,4.25,,4.00,4385
acknowledge,6.43,3.26,2.03,,3.79,6022
acknowledgement,6.53,3.30,2.62,,2.63,26447
acne,2.18,4.47,4.89,,2.96,18305
acorn,5.85,4.42,4.96,4.48,2.87,20435
acoustic,7.10,4.00,3.28,,2.99,17712
acoustics,6.33,3.19,3.12,,2.65,25937
acquaintance,5.58,3.24,3.41,,3.73,6578
acquire,5.50,4.86,2.93,5.12,3.43,10048
acquisition,5.00,4.36,2.60,,3.17,14196
acquit,5.60,4.56,2.13,,2.69,24968
acquittal,6.19,4.95,2.38,,2.87,20435
acre,5.53,2.73,4.18,,3.26,12485
acreage,5.25,3.74,,,2.65,25937
acrobat,6.00,4.90,4.46,4.46,2.78,22564
acrylic,5.52,3.73,4.31,,2.67,25460
act,5.64,4.19,2.46,,5.04,711
action,6.00,6.19,2.86,,4.79,1133
action figure,6.18,4.65,,,,
activate,5.70,3.78,2.97,5.51,3.67,7167
activation,6.14,3.52,2.41,,2.94,18951
active,6.47,5.62,3.32,6.48,4.06,3978
activist,6.24,5.26,3.34,,3.00,17531
activity,6.21,4.86,2.72,5.75,4.11,3634
actor,6.15,4.35,4.57,6.07,4.42,2138
actress,5.42,5.43,4.54,5.85,4.20,3124
actual,6.22,2.75,2.22,6.24,4.24,2948
actuality,5.40,5.55,1.96,,2.69,24968
acupuncture,4.81,4.90,3.83,,2.87,20435
acute,5.10,5.09,1.92,4.18,3.47,9440
ad,4.11,3.33,4.46,,4.13,3500
adage,5.55,3.38,1.86,2.09,2.81,21885
adamant,5.45,5.74,1.65,,3.00,17531
adapt,5.84,3.90,2.41,5.32,3.42,10088
adaptation,5.82,3.55,2.04,,3.21,13489
add,6.23,4.00,3.00,6.26,4.52,1801
adder,4.45,3.24,,,3.16,14304
addict,2.86,5.33,3.14,5.27,3.73,6578
addicted,2.89,4.77,2.13,5.73,3.66,7303
addiction,3.52,4.48,2.85,,3.59,8000
addictive,3.52,4.82,2.22,,3.06,16358
additional,6.15,3.61,2.43,,3.77,6180
address,6.11,3.05,3.89,5.84,4.72,1273
adept,6.14,4.17,2.23,,2.82,21557
adequate,4.70,3.64,1.97,5.28,3.42,10178
adhere,5.17,3.52,2.62,,2.77,22917
adhesive,5.84,3.20,4.35,,2.97,18107
adidas,5.77,4.18,,,,
adjacent,5.15,2.78,3.63,,3.13,14853
adjective,5.95,3.64,2.43,5.61,2.71,24525
adjoining,5.06,3.52,2.93,,3.06,16358
adjourn,5.50,3.15,2.54,,3.12,15104
adjust,5.76,3.00,2.93,5.90,3.75,6370
adjuster,4.25,3.50,3.23,,2.61,27018
adjustment,5.53,4.59,2.81,,3.49,9160
admin,4.37,3.64,2.96,,2.65,25937
administer,4.40,3.86,2.53,,3.23,13116
administration,4.45,3.23,2.78,,3.88,5234
administrative,4.79,3.21,2.14,,3.21,13394
administrator,5.32,4.74,3.89,,3.22,13228
admirable,7.00,4.57,1.81,,3.42,10135
admiral,4.80,4.05,4.11,3.97,4.22,3043
admiralty,6.16,4.27,,,2.84,21286
admiration,7.58,5.52,1.86,,3.33,11528
admire,7.35,5.00,2.04,6.10,4.15,3394
admired,7.25,5.95,1.84,5.57,3.57,8328
admirer,7.05,6.00,2.93,,3.47,9402
admissible,5.16,2.90,1.88,,2.87,20435
admission,5.91,3.69,2.83,,3.55,8467
admit,5.56,3.35,2.32,,4.77,1162
admittance,6.29,3.60,2.26,,2.84,21286
ado,4.82,3.33,,,3.18,13906
adobe,5.25,3.89,4.19,,2.69,24968
adolescence,6.00,5.10,2.81,,2.95,18731
adolescent,5.38,4.20,3.48,,3.27,12417
adopt,6.90,4.71,2.36,4.87,3.67,7167
adoption,6.68,4.82,3.03,,3.67,7152
adoptive,5.67,4.40,2.00,,2.78,22564
adorable,7.40,4.66,1.86,5.63,4.02,4220
adoration,6.47,4.36,2.19,,2.78,22564
adore,7.37,5.96,2.34,5.18,3.89,5182
adoring,7.38,4.86,2.34,,2.85,21003
adrenalin,6.33,5.05,3.17,,2.75,23331
adrenaline,6.61,5.95,3.04,,3.52,8824
adrift,4.36,3.19,2.71,,3.01,17381
adult,5.90,4.36,4.40,6.55,4.16,3371
adulterer,2.77,5.68,2.96,,2.61,27018
adultery,2.81,6.42,2.79,5.00,3.29,12042
adulthood,5.05,4.28,2.50,,2.87,20435
advance,6.11,4.62,2.57,,4.20,3130
advanced,6.14,3.83,1.83,6.09,3.95,4751
advancement,7.47,5.81,2.10,,3.10,15529
advantage,6.71,3.95,2.00,5.89,4.34,2457
advantageous,6.79,5.70,2.07,,2.61,27018
adventure,7.40,6.36,2.59,5.58,4.13,3523
adventurer,7.00,5.27,3.73,,2.87,20435
adventurous,7.37,6.67,1.95,,3.09,15637
adversary,4.55,4.41,2.93,,3.18,13906
adverse,3.68,3.89,2.23,4.74,2.86,20727
adversity,4.26,3.82,1.44,4.16,3.03,16856
advertise,5.16,4.29,2.81,,3.22,13228
advertisement,4.30,4.14,3.77,,3.08,15770
advertising,4.68,3.25,3.88,,3.87,5308
advice,5.78,3.05,2.73,6.09,4.68,1358
advisable,5.62,4.36,1.93,,2.90,19680
advise,5.44,3.38,2.03,5.68,4.09,3800
advisement,4.55,4.04,2.52,,2.89,19918
adviser,5.68,3.36,3.67,,3.02,17010
advisor,4.74,3.19,4.15,5.28,3.65,7423
advisory,4.95,4.05,2.50,,3.01,17381
advocate,5.25,4.59,2.72,,3.35,11139
aerial,6.04,3.67,3.04,,3.41,10321
aerobics,6.00,5.10,3.72,,3.19,13696
aerodynamic,6.16,4.33,2.88,,2.65,25937
aerospace,5.79,4.52,3.19,,3.04,16682
aesthetic,5.43,2.88,2.33,,2.84,21286
affair,3.10,5.40,2.45,5.69,4.47,1956
affect,5.65,3.61,1.93,5.56,4.05,4054
affection,7.89,5.64,2.22,5.88,3.93,4883
affectionate,7.23,4.77,2.28,6.12,3.36,11038
affidavit,4.38,3.73,4.00,,3.30,11968
affiliation,5.32,3.90,1.93,,2.71,24525
affinity,5.86,4.29,,,2.77,22917
affirmation,5.95,3.95,2.12,,2.74,23718
affirmative,5.94,3.64,1.93,,3.68,7120
affliction,3.76,5.10,2.27,,3.08,15898
afford,6.56,4.33,1.83,5.71,4.65,1443
affordable,7.52,4.11,2.10,5.97,2.82,21557
affront,4.53,4.50,1.83,,2.78,22564
afire,6.05,5.41,,,2.71,24525
afloat,5.57,4.13,3.34,,3.23,13116
aforementioned,5.21,3.50,1.93,,2.69,24968
afraid,2.25,5.12,2.70,6.09,5.39,401
african,6.42,4.11,,,3.83,5660
afterlife,5.53,4.32,1.90,4.94,3.21,13489
aftermath,4.29,5.38,1.97,,3.02,17010
afternoon,6.68,3.48,3.70,,4.96,815
aftershave,5.55,3.50,4.56,,3.04,16682
age,5.78,3.71,2.86,6.40,4.90,921
agency,5.14,3.17,3.87,,4.29,2700
agenda,5.05,3.62,2.66,,3.86,5372
agent,5.23,3.43,3.61,4.95,5.01,743
aggravate,2.55,5.90,2.26,,2.87,20435
aggravation,2.48,5.35,1.53,,3.07,16056
aggression,3.18,5.69,2.68,4.82,3.45,9706
aggressive,3.08,5.87,2.54,5.53,3.90,5089
aggressiveness,3.58,6.43,2.59,,2.61,27018
aggressor,2.80,6.55,3.29,,2.77,22917
agile,5.95,4.95,2.31,4.27,2.61,27018
agility,6.55,4.21,2.38,4.78,2.67,25460
aging,3.00,3.80,2.88,,3.41,10231
agitate,3.36,5.82,2.93,,2.65,25937
agitation,2.84,4.75,2.33,,2.71,24525
aglow,5.84,4.83,2.29,,2.69,24968
agonizing,2.68,6.71,2.00,,2.86,20727
agony,2.46,5.78,2.38,5.29,3.58,8210
agree,7.17,3.62,2.31,6.78,4.81,1085
agreeable,6.90,3.55,2.07,,3.21,13489
agreement,6.75,4.05,2.22,5.91,4.24,2929
agricultural,5.50,3.55,3.29,,2.98,17898
agriculture,6.10,3.05,3.67,,3.05,16508
ahoy,5.58,3.95,2.00,,3.57,8265
aid,6.29,4.55,3.10,5.60,4.14,3447
aide,5.60,4.00,3.59,,3.31,11792
aids,3.52,3.75,3.44,,3.03,16856
ailing,2.95,4.52,2.81,,2.72,24116
ailment,3.00,3.68,2.93,,2.72,24116
aim,5.95,4.00,3.27,5.91,4.17,3295
air,6.71,3.25,4.11,6.18,5.14,610
airbag,5.40,3.64,4.81,,2.61,27018
airborne,5.25,3.52,3.45,,3.63,7629
aircraft,6.30,4.86,4.40,,3.98,4561
aircraft carrier,5.25,4.64,4.93,,,
airfield,5.74,4.38,4.70,,3.37,10883
airhead,4.10,4.30,2.48,,2.74,23718
airline,5.36,4.12,4.00,,3.81,5816
airliner,6.05,4.00,4.45,,2.77,22917
airlock,4.85,4.23,,,2.93,19207
airplane,5.25,5.62,4.96,6.29,4.04,4117
airport,6.00,5.50,4.87,5.63,4.58,1607
airship,5.63,4.88,4.92,,2.78,22564
airspace,5.50,4.40,3.58,,3.21,13394
airspeed,4.95,4.33,3.04,,2.69,24968
airstrip,4.76,3.83,4.68,,3.06,16358
airtight,5.10,3.30,3.42,,3.06,16358
airway,4.95,4.00,4.34,,3.22,13293
aisle,5.17,2.50,4.35,4.87,3.87,5308
ajar,5.00,3.26,3.27,,2.67,25460
aka,4.63,3.39,,,3.02,17194
alabaster,5.50,3.95,3.81,,2.84,21286
alarm,3.86,6.85,4.47,,4.47,1940
alarm clock,3.47,5.36,4.85,,,
alarming,3.52,6.50,2.07,,3.06,16177
albatross,5.68,3.09,4.81,2.88,2.90,19680
albino,4.90,3.09,4.41,,3.07,16056
album,6.19,5.63,4.69,5.69,4.01,4315
alcohol,4.11,5.17,4.76,6.24,4.22,3043
alcoholic,2.49,5.48,3.37,6.00,3.79,5986
alcoholism,2.00,5.00,2.93,,2.94,18951
alcove,5.50,3.32,4.08,,2.69,24968
alderman,4.44,3.05,,,2.92,19434
ale,5.95,4.10,4.65,,3.60,7931
alert,5.38,5.14,2.59,5.23,4.31,2596
alfalfa,4.79,3.67,4.69,,2.82,21557
algebra,5.40,4.60,3.14,5.40,3.25,12695
algorithm,5.30,3.70,3.07,,2.74,23718
alias,5.00,4.71,2.86,,3.61,7787
alibi,4.16,4.50,2.57,,3.92,4916
alien,4.45,4.86,3.52,5.03,4.24,2938
alienate,2.79,4.27,1.83,,2.77,22917
alienation,2.53,5.14,1.73,,2.65,25937
alight,5.67,3.86,2.96,,2.63,26447
align,5.95,3.32,2.79,,2.84,21286
alignment,6.00,3.92,3.26,,3.12,14978
alimony,3.86,3.09,3.08,2.79,3.42,10178
alive,6.57,5.93,3.14,5.91,5.19,572
allegation,3.26,5.90,1.79,,2.74,23718
alleged,3.62,5.09,1.82,,3.60,7905
allegiance,5.80,5.17,1.77,,3.50,9128
allegro,5.00,3.89,,,2.72,24116
allergic,3.00,5.40,2.55,,3.91,5016
allergy,2.90,3.90,3.68,5.33,3.23,13008
alleviate,6.25,3.45,2.48,,2.67,25460
alley,4.17,4.08,4.82,5.00,4.21,3075
alleyway,3.46,3.70,4.30,,2.90,19680
alliance,6.14,4.40,2.50,,3.96,4658
allied,5.95,3.38,2.38,,3.46,9549
alligator,4.23,5.36,4.96,5.27,3.54,8555
allow,6.39,2.95,2.41,6.13,4.65,1447
allowance,6.74,4.05,3.07,,3.72,6699
alloy,5.20,3.32,4.29,,3.02,17194
allure,6.90,4.25,1.92,3.50,2.78,22564
alluring,6.74,4.35,2.07,,2.63,26447
ally,6.05,4.80,2.61,,4.51,1818
almanac,5.55,3.24,4.44,,2.94,18951
almighty,6.15,4.59,1.90,,3.94,4784
almond,6.05,2.89,4.71,,3.05,16508
aloha,7.10,3.82,2.59,,3.47,9479
alone,3.85,4.00,2.86,6.03,5.49,337
aloof,4.59,3.09,1.46,3.38,2.82,21557
alpha,5.50,3.67,1.81,,3.91,5006
alphabet,5.95,3.15,4.31,,3.40,10424
alphabetical,6.32,3.00,3.07,,2.95,18731
alpine,5.84,3.52,3.70,,3.11,15245
altar,5.59,4.05,4.85,3.83,3.71,6805
altar boy,4.76,3.11,4.56,,,
alter,4.57,4.17,3.07,4.57,3.68,7065
alteration,5.05,4.05,3.21,,2.86,20727
altercation,3.61,5.62,3.21,,2.87,20435
alternate,5.15,3.48,2.43,,3.55,8498
alternating,5.37,4.27,2.48,,2.63,26447
alternative,5.33,3.61,2.46,,3.97,4598
altimeter,4.50,3.61,,,2.67,25460
altitude,5.27,4.15,2.96,4.81,3.59,8031
aluminum,5.10,4.05,4.88,,3.36,11038
alumnus,4.95,3.23,,,2.69,24968
alzheimers,2.26,4.50,,,,
amaretto,6.00,4.04,4.60,,2.65,25937
amateur,4.58,3.55,2.31,5.03,3.82,5778
amaze,7.24,5.00,2.00,5.88,3.21,13394
amazed,7.55,5.95,1.52,,3.71,6772
amazement,7.29,6.30,1.89,,2.86,20727
amazing,7.72,6.05,1.55,6.34,4.91,899
ambassador,5.50,3.91,4.28,4.34,4.13,3514
amber,6.15,3.36,4.35,4.72,3.97,4613
ambience,6.35,3.85,1.72,,2.87,20435
ambient,6.33,3.20,2.04,,2.72,24116
ambiguous,5.16,4.00,1.48,,2.87,20435
ambition,7.28,4.86,1.74,5.85,3.73,6578
ambitious,6.33,5.76,1.81,,3.68,7083
ambrosia,5.95,4.05,,,2.99,17712
ambulance,3.71,5.33,4.81,6.51,4.35,2435
ambush,3.17,5.58,3.16,,3.74,6522
amend,5.85,3.06,2.32,,2.88,20159
amendment,5.60,3.50,2.44,,3.61,7758
amends,6.68,3.95,1.92,,3.27,12417
amiable,6.70,2.85,2.39,,2.78,22564
amino,4.45,3.83,2.74,,2.80,22203
ammo,4.18,5.53,4.85,,3.73,6563
ammonia,3.74,3.00,4.44,,3.18,14005
ammonium,4.06,4.37,4.04,,2.72,24116
ammunition,4.59,5.70,4.88,5.03,3.77,6180
amnesia,3.43,5.04,3.61,,3.57,8265
amnesty,5.38,3.86,2.18,,3.13,14853
amorous,5.95,4.21,,,2.97,18107
amount,5.42,3.53,2.74,6.49,4.39,2264
amour,6.43,5.43,,,3.27,12325
amp,5.79,5.05,3.59,,3.26,12485
amphibian,5.40,3.35,3.77,4.03,2.61,27018
amphibious,5.75,5.70,3.64,,2.78,22564
ample,5.89,3.28,2.50,,3.26,12485
amputate,2.10,5.43,3.90,4.21,2.95,18731
amputation,1.84,4.86,3.76,,2.94,18951
amuck,4.00,4.41,1.68,,2.72,24116
amulet,5.75,3.95,4.00,,3.37,10883
amuse,7.10,5.17,2.57,5.88,3.42,10135
amused,7.05,4.27,1.96,,3.40,10367
amusement,7.00,4.82,2.07,5.79,3.58,8210
amusing,7.60,5.18,2.14,6.12,3.96,4632
anaconda,4.43,6.00,4.93,,2.69,24968
anagram,4.37,3.86,3.63,,2.72,24116
anal,4.00,4.29,3.30,,3.43,9916
analogy,5.24,3.95,1.61,,3.06,16177
analysis,5.25,3.74,2.56,,4.04,4087
analyst,5.00,3.24,4.23,4.34,3.54,8593
analytical,6.00,4.13,1.86,,2.78,22564
analyze,5.65,4.10,2.30,,3.51,8927
analyzer,4.62,3.48,2.56,,2.72,24116
anaphylactic,4.00,5.57,3.00,,2.74,23718
anarchist,2.76,4.16,2.83,,2.77,22917
anarchy,3.68,4.86,2.12,,3.31,11792
anatomy,6.29,4.43,3.59,,3.51,8991
ancestor,6.37,3.73,3.24,,3.23,13008
ancestral,6.60,3.60,1.96,,2.77,22917
ancestry,6.29,3.71,2.83,,2.69,24968
anchor,5.16,3.32,4.77,5.24,3.87,5326
anchorage,5.09,3.82,3.48,,2.86,20727
ancient,7.24,3.48,2.04,5.07,4.34,2492
android,5.62,3.50,4.22,,2.95,18526
anecdote,5.62,4.65,2.64,4.34,3.04,16682
anemia,3.05,4.09,3.25,,2.85,21003
anemic,3.45,3.45,2.74,,2.81,21885
anesthesia,4.84,3.64,3.41,,3.30,11908
anesthesiologist,4.95,3.56,4.27,,2.74,23718
anesthetic,5.48,3.23,3.93,,3.13,14853
aneurysm,2.50,5.38,3.79,,3.30,11908
angel,7.71,4.24,3.82,5.78,4.89,932
angelic,6.68,4.27,2.22,,2.77,22917
anger,2.50,5.93,2.41,6.24,4.29,2700
angina,2.85,4.72,,,2.96,18305
angiogram,4.19,3.61,,,2.61,27018
angle,4.55,3.22,3.50,5.21,4.17,3285
angora,5.63,2.95,,,2.63,26447
angry,2.53,6.20,2.53,6.52,4.77,1169
angst,3.50,5.76,1.96,,2.97,18107
anguish,3.14,5.41,2.38,3.73,3.34,11315
anguished,2.78,4.79,2.28,,2.44,31877
animal,7.06,4.30,4.61,6.33,4.66,1415
animated,6.65,5.77,2.96,,3.08,15770
animation,6.42,5.52,3.41,,3.09,15637
animosity,3.40,5.83,2.11,3.61,2.80,22203
ankle,5.40,3.11,4.81,6.35,3.90,5049
anklet,4.75,3.57,4.75,,2.63,26447
annals,4.80,2.60,,,2.82,21557
annex,4.41,4.00,4.00,,2.94,18951
annihilate,3.15,6.44,2.75,,2.86,20727
annihilation,2.58,5.52,2.69,,2.92,19434
anniversary,6.95,4.00,3.15,,4.26,2828
announce,5.52,3.65,3.31,,3.99,4455
announcement,5.81,4.30,2.79,,4.01,4290
announcer,5.84,4.50,4.52,,4.05,4036
annoy,2.49,5.04,1.93,5.91,3.40,10367
annoyance,2.95,4.10,2.14,5.79,2.71,24525
annoyed,2.80,5.29,2.89,,3.54,8638
annoying,3.00,5.55,2.31,6.42,4.05,4066
annual,5.19,3.70,1.78,,3.86,5435
annul,3.83,4.23,2.28,,2.72,24116
annulment,4.05,4.14,2.25,,3.18,14005
anointed,4.79,3.32,2.71,,2.88,20159
anomaly,4.84,4.25,1.79,,3.10,15529
anonymity,4.81,3.29,1.88,,2.96,18305
anonymous,5.75,4.13,2.03,,3.93,4899
anorexic,2.71,4.24,2.85,,2.77,22917
answer,6.10,4.00,2.89,6.34,5.25,527
ant,3.90,3.27,4.86,5.55,3.73,6578
antagonistic,4.32,4.11,2.07,,2.65,25937
antagonize,3.15,4.95,2.43,,2.74,23718
antelope,5.68,4.46,5.00,4.06,3.00,17531
antenna,5.43,3.15,4.75,,3.38,10678
anterior,4.89,3.36,3.50,,2.98,17898
anthem,5.95,4.48,3.36,5.13,3.28,12244
anthill,4.32,4.63,4.89,,2.77,22917
anthrax,2.32,4.72,4.44,,3.12,15104
anthropological,5.53,3.82,2.29,,2.72,24116
anthropologist,5.70,3.27,4.00,,3.02,17010
anthropology,5.30,2.91,2.41,3.14,3.12,14978
anti,4.47,4.23,2.12,,2.72,24116
antiaircraft,4.85,4.60,3.48,,2.71,24525
antibiotic,5.88,4.05,4.43,,2.82,21557
antibiotics,5.05,4.05,4.45,,3.57,8328
antichrist,2.36,5.58,2.93,,2.99,17712
anticipate,6.00,5.70,1.54,,3.41,10321
anticipation,5.26,5.39,1.93,5.18,3.40,10424
antics,3.95,5.10,2.60,,3.00,17531
antidote,6.55,3.24,3.42,,3.64,7504
antigravity,5.74,5.10,2.37,,2.75,23331
antiquated,5.00,4.95,2.22,,2.75,23331
antique,6.50,4.00,3.75,,3.78,6069
antiques,6.63,3.68,4.22,,3.43,9962
antiseptic,4.57,3.15,3.85,,2.95,18731
antisocial,3.21,5.32,1.86,,2.92,19434
antsy,4.36,5.23,2.50,,2.81,21885
anus,2.90,4.39,4.86,4.64,3.05,16508
anvil,5.05,4.40,4.96,,2.81,21885
anxiety,2.38,4.78,2.21,5.59,3.83,5660
anxious,3.80,6.20,1.68,6.00,4.15,3407
anytime,5.81,4.60,1.57,,4.39,2282
aorta,4.35,3.64,4.61,,3.19,13804
aortic,4.25,3.50,,,2.69,24968
apache,5.20,3.70,3.88,,3.69,6935
apartment,5.72,3.80,4.90,,4.92,890
apartments,5.00,3.28,4.71,,3.63,7629
apathy,3.68,3.80,2.04,3.66,2.69,24968
ape,5.21,4.25,4.79,5.55,3.99,4493
apex,5.52,3.48,3.41,3.12,2.94,18951
aphrodisiac,6.43,5.96,3.19,,3.21,13394
apocalypse,3.24,5.04,2.21,,3.40,10484
apologetic,6.65,4.00,1.88,,2.65,25937
apologize,4.94,3.52,2.63,6.29,4.69,1326
apology,6.24,4.00,2.86,5.94,4.20,3167
apostle,5.50,4.38,3.22,,3.15,14512
apothecary,5.48,4.23,3.76,,2.61,27018
appalled,3.62,4.91,2.19,,3.07,16056
appalling,2.95,5.50,2.03,5.09,3.29,12042
apparatus,5.50,4.00,3.78,,3.18,13906
apparel,5.38,4.30,4.60,,2.85,21003
apparent,4.96,3.19,1.73,,3.63,7629
apparition,4.85,4.82,2.46,,2.89,19918
appeal,6.30,3.57,1.73,,4.11,3612
appear,5.25,3.24,3.13,5.67,4.37,2363
appearance,6.14,4.57,2.57,5.55,4.06,3953
appease,5.95,3.55,1.93,,2.71,24525
appendage,4.23,4.35,4.26,,2.63,26447
appendectomy,2.95,6.14,4.42,,2.82,21557
appendicitis,1.86,5.12,3.48,,2.98,17898
appendix,4.81,2.92,4.25,,3.42,10135
appetite,6.23,5.37,2.74,,3.95,4718
appetizer,7.29,4.52,4.71,,3.08,15770
appetizing,7.00,4.82,2.10,,2.81,21885
applaud,6.70,5.05,3.80,,3.33,11377
applause,7.12,5.38,4.29,6.03,4.05,4027
apple,6.62,3.52,5.00,6.72,4.37,2342
apple juice,7.30,3.20,4.86,,,
applejack,5.79,3.80,,,2.77,22917
applesauce,6.90,2.78,4.96,,2.78,22564
appliance,5.15,2.84,4.57,5.62,2.92,19434
applicant,4.91,3.96,4.00,,2.80,22203
application,5.05,4.52,3.40,,4.00,4375
apply,5.16,3.24,2.50,5.82,4.10,3720
appoint,5.95,4.25,2.24,4.64,3.31,11732
appointment,4.43,4.80,3.00,5.70,4.48,1909
appraisal,5.09,4.09,3.11,,2.89,19918
appreciate,7.33,3.10,2.23,6.28,4.93,862
appreciation,7.30,4.68,1.63,,3.71,6772
appreciative,7.14,4.35,1.93,,2.92,19434
apprehend,4.14,5.13,2.82,,3.16,14304
apprehension,4.15,4.23,1.68,,2.89,19918
apprehensive,3.32,4.77,1.97,,2.75,23331
apprentice,5.95,3.59,3.67,,3.29,12042
approach,5.45,4.48,2.74,,4.32,2560
appropriate,6.10,4.04,2.00,,4.11,3634
approval,6.75,3.52,2.33,5.94,3.92,4905
approve,7.00,4.09,1.85,5.72,4.06,3999
approximate,5.26,3.82,2.03,,3.10,15382
apricot,5.95,4.29,4.97,5.68,2.81,21885
apron,5.80,2.90,4.87,4.62,3.43,10007
apt,5.64,4.05,1.78,,3.25,12772
aptitude,5.95,4.55,1.54,4.03,3.04,16682
aqua,6.50,3.60,3.66,,3.14,14627
aquamarine,6.40,3.90,4.43,,2.67,25460
aquarium,6.43,4.30,4.77,,3.44,9781
aquatic,6.80,3.58,3.44,,2.75,23331
arbitrary,4.15,4.55,1.62,,3.02,17194
arbitration,4.09,4.41,2.00,,2.67,25460
arcade,6.45,6.10,4.74,,3.34,11241
arcane,5.25,3.61,,,2.63,26447
arch,5.80,3.15,4.59,4.30,3.57,8301
archaeological,6.05,4.52,2.67,,2.98,17898
archaeologist,5.42,4.14,4.45,,3.06,16358
archaeology,6.10,3.86,3.08,4.49,2.89,19918
archaic,4.50,4.38,2.23,,2.85,21003
archangel,7.27,4.19,2.93,,2.65,25937
archbishop,4.71,3.78,4.14,,3.57,8301
archdiocese,3.95,3.41,,,2.84,21286
archduke,4.15,3.56,3.93,,2.96,18305
archery,5.25,4.39,3.93,4.34,2.90,19680
architect,6.21,3.25,3.74,5.34,3.82,5778
architectural,6.32,4.05,3.14,,3.11,15245
architecture,6.05,4.39,3.59,,3.50,9025
archive,4.81,4.18,3.58,4.40,3.12,14978
arctic,4.45,3.88,3.00,,3.30,11968
ardent,4.95,4.62,1.64,,2.78,22564
area,5.56,2.19,3.72,,4.87,961
arena,5.75,4.23,4.83,,3.56,8366
argue,3.15,6.67,2.75,6.16,4.30,2675
argument,2.62,5.22,2.85,6.42,4.23,2983
argumentative,3.20,5.61,2.36,,2.88,20159
arise,6.17,4.76,3.17,4.26,3.47,9402
aristocracy,5.21,4.15,2.97,3.94,2.81,21885
aristocrat,4.28,3.60,3.76,,3.14,14727
aristocratic,5.79,3.18,2.42,3.91,2.87,20435
arithmetic,4.95,4.00,2.74,,3.19,13804
ark,6.15,3.52,4.67,,3.59,8000
arm,5.44,3.44,4.96,6.55,4.82,1078
armada,4.60,3.29,4.04,,3.04,16682
armament,5.05,4.65,,,2.71,24525
armchair,5.67,2.75,5.00,,2.63,26447
armed,4.11,6.30,3.60,4.75,4.36,2404
armor,6.10,3.29,4.76,,3.86,5382
armored,5.67,3.52,3.59,,3.51,8887
armory,5.25,4.48,4.36,,3.27,12325
armpit,4.10,3.57,4.80,,3.10,15382
army,4.65,4.49,4.70,5.42,4.93,863
aroma,7.65,4.35,3.67,4.71,3.14,14727
arouse,6.67,6.21,2.85,5.04,3.09,15637
aroused,5.95,7.30,,5.76,3.35,11139
arraignment,3.91,4.60,2.58,,3.15,14512
arrange,5.15,3.57,2.79,,4.19,3210
arrangement,5.71,3.00,2.30,,3.98,4561
array,5.90,3.71,2.54,4.18,3.33,11461
arrest,2.33,6.86,3.93,5.58,4.77,1154
arrhythmia,3.86,4.95,2.96,,2.69,24968
arrival,6.67,3.60,3.07,,3.92,4942
arrive,6.41,5.00,3.22,6.06,4.27,2787
arrogance,2.55,4.65,1.74,,3.45,9660
arrogant,2.52,5.15,2.07,6.00,3.72,6687
arrow,5.24,3.91,4.97,5.23,3.89,5131
arsenal,4.45,5.48,3.86,,3.30,11850
arsenic,3.00,4.70,4.29,,3.10,15529
arson,2.26,5.41,3.66,4.29,3.48,9337
arsonist,2.50,6.95,3.96,,3.02,17194
art,6.85,4.48,4.17,6.36,4.85,1002
arterial,3.95,3.39,,,3.13,14853
artery,4.29,4.09,4.48,,3.73,6614
arthritis,2.32,4.27,3.50,,3.29,12042
artichoke,5.30,3.50,4.63,,2.75,23331
article,5.68,3.50,4.33,,4.29,2689
articulate,6.55,4.27,2.20,,3.23,13116
artifact,6.20,4.95,4.50,,3.05,16508
artificial,3.86,4.17,2.93,,3.68,7039
artillery,4.10,4.56,4.31,,3.74,6478
artist,6.76,4.10,4.24,5.88,4.46,1999
artiste,6.33,3.00,,,2.78,22564
artistic,7.00,5.00,2.14,,3.69,6935
artistry,6.91,4.71,2.00,,2.69,24968
artwork,6.76,4.18,4.42,,3.19,13804
arty,6.55,5.53,,,3.04,16682
asbestos,2.24,4.38,4.52,,3.12,15104
ascend,6.19,4.13,2.66,5.03,2.97,18107
ascendant,5.29,3.23,2.24,,2.84,21286
ascending,5.14,3.73,2.66,,2.85,21003
ascension,5.77,5.36,2.37,,2.95,18731
ascertain,5.30,3.17,2.11,,2.99,17712
ashamed,2.52,5.65,1.74,5.53,4.44,2072
ashtray,3.52,3.48,4.97,,3.51,8887
asinine,5.05,4.63,1.67,,2.99,17712
ask,5.95,3.48,2.52,,5.68,240
asleep,6.50,2.00,3.71,,4.70,1320
asparagus,5.43,2.73,4.96,,3.00,17531
aspect,4.89,3.39,1.82,4.91,3.59,8061
aspen,6.57,4.11,4.59,,3.28,12244
asphalt,4.46,3.20,4.83,,2.99,17712
asphyxia,2.19,6.14,3.52,,2.63,26447
asphyxiation,1.53,6.91,3.63,,2.86,20727
aspiration,6.26,5.00,1.81,,2.77,22917
aspire,6.43,3.68,1.53,,3.04,16682
aspirin,5.30,3.35,4.76,6.00,3.89,5174
aspiring,6.89,4.41,1.87,,2.81,21885
ass,5.45,5.43,4.67,5.40,5.35,436
assailant,3.24,5.70,3.96,,3.17,14097
assassin,2.11,5.82,4.43,4.88,3.77,6146
assassinate,3.27,6.38,3.00,4.55,3.28,12244
assassination,1.83,6.20,3.80,,3.74,6462
assault,2.05,6.80,3.41,5.34,4.24,2916
assemble,5.14,3.52,3.67,,3.51,8991
assembly,5.47,3.95,3.79,,3.68,7049
assemblyman,5.00,3.12,3.74,,2.87,20435
assert,5.68,4.64,2.03,,2.94,18951
assertive,5.37,5.55,2.07,,2.67,25460
assess,5.84,3.45,2.26,,3.22,13293
assessment,5.22,2.75,2.11,,3.49,9160
asset,7.25,4.43,2.92,,3.58,8162
asshole,2.11,6.38,4.08,5.74,4.79,1127
assign,4.75,3.71,2.86,,3.43,9916
assignment,5.39,4.45,3.86,,4.25,2889
assimilate,4.63,4.15,2.17,,2.72,24116
assist,5.95,3.76,2.52,5.46,3.89,5131
assistance,5.82,3.82,2.25,,4.04,4109
assistant,5.91,4.80,4.07,5.97,4.51,1841
associate,5.20,3.11,3.41,,3.95,4702
association,5.50,3.67,2.30,,3.91,5006
assorted,5.82,3.52,3.15,,2.99,17712
assortment,5.64,3.88,2.50,,2.87,20435
assume,4.41,4.20,1.75,,4.52,1771
assumption,4.30,4.14,1.84,,3.52,8775
assurance,5.95,2.81,1.76,,3.31,11732
assure,6.33,3.10,2.43,,4.30,2642
asterisk,5.38,2.78,4.00,,2.67,25460
asteroid,4.95,5.60,4.86,4.62,3.23,13008
asthma,2.45,4.50,3.71,5.18,3.59,8061
asthmatic,3.33,3.38,2.96,,2.61,27018
astonish,5.55,5.38,1.70,5.09,2.67,25460
astonished,6.42,5.73,2.15,5.76,2.98,17898
astonishing,6.53,5.77,1.68,,3.24,12929
astound,6.30,5.05,1.93,,2.65,25937
astral,5.32,5.13,2.26,,2.99,17712
astrology,4.79,4.18,2.48,,2.97,18107
astronaut,6.73,4.40,4.75,5.00,3.60,7931
astronomer,5.59,5.42,4.27,3.86,2.86,20727
astronomical,6.37,5.00,2.92,,2.87,20435
astronomy,6.00,4.33,3.03,4.59,3.12,14978
astute,6.22,3.16,1.85,,3.01,17381
asylum,3.24,5.55,4.41,,3.66,7242
atheist,4.64,4.76,2.93,,3.04,16682
athlete,6.21,4.75,4.30,,3.66,7223
athletic,6.76,5.00,2.69,5.61,3.59,8061
athletics,6.14,4.93,3.65,5.55,2.81,21885
atlas,5.95,2.50,4.79,,3.02,17194
atmosphere,6.05,4.00,3.04,6.30,3.99,4493
atmospheric,5.72,4.09,2.90,,2.97,18107
atoll,5.14,3.55,,,2.74,23718
atom,5.74,4.29,3.34,4.59,3.44,9821
atomic,4.26,5.85,2.93,4.59,3.69,6979
atone,5.60,4.00,1.88,,2.94,18951
atrium,5.95,3.57,4.72,,2.86,20727
atrocious,3.14,4.12,1.69,4.18,2.85,21003
atrocity,2.95,5.00,2.15,3.79,2.81,21885
atrophy,3.16,3.86,2.86,,2.63,26447
attach,5.26,3.81,3.33,,3.40,10484
attachment,6.00,2.96,3.04,,3.07,16056
attack,2.00,7.05,3.71,5.67,4.88,955
attacker,2.23,7.27,4.04,5.03,3.16,14304
attain,5.85,3.11,2.18,,2.97,18107
attempt,6.00,4.94,2.22,5.76,4.28,2733
attempted,5.35,3.64,2.00,,3.89,5197
attend,5.40,3.50,3.17,,4.15,3421
attendance,5.95,4.24,3.07,,3.43,10048
attendant,5.63,3.14,4.44,5.06,3.49,9160
attention,6.68,4.05,2.30,6.15,4.99,768
attentive,6.43,4.37,1.78,,3.12,15104
attest,5.10,3.68,1.89,,2.65,25937
attic,4.95,3.45,4.53,4.89,3.89,5131
attire,6.16,3.95,4.47,,3.18,14005
attitude,4.72,4.76,1.97,5.81,4.42,2161
attorney,3.67,4.80,4.52,,4.61,1548
attract,6.38,5.35,2.73,6.06,3.76,6323
attraction,7.00,5.40,2.24,6.38,3.83,5638
attractive,7.19,4.91,2.64,6.16,4.39,2273
attribute,5.67,4.12,2.33,4.51,2.95,18526
auburn,5.89,3.62,3.72,,2.77,22917
auction,5.43,4.50,3.93,5.42,3.95,4736
auctioneer,5.09,4.00,4.55,3.48,2.69,24968
audacious,5.11,4.28,1.63,,2.72,24116
audacity,5.20,4.10,1.62,,2.98,17898
audible,6.05,4.45,3.23,,2.86,20727
audience,5.89,4.91,4.29,6.12,4.40,2222
audio,6.56,4.29,3.50,,3.75,6408
audit,2.82,5.78,3.15,,3.06,16358
audition,5.20,4.24,3.66,,4.14,3464
auditor,3.26,3.70,3.38,,2.69,24968
auditorium,6.05,4.45,4.70,5.24,3.20,13601
auditory,5.05,4.50,3.07,,2.74,23718
aunt,6.56,2.71,4.17,5.73,4.74,1216
auntie,6.24,3.58,4.48,,3.90,5121
aura,6.45,4.70,2.67,,3.26,12485
auspicious,4.76,3.39,1.96,,2.72,24116
authentic,6.91,4.55,2.31,5.41,3.66,7327
authenticate,5.10,4.36,2.28,,2.80,22203
authenticity,6.81,4.42,1.74,,3.07,16056
author,6.33,2.73,4.26,5.94,3.90,5089
authority,4.76,5.35,2.34,,4.33,2538
authorization,5.86,4.32,2.45,,3.56,8390
authorize,5.37,4.67,2.22,,3.32,11666
autism,3.20,4.10,2.69,,2.86,20727
autistic,3.62,4.24,2.89,,3.06,16177
auto,5.00,4.95,4.00,,3.89,5200
autobiographical,4.82,3.74,2.77,,2.65,25937
autobiography,5.79,2.85,3.74,,2.92,19434
autograph,6.21,3.55,4.23,,3.91,4994
autographed,6.14,4.65,3.83,,3.08,15898
automated,4.74,4.05,2.75,,3.16,14304
automatic,6.05,3.70,2.82,,3.84,5545
automobile,5.45,3.91,4.96,,3.76,6303
automotive,5.37,4.50,4.19,,2.82,21557
autonomy,5.05,4.09,2.04,,2.74,23718
autopilot,5.65,4.11,3.08,,3.01,17381
autopsy,2.62,4.36,4.29,4.36,3.98,4513
autumn,7.12,3.21,3.27,6.31,3.58,8162
auxiliary,5.26,3.61,2.64,,3.33,11377
avail,5.42,3.77,1.33,,2.94,18951
availability,5.68,4.38,2.32,,2.78,22564
available,6.86,4.04,2.11,,4.41,2175
avalanche,4.00,6.55,4.32,4.17,3.53,8698
avenge,4.05,6.35,2.07,3.31,3.48,9293
avenging,4.89,6.10,2.07,,2.67,25460
avenue,5.74,3.30,4.00,4.92,4.23,2996
average,4.89,3.29,2.40,,4.22,3028
aversion,4.00,5.14,1.85,,3.13,14853
avert,5.16,3.62,2.41,,2.78,22564
aviation,5.90,4.05,3.39,,3.16,14304
aviator,6.39,4.67,4.57,,2.75,23331
avid,5.74,4.32,1.72,,2.71,24525
avocado,6.32,4.05,4.89,,3.09,15637
avoid,4.10,3.92,2.41,,4.39,2293
avoidance,3.35,4.95,1.86,,2.72,24116
await,5.33,2.91,1.54,,3.55,8467
awake,6.76,5.50,3.32,,4.43,2110
awaken,6.05,4.29,3.45,,3.39,10540
awakening,6.41,4.67,3.07,,3.10,15529
award,7.86,5.85,4.14,5.91,4.11,3634
aware,6.86,4.70,2.00,5.70,4.55,1691
awareness,6.45,3.73,1.84,,3.36,11038
awe,6.85,3.83,1.89,5.38,3.42,10088
awed,6.05,4.21,1.78,,2.14,41017
awesome,7.86,6.05,1.83,6.31,4.50,1878
awful,2.28,4.86,1.92,5.88,4.80,1100
awkward,2.95,4.55,2.00,5.97,4.16,3370
awkwardness,3.86,4.65,2.34,,2.81,21885
awning,5.79,2.90,4.61,,2.69,24968
axe,3.48,5.64,5.00,4.58,3.69,6979
axis,4.19,3.92,3.57,,3.21,13489
axle,4.67,2.45,4.50,3.71,3.10,15529
babble,4.55,4.00,3.31,,2.95,18731
babe,6.86,4.25,3.67,,4.55,1694
baboon,5.55,5.11,4.92,4.39,3.24,12929
baby,6.67,4.97,5.00,5.93,5.71,222
babysit,4.74,3.67,3.45,,3.31,11732
babysitter,6.55,3.48,4.57,,3.67,7212
bacardi,5.68,4.36,,,,
bachelor,5.58,4.14,4.32,,4.00,4410
bachelorette,5.52,4.09,3.90,,3.21,13394
back,4.76,2.59,4.33,,6.30,78
backboard,4.70,3.41,4.93,,2.69,24968
backbone,5.16,4.05,4.19,,3.22,13228
backdoor,4.86,3.85,4.50,,2.78,22564
backdrop,5.45,2.70,4.48,,2.69,24968
backer,4.73,3.53,2.80,,3.03,16856
backfire,3.00,4.79,2.86,,2.95,18731
backgammon,5.60,2.06,4.47,,2.87,20435
background,5.05,3.67,3.26,5.55,4.25,2912
backhand,3.50,4.61,3.88,,2.87,20435
backpack,6.05,3.68,4.96,,3.56,8348
backroom,4.60,3.50,4.50,,2.72,24116
backseat,4.84,3.32,4.61,,3.36,10934
backside,4.58,3.68,4.07,,3.23,13116
backtrack,4.26,3.15,2.59,,2.88,20159
backup,5.85,3.45,3.20,,4.23,2994
backwater,4.33,3.84,3.04,,2.80,22203
backwoods,5.00,2.57,3.22,,2.74,23718
backyard,6.10,3.88,4.57,,3.86,5418
bacon,7.52,4.16,4.90,6.27,4.07,3878
bacteria,3.30,4.24,4.14,5.41,3.48,9255
bacterial,3.68,5.00,3.54,,2.87,20435
bad,3.24,4.86,1.68,6.47,5.74,211
badass,6.14,6.68,2.50,,3.17,14097
badge,5.24,4.40,4.93,5.58,4.18,3244
badger,4.63,4.35,4.37,5.29,3.25,12772
badness,3.55,4.38,2.26,,2.77,22917
bag,5.05,3.43,4.90,6.55,4.97,802
bagel,6.32,3.60,5.00,,3.49,9225
baggage,4.50,4.00,4.43,5.27,3.80,5963
baggie,5.43,3.55,4.59,,2.63,26447
baggy,4.45,4.05,3.61,,2.98,17898
bagman,4.70,2.70,,,2.77,22917
bail,3.79,3.91,3.86,4.40,4.24,2945
bailiff,3.95,4.33,4.50,,3.34,11315
bait,4.00,3.50,4.45,3.72,3.99,4472
bake,7.20,5.00,4.21,5.97,3.80,5907
bakery,6.79,3.86,4.83,,3.55,8526
balance,6.84,4.13,2.89,,4.18,3281
balcony,6.11,4.00,4.68,,3.86,5372
bald,2.85,3.71,4.69,5.82,3.99,4472
balding,3.05,3.38,3.93,,2.75,23331
baldy,3.95,2.70,,,3.05,16508
bale,4.90,2.78,4.30,,3.31,11732
ball,6.14,3.48,5.00,6.50,5.02,725
ballad,6.33,3.60,3.88,,3.16,14406
ballast,4.67,4.06,3.14,,3.08,15898
ballerina,6.79,3.73,4.61,,3.37,10883
ballet,6.86,3.72,4.04,,4.01,4305
ballgame,7.00,4.65,4.39,,3.02,17194
ballistic,5.00,4.09,2.61,,3.07,16056
ballistics,4.05,5.58,3.12,,3.37,10772
balloon,6.84,3.90,4.92,5.79,3.94,4807
ballot,5.29,4.15,4.73,,3.14,14727
ballpark,5.44,3.85,4.43,,3.25,12772
ballplayer,5.26,4.09,4.68,,2.81,21885
ballpoint,5.10,2.46,4.41,,2.61,27018
ballroom,5.75,4.27,4.70,4.91,3.64,7523
ballsy,4.90,5.29,2.04,,2.61,27018
balm,6.24,3.36,3.68,,2.78,22564
balmy,5.23,4.23,2.80,,2.77,22917
bam,5.05,3.96,,,3.85,5496
bamboo,6.33,3.20,4.86,5.16,3.20,13601
ban,3.38,5.20,2.37,5.52,3.50,9099
banana,6.71,3.21,5.00,6.39,4.03,4171
band,6.44,4.52,4.68,6.16,4.73,1245
bandage,3.63,3.64,4.85,5.50,3.46,9588
bandanna,5.26,3.15,5.00,,2.63,26447
bandit,3.88,5.18,4.36,3.75,3.58,8210
bandstand,5.81,3.54,4.19,,2.92,19434
bandwagon,3.95,3.95,3.29,,2.69,24968
bandwidth,5.32,3.43,3.19,,2.71,24525
bane,3.90,3.95,,,3.27,12417
bang,5.10,6.09,3.77,5.58,4.30,2646
banger,4.05,3.33,3.24,,2.85,21003
banish,3.85,4.71,2.41,,3.14,14727
banister,5.42,2.55,4.75,,3.12,14978
banjo,6.35,3.53,4.90,4.59,3.22,13293
bank,6.00,4.19,4.78,6.25,4.93,874
banker,4.89,3.38,4.43,5.39,3.68,7083
banking,5.47,4.24,3.55,,3.48,9366
bankroll,6.05,4.95,3.75,,3.05,16508
bankrupt,2.21,5.49,3.24,5.50,3.45,9706
bankruptcy,2.52,5.39,2.68,,3.38,10715
banner,5.17,3.55,4.80,4.61,3.77,6146
banquet,6.11,4.57,4.00,,3.71,6724
banshee,3.58,5.09,3.12,,3.06,16358
banter,5.48,3.50,2.85,,3.14,14627
banzai,5.65,4.73,,,3.19,13696
baptism,6.62,3.96,3.41,,3.08,15770
baptize,5.59,3.32,3.83,,2.87,20435
bar,5.00,4.53,4.67,6.50,4.93,859
barbarian,3.14,6.26,3.52,,3.26,12560
barbaric,3.43,5.60,2.50,,3.16,14406
barbecue,7.10,5.55,4.52,,3.95,4718
barbed,3.75,5.10,3.81,,3.12,14978
barber,4.89,3.18,4.59,,3.74,6495
barbershop,5.37,3.18,4.85,,3.33,11461
barbie doll,5.23,3.96,,,,
bard,4.45,2.94,,,2.92,19434
bare,5.50,4.65,3.21,5.21,3.92,4923
barefoot,6.91,4.33,4.62,,3.38,10715
barf,2.32,5.00,4.61,,3.30,11968
bargain,7.63,5.48,2.59,,4.08,3845
bargaining,5.37,4.14,2.76,,3.32,11598
barge,5.44,3.15,4.66,3.45,3.59,8031
baritone,6.05,4.00,3.67,,2.63,26447
barium,4.90,2.91,,,2.67,25460
bark,4.86,3.40,4.52,5.47,3.74,6478
barkeep,5.70,3.71,4.22,,3.00,17531
barley,4.95,3.62,4.59,4.06,2.96,18305
barmaid,4.85,4.60,4.17,,2.85,21003
barman,5.28,4.95,4.46,,2.75,23331
barn,6.16,3.57,4.79,5.36,4.13,3504
barnacle,5.27,3.52,4.92,3.84,2.81,21885
barnyard,5.65,2.55,4.79,,2.95,18526
barometer,5.00,2.88,4.57,,2.86,20727
baron,3.90,3.88,4.14,,4.13,3519
baroness,4.75,4.36,3.92,,3.42,10088
barracuda,4.85,5.16,5.00,,2.85,21003
barrage,4.24,3.96,,3.10,3.02,17010
barrel,4.92,3.43,4.86,5.03,4.03,4191
barren,3.79,3.59,3.20,,3.17,14097
barricade,4.32,4.23,4.57,,3.17,14097
barrier,4.47,4.70,4.41,5.40,3.53,8698
barrister,4.95,3.18,,,2.92,19434
barroom,4.90,4.65,,,2.75,23331
bartender,5.63,4.95,4.82,,3.99,4455
barter,5.64,4.74,2.96,,2.96,18305
base,5.68,3.10,3.86,,4.55,1701
baseball,5.79,3.15,4.86,,4.40,2233
baseball bat,5.75,3.39,5.00,,,
baseline,5.40,2.52,2.86,,2.88,20159
baseman,5.19,3.95,4.11,,2.78,22564
basement,4.81,3.33,4.89,5.30,4.32,2552
bash,3.68,5.14,3.52,,3.52,8847
bashful,5.55,4.36,2.19,,3.10,15529
basic,5.50,2.95,2.26,,4.19,3199
basics,5.86,3.14,2.27,,3.35,11092
basil,6.43,3.82,4.76,,3.14,14727
basin,5.47,2.77,4.63,,3.28,12244
basis,5.42,2.68,1.83,,4.08,3862
bask,6.37,3.86,3.03,,2.77,22917
basket,5.66,2.48,5.00,6.00,4.12,3575
basketball,5.67,4.35,4.97,5.94,4.33,2519
bass,5.23,4.87,4.31,4.82,3.88,5250
bass guitar,6.27,4.88,4.83,,,
bastard,3.31,5.10,3.14,5.33,4.82,1074
bat,4.81,4.57,5.00,4.89,4.31,2594
batch,5.57,3.29,3.80,,3.62,7698
bath,7.00,3.25,4.85,6.44,4.49,1892
bathe,7.50,3.15,4.19,,3.40,10367
bathhouse,5.32,4.00,4.69,,2.72,24116
bathing,6.14,3.23,4.07,,3.87,5308
bathrobe,6.48,4.05,5.00,,3.23,13116
bathroom,5.26,2.86,4.52,6.50,4.79,1126
bathtub,6.26,3.63,4.92,,3.79,6045
baton,4.63,3.64,4.64,,3.46,9629
battalion,5.14,4.76,3.75,,3.77,6207
batter,5.24,3.85,4.41,,3.60,7905
battered,2.95,3.86,3.04,5.77,3.06,16358
battering,2.75,4.67,2.82,,2.75,23331
battery,4.26,3.95,4.67,5.82,4.09,3745
battle,3.52,6.25,4.00,4.90,4.63,1500
battlefield,3.89,6.48,4.54,,3.51,8927
battleground,4.09,5.76,4.04,,2.69,24968
battlements,3.70,4.52,,,2.61,27018
battleship,4.43,3.41,4.81,,3.24,12929
batty,4.44,4.05,2.00,,2.85,21003
bauble,5.71,3.83,3.23,,2.65,25937
bawl,3.58,4.86,3.52,,2.75,23331
bay,7.23,3.26,4.81,,4.38,2298
bayonet,4.68,4.45,4.77,3.55,3.20,13601
bayou,6.20,3.81,4.54,,3.13,14853
bazaar,6.42,5.90,3.63,,3.06,16177
bazooka,5.37,6.10,4.66,3.15,2.96,18305
be,6.18,3.43,1.85,,6.76,29
beach,7.21,5.10,4.79,6.15,4.75,1194
beacon,5.18,4.52,4.38,,3.59,8061
bead,6.05,3.40,4.90,4.88,3.06,16358
beady,4.58,3.73,3.46,,2.86,20727
beak,4.90,2.81,4.96,4.84,3.33,11528
beaker,5.50,3.79,4.72,4.47,2.65,25937
beam,5.74,3.59,3.96,,3.94,4789
bean,6.00,2.95,5.00,5.77,3.84,5627
beanbag,5.88,3.00,4.96,,2.72,24116
beanie,5.58,3.58,4.74,,3.19,13804
bear,5.33,4.50,4.88,5.61,4.76,1186
bearable,5.72,3.57,2.25,,2.84,21286
beard,5.09,3.18,4.96,6.24,4.10,3701
bearded,5.67,5.53,4.62,,3.11,15245
bearer,4.95,4.70,3.58,,3.26,12560
bearings,5.43,3.29,3.00,,3.23,13116
bearskin,4.25,3.95,4.73,,2.63,26447
beast,4.42,5.83,4.63,5.05,4.39,2276
beastly,4.19,6.22,2.26,,2.84,21286
beat,4.38,5.52,3.97,5.52,5.12,630
beater,3.06,4.22,3.62,,2.86,20727
beatnik,3.89,4.21,,,2.81,21885
beautiful,7.61,5.71,2.16,6.52,5.45,367
beauty,7.58,4.89,2.93,5.87,4.68,1350
beaver,5.00,4.05,4.68,4.04,3.68,7039
bebop,6.26,3.95,2.54,,2.63,26447
become,6.32,3.43,1.54,6.33,5.06,684
bed,7.16,3.00,5.00,6.59,5.27,507
bedding,5.05,3.65,4.61,,2.88,20159
bedpan,2.74,5.05,5.00,,2.98,17898
bedroom,7.00,4.90,4.90,,4.56,1651
bedside,5.89,2.96,3.92,,3.29,12112
bedspread,6.05,2.70,4.85,,2.67,25460
bedtime,6.57,3.76,2.90,,3.79,5986
bee,3.68,5.65,4.88,6.19,4.02,4272
beef,6.11,4.37,4.74,6.47,4.29,2680
beefsteak,5.53,4.05,4.76,,2.87,20435
beehive,4.26,5.39,4.93,5.24,2.95,18731
beep,5.11,3.82,4.00,,3.81,5807
beeper,4.90,3.16,4.77,,3.45,9660
beer,5.67,4.30,4.88,6.62,4.88,956
bees,5.14,5.53,4.72,,3.73,6595
beeswax,5.15,3.62,4.88,,2.67,25460
beetle,4.20,4.45,4.83,5.12,3.32,11666
befall,3.91,4.24,1.72,3.16,2.78,22564
befriend,7.14,4.25,2.36,,2.65,25937
beg,3.72,4.65,2.96,5.71,4.71,1298
beggar,2.92,4.29,4.59,4.93,3.40,10484
begin,6.44,2.85,2.56,5.97,4.76,1191
beginner,5.15,3.50,2.73,,3.29,12042
beginning,6.39,3.00,2.50,6.21,4.80,1105
begrudge,3.95,4.47,1.89,,2.69,24968
behave,6.25,3.72,1.78,6.44,4.21,3086
behavior,5.28,4.27,2.19,,4.35,2436
behavioral,5.10,4.10,1.48,,3.19,13696
behold,6.48,3.88,1.67,,3.77,6134
beholden,5.05,3.24,1.69,,2.80,22203
beige,5.26,2.60,3.41,5.52,3.14,14727
belated,4.21,3.19,1.89,,2.65,25937
belay,5.50,3.43,,,2.82,21557
belch,4.18,4.77,4.14,,2.87,20435
belief,6.14,3.95,1.19,5.91,3.88,5227
believable,6.89,4.05,1.46,,3.16,14406
believe,7.05,3.33,1.55,6.12,5.80,193
believer,5.64,4.10,2.73,,3.53,8672
belittle,2.70,4.05,2.10,,2.87,20435
bell,5.67,4.70,4.96,5.97,4.59,1568
bellboy,4.95,3.13,4.39,,3.10,15529
bellhop,5.47,4.00,4.42,,2.84,21286
belligerent,3.11,5.00,2.29,,2.82,21557
bellman,5.35,3.25,4.89,,3.04,16682
bellow,4.63,4.75,3.42,,2.67,25460
belly,4.37,3.75,4.80,5.86,4.19,3199
bellybutton,5.73,4.95,5.00,,2.82,21557
bellyful,5.85,3.28,3.16,,2.78,22564
belong,6.50,2.90,1.43,5.89,4.65,1447
belongings,6.09,3.96,3.88,,3.48,9293
beloved,7.38,4.91,2.14,,4.11,3665
belt,4.44,3.45,4.90,6.18,4.39,2290
beluga,5.10,3.77,4.39,,2.75,23331
bench,5.50,3.46,4.87,5.85,3.99,4493
bend,5.75,4.40,3.88,5.51,4.18,3273
benefactor,6.00,2.95,3.36,,3.23,13008
beneficial,6.61,4.18,1.77,5.54,2.90,19680
beneficiary,6.19,4.45,3.00,,3.14,14727
benefit,6.87,3.53,2.25,5.62,4.16,3367
benevolence,6.29,4.35,1.63,,2.63,26447
benevolent,5.95,3.60,1.44,,2.87,20435
benign,5.86,3.26,1.89,,3.06,16177
benzene,4.53,3.95,4.20,,2.65,25937
bequeath,4.64,4.39,2.00,,2.94,18951
bereaved,3.65,5.23,2.00,,2.67,25460
bereavement,3.20,4.45,2.33,4.09,2.67,25460
beret,5.05,3.78,4.80,,2.98,17898
berserk,3.75,5.08,2.35,,3.14,14627
berth,4.52,2.71,,,2.90,19680
beryllium,5.60,3.87,,,2.71,24525
beseech,4.89,4.77,,,3.19,13696
bestow,6.50,3.80,2.07,,3.05,16508
bestseller,6.82,5.89,2.59,,2.85,21003
bet,4.95,4.76,3.10,,5.23,534
beta,5.55,3.60,2.84,,3.54,8638
betray,2.52,5.33,2.17,5.42,3.96,4652
betrayal,2.24,5.71,1.76,4.74,3.63,7610
beverage,7.17,3.38,4.60,6.21,3.37,10828
beware,3.30,5.24,2.00,5.81,3.76,6292
bewildered,4.32,4.57,1.80,,3.02,17194
bias,3.95,4.27,1.68,,3.21,13394
biased,4.21,5.52,1.52,,2.97,18107
bib,5.78,3.57,4.79,,2.71,24525
bible,5.74,3.65,4.61,,4.26,2838
biblical,6.52,3.73,1.97,,3.35,11092
bicarbonate,4.90,3.50,3.71,,2.87,20435
bicentennial,6.30,4.70,2.81,,2.65,25937
biceps,5.95,4.42,4.93,,2.98,17898
bicker,2.81,5.13,3.15,,2.71,24525
bicycle,6.71,3.95,4.89,6.33,3.82,5751
bid,5.16,4.00,2.71,4.73,4.10,3705
bidder,5.39,3.50,3.40,,3.24,12846
bidding,5.29,4.91,2.69,,3.66,7242
bide,4.50,3.61,1.73,,2.75,23331
big,5.64,4.33,3.66,,5.83,180
bigamy,3.15,4.36,2.64,,2.72,24116
biggie,5.32,3.76,2.41,,3.32,11666
bighorn,4.77,4.65,,,2.69,24968
bigmouth,3.71,5.30,3.13,,2.74,23718
bigot,2.75,5.37,3.11,4.52,2.80,22203
bigotry,2.24,6.15,2.38,,2.84,21286
bike,6.10,3.62,5.00,6.10,4.41,2178
biker,5.32,4.04,4.70,,3.19,13696
bikini,5.57,5.43,4.96,,3.57,8301
bilateral,5.23,2.86,2.70,,2.78,22564
bile,2.61,4.10,4.46,,2.90,19680
bilge,4.55,3.73,,,3.05,16508
bill,3.11,4.00,4.68,,5.07,675
billboard,4.25,4.00,4.83,,3.14,14727
billiard,6.10,4.00,4.55,,2.93,19207
billing,3.23,5.18,3.54,,3.30,11908
billion,6.80,5.44,3.79,5.55,4.05,4054
billionaire,6.00,6.75,3.22,,3.29,12112
bimbo,3.10,3.52,3.04,,3.33,11528
bin,4.95,3.04,4.72,,3.73,6563
binary,4.58,3.29,3.00,,2.88,20159
bind,4.82,4.53,3.40,,3.53,8747
binder,5.16,3.17,4.89,4.70,2.89,19918
binding,4.15,4.21,3.39,,3.34,11241
binge,3.53,5.18,3.10,,2.97,18107
bingo,5.62,5.00,4.00,,4.10,3711
binoculars,5.57,2.58,5.00,,3.20,13601
bio,5.20,3.14,2.57,,3.24,12846
biochemical,4.05,4.21,2.84,,2.88,20159
biochemist,5.37,4.19,3.81,,2.63,26447
biochemistry,5.48,3.67,3.40,,2.77,22917
biographer,5.53,3.05,4.41,,2.65,25937
biography,5.40,3.00,3.39,,3.17,14097
biological,6.57,3.52,3.11,,3.77,6180
biologist,5.85,3.27,3.96,,3.10,15382
biology,6.00,4.10,3.48,6.19,3.69,6960
bionic,5.42,5.18,2.54,,2.78,22564
biopsy,3.10,3.46,3.89,,3.19,13696
bipolar,3.26,5.00,2.64,,2.93,19207
birch,6.53,2.85,4.12,,3.19,13696
bird,6.75,3.83,5.00,6.71,4.66,1416
birdcage,5.20,4.23,4.64,,2.69,24968
birdie,6.47,3.43,3.79,,3.70,6895
birdman,5.00,4.15,,,2.95,18731
birth,6.52,5.75,4.46,5.59,4.44,2061
birthday,6.37,4.60,3.20,6.41,4.99,779
birthing,5.29,6.40,3.42,,2.75,23331
birthmark,4.60,3.00,4.35,,3.23,13116
birthplace,6.95,3.41,3.46,,2.92,19434
birthright,5.63,4.58,2.34,,2.96,18305
biscuit,6.45,2.91,4.90,6.47,3.58,8210
bisexual,4.74,4.50,2.65,,3.03,16856
bishop,4.53,3.77,4.21,4.23,4.22,3016
bisque,5.42,2.78,4.08,,2.61,27018
bistro,5.95,4.33,4.44,,2.96,18305
bit,5.05,3.86,3.27,6.19,5.37,426
bitch,2.55,5.95,3.72,5.77,5.23,542
bitchy,3.11,4.83,2.32,5.91,3.10,15382
bite,3.52,5.10,4.44,,4.61,1536
biter,3.59,5.27,3.88,,2.77,22917
bitsy,5.33,3.05,,,2.95,18526
bitter,3.63,4.64,2.93,4.94,4.05,4054
bitterness,3.15,5.10,2.36,,3.16,14406
bittersweet,5.09,4.21,2.73,,2.67,25460
bitty,5.16,3.60,,,3.26,12629
biz,4.70,4.42,2.38,,3.27,12325
bizarre,4.41,5.00,1.79,4.82,3.86,5382
blab,3.70,4.74,2.50,,2.77,22917
blabbermouth,2.90,4.48,3.35,,2.75,23331
black,5.40,3.58,3.76,6.75,5.22,544
black snake,2.60,5.76,,,,
blackberry,6.63,3.24,4.97,,2.88,20159
blackbird,5.62,3.50,5.00,,2.93,19207
blackboard,4.95,4.00,4.72,,3.08,15898
blacken,4.10,3.95,3.43,,2.61,27018
blackface,3.20,4.43,3.96,,2.67,25460
blackjack,5.00,5.05,3.93,,3.61,7787
blacklist,3.45,4.00,2.96,,2.69,24968
blackmail,2.59,5.44,2.78,5.06,3.89,5182
blackmailer,2.05,5.11,3.21,,3.03,16856
blackness,3.82,4.52,3.54,,2.95,18526
blackout,3.73,4.89,3.73,,3.65,7423
blacksmith,5.58,3.24,4.38,3.70,3.33,11528
bladder,4.58,3.78,4.48,,3.60,7931
blade,3.90,4.52,4.93,5.41,4.11,3612
blame,2.94,4.81,2.06,6.06,4.77,1171
blameless,5.45,3.74,1.67,,2.63,26447
bland,3.88,2.43,2.38,4.33,3.04,16682
blank,4.67,2.90,3.12,5.37,3.99,4478
blanket,7.05,2.23,5.00,,4.11,3618
blare,4.80,4.68,,,2.61,27018
blase,4.46,3.62,,,1.59,60385
blasphemous,3.18,4.62,1.52,,2.65,25937
blasphemy,2.95,5.65,2.22,3.47,3.17,14097
blast,4.45,4.50,3.90,,4.21,3100
blaster,4.89,5.00,3.67,,3.02,17194
blastoff,6.33,5.20,3.19,,2.81,21885
blatant,3.68,4.62,2.08,,3.06,16177
blaze,4.47,5.33,4.28,4.50,3.33,11528
blazer,5.50,4.22,4.79,,3.09,15637
bleach,4.62,5.30,4.74,,3.37,10883
bleak,3.96,3.18,2.54,4.51,3.04,16682
bleed,2.47,5.00,4.40,,4.00,4350
bleeder,3.29,5.90,3.50,,3.08,15898
bleep,5.00,4.85,3.10,,3.43,10007
blemish,3.10,4.81,4.07,,2.78,22564
blend,5.63,3.48,3.70,5.10,3.63,7574
blender,5.16,4.05,5.00,4.82,3.23,13116
bless,7.00,4.57,2.68,4.30,4.54,1718
blessed,7.50,3.55,2.10,5.18,4.14,3467
blessing,7.18,4.21,2.19,5.50,3.99,4478
bleu,4.84,3.67,,,2.85,21003
blight,3.14,4.24,2.81,,2.77,22917
blimp,5.14,3.59,4.76,3.52,3.02,17010
blind,2.80,3.73,4.03,5.42,4.66,1400
blindfold,4.55,3.65,4.57,,3.24,12846
blinding,3.37,5.24,3.17,,3.17,14097
blindness,2.55,4.78,3.73,,3.12,14978
blink,5.25,3.12,4.39,,3.71,6817
blip,4.52,4.40,3.19,,2.92,19434
bliss,7.62,4.13,1.37,5.12,3.50,9099
blissful,7.67,3.74,2.15,,2.74,23718
blister,2.87,4.70,4.71,5.56,2.98,17898
blistering,4.24,3.61,2.93,,2.69,24968
blitz,5.60,5.90,2.85,,3.10,15382
blizzard,4.36,6.53,4.68,,3.29,12042
bloat,3.40,3.78,3.04,,2.72,24116
bloated,2.80,3.00,3.36,,3.23,13008
blob,3.90,3.57,4.06,,3.08,15898
block,4.48,4.25,4.48,5.37,4.61,1541
blockade,3.45,3.40,4.25,,3.19,13804
blockage,3.70,4.19,3.93,,2.84,21286
blockbuster,5.68,5.35,2.72,,3.03,16856
blockhead,4.81,4.25,2.68,,2.92,19434
blog,5.14,3.61,3.92,,2.82,21557
bloke,5.00,4.24,3.89,5.65,3.67,7167
blond,6.08,3.00,4.41,5.85,4.02,4243
blonde,6.00,5.75,4.52,6.24,4.14,3443
blood,3.48,5.76,4.86,6.22,5.27,510
bloodbath,2.05,4.86,3.54,,3.16,14406
bloodhound,5.00,4.59,4.76,,3.00,17531
bloodline,5.71,4.00,2.93,,2.78,22564
bloodshed,3.61,5.22,3.83,,3.30,11968
bloodshot,2.85,4.72,4.26,,2.72,24116
bloodstream,5.05,3.77,4.04,,3.24,12846
bloodthirsty,2.55,4.90,2.45,,2.99,17712
bloody,2.86,5.76,4.08,5.97,4.58,1595
bloom,6.40,4.87,4.00,5.22,3.74,6462
bloomers,6.26,4.57,4.26,,2.69,24968
blooming,7.19,3.04,4.07,,3.21,13489
blossom,7.05,4.75,4.26,5.15,3.56,8390
blot,4.37,3.05,3.44,,2.98,17898
blotter,5.50,4.14,3.83,,2.74,23718
blouse,5.73,3.24,4.96,5.28,3.73,6595
blow,6.10,4.48,3.74,5.55,4.99,775
blowfish,4.62,3.95,4.69,,2.80,22203
blowjob,6.16,6.50,4.33,,3.21,13394
blowout,4.27,4.78,3.35,,3.18,14005
blowtorch,5.22,5.76,4.93,,2.94,18951
blubber,3.85,4.27,3.93,4.34,2.94,18951
blue,6.53,3.69,3.76,6.76,5.01,746
blue spruce,5.58,3.10,,,,
blueberry,7.11,3.23,4.96,5.97,3.41,10231
bluebird,7.29,3.55,4.97,,2.89,19918
bluegrass,5.65,3.35,3.52,,2.87,20435
bluejay,6.64,3.43,4.97,,2.57,28200
blueprint,4.95,3.71,4.77,,3.10,15529
blues,3.43,3.61,2.31,,4.01,4305
bluff,4.58,4.17,3.00,4.36,3.79,5974
blunder,3.95,4.14,2.35,3.97,2.96,18305
blunt,4.65,4.61,3.07,5.18,3.69,6960
blur,4.45,3.88,3.30,,3.33,11377
blurry,4.10,2.83,3.70,,3.14,14627
blurt,4.90,4.64,3.17,,2.71,24525
blush,6.38,4.74,4.41,,3.43,10007
boa,3.63,5.23,4.92,,3.12,15104
boa constrictor,3.79,5.06,4.77,,,
boar,5.00,3.08,4.80,,3.34,11241
board,5.33,3.52,4.57,5.49,4.81,1093
board game,6.33,4.40,4.61,,,
boarder,5.15,3.75,3.52,,2.77,22917
boarding,5.22,3.25,3.44,,4.04,4080
boardroom,4.38,3.75,4.66,,2.89,19918
boardwalk,6.86,4.08,4.78,,3.27,12417
boast,4.24,4.36,2.32,5.19,3.03,16856
boat,6.36,4.05,4.93,6.40,4.98,786
boathouse,6.05,4.83,4.78,,2.89,19918
boating,6.63,4.64,3.85,,3.02,17194
boatload,5.45,4.29,3.44,,2.69,24968
boatman,5.38,3.60,4.73,,2.78,22564
bobcat,5.38,5.00,4.93,,2.61,27018
bobsled,6.00,4.57,4.90,,2.98,17898
bode,4.71,4.00,1.88,,2.69,24968
bodega,5.05,4.00,,,3.12,14978
bodily,4.74,3.71,2.69,,3.33,11461
body,5.95,4.62,4.79,6.79,5.29,490
bodyguard,5.29,4.55,4.75,,3.76,6292
bog,3.57,3.68,4.08,,2.99,17712
bogey,3.58,4.86,3.69,,3.40,10424
bogeyman,3.81,4.67,3.12,,2.95,18731
bogus,2.84,5.32,2.19,,3.43,9916
bohemian,6.05,4.79,2.73,,2.98,17898
boil,4.48,5.42,4.20,6.07,3.77,6134
boiler,4.47,3.23,4.52,5.17,3.45,9660
bold,6.68,4.86,2.43,5.66,3.88,5250
bollocks,4.68,4.38,,5.59,3.45,9706
bolt,3.90,4.55,4.67,,3.84,5602
bomb,2.47,5.71,4.84,5.84,4.73,1239
bombardier,4.73,4.48,3.81,,2.85,21003
bombardment,3.14,5.48,2.81,,2.94,18951
bomber,2.84,6.24,4.45,4.43,3.62,7660
bombing,2.10,7.11,3.93,,3.88,5274
bombshell,5.68,5.50,3.88,,2.96,18305
bonanza,6.09,4.42,3.38,,3.22,13293
bonbon,6.71,4.17,4.61,,2.71,24525
bondage,4.38,5.65,3.65,4.32,3.24,12929
bonding,6.45,3.81,2.48,,3.48,9255
bondsman,3.58,4.24,3.79,,2.72,24116
bone,5.24,4.75,4.90,6.13,4.42,2163
bonehead,4.05,4.46,3.29,,3.08,15898
boner,5.33,5.15,4.34,,3.37,10828
bonfire,6.53,4.67,4.83,,3.25,12772
bong,4.26,4.05,4.27,,3.45,9744
bonkers,4.95,5.08,1.76,,3.06,16358
bonnet,4.89,2.96,4.93,3.03,3.27,12325
bonny,5.10,3.22,,,3.27,12325
bonsai,6.38,4.10,4.03,,3.00,17531
bonus,8.05,6.90,3.04,5.20,3.96,4632
bony,4.95,4.89,3.67,,3.08,15770
boob,5.29,5.30,4.38,,3.48,9337
booby,7.23,5.33,4.21,,3.41,10321
booger,3.25,3.80,4.50,,3.09,15637
boogeyman,3.55,5.09,3.24,,2.85,21003
boogie,3.80,4.55,3.23,,3.72,6699
book,7.05,3.13,4.90,6.77,5.25,526
bookcase,6.10,3.38,4.93,5.91,2.98,17898
bookie,4.57,4.00,3.92,,3.41,10274
bookkeeper,5.58,3.61,4.64,,3.11,15245
bookkeeping,5.16,3.48,3.43,,2.88,20159
booklet,5.52,3.55,4.72,,2.75,23331
bookmaker,5.59,3.09,3.97,,2.69,24968
bookmark,6.26,3.00,4.90,,2.63,26447
bookshop,6.70,4.22,4.84,,2.92,19434
bookstore,7.19,4.25,4.89,,3.60,7979
bookworm,6.67,2.47,3.69,,2.87,20435
boom,4.74,5.57,3.66,5.58,4.34,2480
boomer,4.10,3.77,,,3.39,10593
boomerang,5.91,4.57,4.70,,2.97,18107
boon,4.84,3.45,2.48,,3.33,11461
boost,6.53,4.70,2.89,5.03,3.66,7327
booster,4.52,3.39,2.93,,3.43,10048
boot,5.30,3.95,4.96,6.31,4.05,4054
booth,5.25,4.35,4.42,,4.31,2611
bootleg,3.68,4.69,2.92,,2.93,19207
bootlegger,5.56,4.85,3.86,,2.82,21557
boots,5.89,3.52,5.00,,4.28,2729
booty,5.63,5.43,4.36,,3.79,6022
booze,5.00,5.08,4.48,,4.04,4109
bop,5.63,3.95,3.63,,3.27,12417
bopper,5.33,3.23,,,2.71,24525
border,4.68,4.30,4.29,,4.23,2961
borderline,4.00,4.39,3.00,,3.21,13489
bored,2.95,3.65,2.13,6.41,4.30,2629
boredom,2.77,2.58,1.96,6.15,3.33,11377
boring,2.71,2.85,2.07,6.34,4.44,2070
born,7.33,3.90,3.22,6.04,4.92,883
boron,4.10,2.91,,,2.25,37666
borough,5.00,3.45,3.81,,3.08,15898
borrow,5.18,4.55,3.10,6.06,4.47,1964
bosom,6.44,4.70,4.63,3.77,3.50,9128
boss,4.76,4.43,3.83,5.97,5.09,648
bossy,2.86,4.68,2.21,,3.25,12772
botanical,5.77,3.25,3.54,,3.02,17010
botany,5.55,3.00,2.97,3.42,2.61,27018
bother,4.44,4.20,2.00,5.94,4.83,1058
bottle,5.47,3.32,4.91,6.36,4.70,1304
bottleneck,4.50,4.48,3.97,,2.72,24116
bottling,5.37,3.61,3.26,,2.88,20159
bottom,3.61,3.19,4.25,5.88,4.70,1315
bottomless,5.71,4.30,2.11,,2.95,18526
botulism,3.40,4.57,3.52,,2.75,23331
bounce,6.10,4.68,3.86,5.78,3.99,4425
bouncer,4.37,4.33,4.38,,3.21,13489
bouncy,6.64,4.54,3.18,5.32,3.26,12629
bound,4.05,5.55,3.43,4.82,4.27,2824
boundary,4.75,4.17,3.04,,3.14,14727
bountiful,6.27,4.43,2.07,,2.89,19918
bounty,4.37,4.85,3.41,,3.86,5448
bouquet,6.67,3.33,4.74,5.06,3.51,8956
bourbon,5.70,5.95,4.93,,3.80,5952
bout,3.90,3.67,3.00,3.39,4.28,2737
boutique,6.10,4.33,4.27,,3.04,16682
bovine,4.40,3.50,3.93,,2.65,25937
bow,5.46,3.85,4.61,4.62,4.31,2620
bowel,3.21,3.57,4.53,4.62,3.56,8421
bowels,3.25,3.67,4.33,,3.24,12929
bowl,5.67,3.21,4.87,6.28,4.33,2512
bowler,5.18,3.64,4.45,,3.12,14978
bowling,6.68,4.05,4.56,,4.03,4182
box,5.33,2.67,4.90,6.64,4.95,824
boxcar,5.50,4.21,4.83,,2.82,21557
boxer,5.21,4.14,4.63,5.53,3.59,8089
boxers,5.05,4.52,,,3.30,11908
boxing,4.47,5.73,4.55,5.62,3.86,5405
boy,5.84,4.11,4.76,6.64,5.72,215
boycott,4.20,5.00,2.76,4.28,2.99,17712
boyfriend,7.06,4.90,4.59,,4.86,989
boyhood,5.42,3.45,2.29,,2.80,22203
boyish,5.73,4.63,2.43,,2.80,22203
boysenberry,5.95,3.19,4.75,,2.65,25937
bozo,4.35,4.32,,,3.40,10484
bra,5.90,3.92,4.54,6.49,4.04,4117
brace,4.85,3.90,3.96,,3.80,5952
bracelet,6.48,3.96,4.96,5.71,3.89,5145
bracket,4.63,3.15,4.43,4.76,2.81,21885
brag,4.05,3.50,2.41,,3.55,8526
braid,5.78,3.90,4.38,,2.98,17898
brain,6.22,3.35,4.69,6.50,4.89,941
brainless,3.57,3.95,2.18,,2.95,18526
brainstorm,6.57,4.29,2.55,,2.90,19680
brainwash,3.11,5.90,2.21,,2.65,25937
brainy,6.26,5.05,1.88,5.14,2.98,17898
brake,4.90,3.82,4.44,5.38,3.78,6112
bran,4.84,2.26,4.48,,3.12,14978
branch,5.15,2.67,4.90,,4.00,4360
brand,5.05,2.82,3.29,5.55,4.14,3436
brandy,5.67,3.86,4.81,,4.05,4066
brash,4.38,3.55,2.46,,2.63,26447
brass,5.05,4.00,4.70,4.15,4.08,3819
brass knuckle,4.25,5.23,,,,
brassiere,6.00,4.68,4.64,3.43,2.74,23718
brat,2.67,4.67,3.62,,3.79,5974
bratwurst,5.65,2.75,4.82,,2.69,24968
bravado,5.89,4.70,1.93,,2.69,24968
brave,7.38,4.95,2.26,6.03,4.50,1866
bravery,7.38,5.84,1.96,5.63,3.46,9549
brawl,3.64,5.38,3.63,,3.33,11461
brawn,5.00,4.65,2.79,,2.77,22917
brazen,5.00,5.67,1.93,2.97,3.08,15898
breach,3.67,3.46,2.48,4.28,3.79,5974
bread,6.52,3.85,4.92,6.76,4.45,2018
breadth,4.63,3.61,2.23,,2.65,25937
break,5.10,4.71,3.71,6.27,5.34,446
breakaway,4.67,4.60,2.78,,2.84,21286
breakdown,3.48,4.73,2.75,,3.86,5372
breaker,3.91,4.75,3.85,,3.36,10934
breakfast,7.39,5.00,4.43,6.50,4.82,1067
breaking and entering,2.00,5.68,,,,
breakthrough,6.35,5.68,1.87,,3.54,8638
breakup,2.19,6.33,2.00,,3.47,9479
breast,6.64,5.39,4.89,6.19,3.95,4709
breath,6.61,2.35,4.36,,4.65,1432
breathe,7.17,2.60,4.07,,4.69,1344
breather,5.95,2.85,3.44,,3.09,15637
breathless,4.95,5.73,3.67,,3.04,16682
breathtaking,7.00,5.38,1.85,,3.10,15529
breech,3.14,3.57,2.96,,2.85,21003
breed,5.74,4.10,2.85,,3.80,5907
breeder,4.71,3.79,3.13,,2.90,19680
breeding,5.62,3.95,2.96,,3.56,8348
breeze,7.61,3.20,3.62,5.73,3.91,5044
breezy,6.26,4.19,3.72,,2.90,19680
brethren,5.62,3.71,3.25,,3.13,14853
brew,5.42,3.50,4.07,4.51,3.40,10367
brewery,5.74,4.75,4.62,,3.26,12560
brewing,6.62,5.85,3.07,,2.98,17898
briar,4.95,4.00,4.44,,2.89,19918
bribe,3.32,4.44,3.44,5.24,3.78,6078
bribery,3.59,5.05,2.89,,3.14,14727
brick,4.65,2.53,4.83,,4.01,4333
bridal,6.20,4.84,3.25,4.97,3.42,10135
bride,6.80,4.50,4.63,5.59,4.38,2299
bridegroom,6.10,4.33,4.39,4.78,3.16,14304
bridesmaid,6.19,4.82,4.41,5.24,3.39,10540
bridge,5.44,3.48,4.97,6.16,4.66,1404
brief,6.00,3.42,2.38,5.55,4.16,3367
briefcase,5.20,3.59,4.86,,3.93,4828
briefing,4.76,3.58,2.79,,3.66,7262
brig,4.00,3.29,4.48,,3.48,9255
brigade,4.43,4.44,4.30,,3.51,8991
bright,6.84,5.00,3.92,6.61,4.65,1446
brighten,7.37,5.32,3.41,,3.14,14627
brightness,7.05,4.39,3.43,,2.78,22564
brilliance,7.09,5.24,2.39,,3.17,14097
brilliant,7.50,5.95,2.07,6.09,4.55,1682
brim,5.21,4.00,4.23,,2.95,18526
brimstone,3.67,3.87,3.83,,3.15,14512
bring,5.68,4.29,2.55,,5.51,324
brink,4.95,4.22,2.48,4.00,3.40,10424
brisk,5.86,5.30,2.50,4.20,3.02,17010
brisket,5.60,4.27,4.61,,2.97,18107
brittle,3.86,4.42,3.56,,3.15,14512
bro,5.32,3.77,3.27,,4.40,2250
broach,4.47,3.29,3.74,,2.67,25460
broad,5.14,3.26,2.45,,4.17,3314
broadcast,4.89,4.41,3.46,,3.95,4709
broadcasting,4.68,4.14,3.52,,3.51,8991
broaden,6.39,3.16,2.30,,3.00,17531
broadside,3.80,3.16,4.00,,2.67,25460
broadsword,5.24,4.62,,,2.65,25937
broccoli,6.00,2.48,4.87,6.12,3.36,10983
brochure,4.74,3.43,4.76,,3.28,12186
broken,2.75,4.86,4.11,6.00,4.85,994
brokenhearted,2.47,5.41,2.56,,2.61,27018
broker,4.15,3.77,4.03,,3.56,8366
brokerage,4.50,3.57,3.61,,2.75,23331
bromide,4.43,2.75,,,2.67,25460
bronco,5.83,4.25,4.75,,3.16,14406
bronze,5.81,3.62,4.47,5.85,3.45,9706
brooch,5.33,3.64,4.19,,3.12,14978
brood,4.65,2.57,2.96,,3.04,16682
brooding,3.29,4.00,1.93,,2.99,17712
brook,7.00,3.33,4.43,,3.31,11732
broom,5.50,3.33,4.89,5.51,3.68,7083
broomstick,5.00,3.32,4.80,,2.94,18951
broth,5.55,2.27,4.68,,2.95,18526
brothel,4.63,5.40,4.23,,3.21,13394
brother,6.18,4.48,4.43,6.68,5.45,362
brotherhood,6.42,5.14,2.58,,3.62,7698
brotherly,7.45,4.44,1.93,,2.94,18951
brow,5.11,3.23,4.39,4.70,3.27,12417
brown,5.52,3.32,4.48,6.33,4.78,1147
brownstone,4.74,2.94,4.40,,2.71,24525
browse,5.47,3.57,3.07,,2.78,22564
bruise,3.24,4.04,4.73,,3.51,8927
bruising,3.42,4.96,3.60,,3.23,13008
brunch,6.57,4.09,4.41,5.11,3.57,8265
brunette,6.35,4.15,4.57,5.85,3.54,8555
brunt,3.71,3.96,2.21,,2.71,24525
brush,5.47,3.18,4.54,6.11,4.15,3394
brutal,3.07,5.13,2.00,5.24,3.87,5349
brutality,2.43,4.96,2.48,,3.34,11188
brute,3.48,4.85,3.31,3.97,3.50,9025
brutish,3.00,4.74,2.43,,2.63,26447
bubble,6.43,4.19,4.60,5.76,3.90,5063
bubbly,6.90,4.77,3.52,5.27,3.14,14627
bubonic,2.17,5.78,2.63,,2.63,26447
buck,6.50,4.70,4.67,,4.53,1762
buckaroo,5.53,4.29,,,3.23,13008
bucket,4.55,2.96,4.96,,4.00,4372
buckle,5.05,3.76,4.71,,3.70,6835
bucko,4.78,3.32,,,2.81,21885
buckshot,4.76,5.15,4.78,,3.02,17194
buckwheat,5.24,2.70,4.54,,2.69,24968
budding,6.16,4.48,2.97,,2.82,21557
buddy,7.41,4.57,3.48,,5.01,742
budge,4.83,3.95,2.65,,3.31,11732
budget,4.56,3.33,3.14,,4.00,4362
budweiser,4.62,4.09,,,,
buff,6.21,4.59,3.73,,3.40,10424
buffer,5.42,4.05,2.89,,3.23,13116
buffet,6.05,4.95,4.67,,3.65,7406
buffoon,3.95,5.70,3.39,,2.95,18731
bug,3.45,6.06,5.00,,4.32,2563
bugger,3.71,3.30,,,3.64,7485
buggy,4.65,4.04,4.18,,3.40,10424
bugle,5.05,4.41,4.84,2.74,3.24,12846
bugler,4.00,4.15,4.58,,3.06,16177
build,6.33,3.38,3.71,5.91,4.68,1354
builder,5.95,3.32,3.97,5.88,2.98,17898
building,5.47,3.35,4.64,6.29,5.00,759
buildup,5.37,3.55,3.08,,3.07,16056
bulb,5.86,3.26,4.93,6.19,3.60,7979
bulge,3.74,4.05,3.92,5.16,2.98,17898
bulimic,2.86,4.30,2.96,,2.77,22917
bulk,4.89,3.43,3.24,4.58,3.28,12186
bulkhead,4.67,3.65,4.17,,2.98,17898
bulky,4.21,3.95,3.00,,2.72,24116
bull,3.95,4.90,4.85,5.46,4.44,2065
bulldog,4.74,3.72,4.71,,3.66,7284
bulldozer,4.81,4.05,4.90,4.47,3.12,15104
bullet,3.45,5.89,4.83,5.09,4.58,1602
bulletin,5.60,2.95,4.72,,3.56,8421
bulletproof,6.20,6.80,3.89,,3.41,10274
bullfighter,3.94,4.61,4.70,,2.84,21286
bullfrog,5.05,2.88,4.90,,2.72,24116
bullheaded,3.42,4.64,2.46,,2.61,27018
bullhorn,4.30,3.80,4.70,,2.67,25460
bullion,5.79,3.80,4.26,,2.94,18951
bullpen,5.15,4.52,4.60,,2.82,21557
bullshit,2.33,7.00,2.96,,4.84,1034
bully,2.67,5.86,3.92,5.57,3.86,5425
bum,3.64,4.39,4.21,,4.19,3220
bumblebee,5.43,4.38,4.96,,2.82,21557
bummer,2.57,4.32,1.97,,3.62,7698
bump,5.05,4.75,4.10,,4.09,3756
bumper,4.79,3.45,4.96,,3.55,8467
bumpy,4.30,4.76,3.76,,3.57,8234
bun,5.47,3.05,4.88,,3.46,9549
bunch,5.83,2.81,3.50,,4.77,1170
bundle,5.10,3.48,4.22,4.77,3.59,8000
bungalow,6.50,3.64,4.63,5.25,3.22,13228
bungee,5.71,6.35,4.39,,2.86,20727
bunghole,3.90,4.59,3.96,,2.82,21557
bunion,3.48,4.11,4.64,,2.85,21003
bunk,5.43,3.53,4.30,4.03,3.80,5939
bunker,4.70,4.23,4.79,,3.67,7152
bunkhouse,5.63,3.90,4.37,,2.92,19434
bunny,7.30,3.86,4.97,5.44,4.27,2811
buoy,5.90,2.68,4.57,4.62,3.08,15898
burden,3.05,3.96,2.63,5.31,3.99,4433
burdened,3.27,4.10,,,2.82,21557
bureau,4.70,3.74,4.04,,4.05,4054
bureaucracy,3.24,3.74,1.64,,2.72,24116
bureaucrat,3.05,3.10,3.86,,2.77,22917
bureaucratic,3.67,3.50,2.21,,2.92,19434
burger,6.95,3.65,4.93,6.67,4.01,4315
burglar,2.67,5.32,4.44,4.17,3.74,6440
burglary,2.26,6.33,3.64,4.47,3.55,8442
burial,2.65,4.30,3.93,4.34,3.68,7106
burlesque,5.68,5.30,3.12,,2.86,20727
burn,3.73,5.40,4.11,6.16,4.74,1215
burner,3.90,4.67,4.78,4.32,3.26,12485
burp,5.38,4.95,4.34,,3.12,15104
burr,4.33,2.96,3.93,,2.85,21003
burrito,6.65,4.65,5.00,,3.22,13228
burro,4.86,4.04,,,2.96,18305
burrow,5.53,3.52,3.67,,2.75,23331
burst,5.43,5.09,3.10,5.16,3.93,4849
bury,1.95,5.55,3.82,5.18,4.32,2588
bus,5.12,3.83,4.90,6.67,4.87,967
busboy,4.71,3.91,4.74,,3.23,13008
bush,4.75,2.67,4.90,,4.15,3405
bushel,5.68,4.29,4.30,,2.81,21885
bushy,4.53,3.95,3.75,,2.71,24525
business,5.48,3.71,3.28,5.64,5.51,327
business man,4.44,2.90,,,,
businessman,5.38,3.36,4.47,5.70,3.90,5096
businesswoman,6.10,4.24,4.35,,2.71,24525
busload,4.67,3.70,4.12,,2.69,24968
bust,4.77,5.80,3.73,5.06,4.44,2060
buster,4.59,3.71,2.57,,4.21,3105
bustle,5.29,4.26,2.54,,2.93,19207
busy,5.41,4.52,2.41,6.10,5.03,719
busybody,3.68,4.34,2.96,4.50,2.80,22203
butcher,4.40,4.15,4.65,4.94,3.93,4857
butler,5.62,2.55,4.63,4.16,4.00,4385
butt,5.36,5.20,4.75,5.31,4.59,1592
butter,6.36,3.37,4.90,6.21,4.31,2607
buttercup,6.83,3.23,4.71,,3.38,10715
butterfly,7.23,3.20,4.93,6.41,3.74,6462
buttermilk,5.90,2.77,4.68,,3.09,15637
butterscotch,6.55,3.48,4.58,,2.71,24525
buttocks,6.85,5.35,4.83,,3.26,12485
button,5.48,4.10,4.96,6.16,4.45,2020
buy,6.82,4.29,3.35,6.61,5.28,497
buyer,5.90,3.95,4.36,,3.72,6709
buzzard,4.74,5.81,4.74,3.79,3.26,12485
buzzer,5.16,5.40,4.66,,3.60,7959
byline,4.68,3.33,,,2.61,27018
bypass,3.95,3.41,3.50,,3.55,8442
bystander,4.68,3.05,4.17,,2.95,18526
byzantine,4.50,3.78,,,2.65,25937
cab,4.81,4.05,4.88,,4.55,1682
cabana,6.20,3.95,4.79,,2.96,18305
cabaret,5.81,4.59,,,3.36,11038
cabbage,4.60,2.91,4.75,,3.47,9519
cabbie,4.76,4.14,4.42,,3.15,14512
cabernet,5.94,2.75,,,2.74,23718
cabin,5.90,3.74,4.92,4.70,4.29,2685
cabinet,5.10,3.75,4.89,5.21,3.92,4923
cable,5.90,3.52,4.74,,4.34,2485
caboodle,5.15,3.86,,,2.84,21286
caboose,5.94,3.05,4.96,,2.78,22564
cache,4.95,4.14,3.80,,2.80,22203
cactus,5.11,4.00,5.00,4.32,3.47,9519
cadaver,3.65,4.50,4.48,,3.08,15898
caddie,4.80,2.78,4.37,,2.86,20727
cadet,4.80,3.48,4.21,,3.54,8614
cafeteria,5.68,4.08,4.71,,3.75,6337
caffeine,6.74,6.23,4.04,,3.47,9440
cage,3.11,4.20,5.00,,4.31,2620
cagey,3.65,4.59,2.04,,2.77,22917
cahoots,4.84,4.39,1.96,,2.81,21885
cake,7.58,5.33,4.81,6.48,4.65,1427
cakewalk,7.33,4.04,2.64,,2.63,26447
calamari,4.20,4.76,4.79,,2.80,22203
calamity,3.95,5.19,2.00,,3.30,11850
calcium,5.70,3.14,4.07,5.16,3.25,12695
calculate,4.89,3.18,2.74,,3.32,11598
calculation,5.33,4.48,3.00,,2.81,21885
calculator,5.86,4.47,4.86,,3.12,15104
calculus,4.00,2.73,2.26,4.24,2.97,18107
calendar,5.53,2.90,4.62,5.91,3.85,5476
calf,5.44,3.70,4.48,5.51,3.47,9402
caliber,4.79,4.10,3.00,,3.44,9870
calisthenics,5.05,3.88,,,2.74,23718
call,6.18,3.29,4.00,5.78,5.93,146
callback,5.95,4.57,3.27,,2.95,18731
caller,5.52,3.41,3.96,,3.64,7485
calligraphy,6.80,3.29,4.32,,2.75,23331
callous,2.90,3.85,2.44,,3.00,17531
calm,6.89,1.67,2.83,6.24,4.95,833
camaraderie,5.85,4.09,2.19,,2.74,23718
camcorder,6.43,4.42,5.00,,2.81,21885
camel,5.29,3.10,4.93,4.79,3.70,6851
cameo,5.86,3.42,3.19,,2.69,24968
camera,6.61,3.05,5.00,6.34,4.76,1190
cameraman,4.86,4.31,4.63,,3.34,11315
camouflage,5.85,4.20,4.24,4.76,3.27,12417
camp,7.00,4.14,4.35,5.37,4.71,1294
campaign,4.55,3.50,3.00,,4.22,3009
camper,5.21,4.53,4.63,4.76,3.16,14304
campfire,6.55,4.17,4.79,,3.10,15382
camping,6.09,5.50,4.00,,3.79,6002
campsite,6.47,4.25,4.55,,2.78,22564
campus,6.44,4.17,4.64,6.06,4.03,4178
can,6.41,3.14,4.55,,6.72,33
can opener,5.52,3.37,4.93,,,
canal,5.71,4.05,4.68,5.09,3.81,5869
canary,6.37,3.50,4.63,,3.47,9479
cancel,3.61,4.29,2.41,,4.26,2840
cancellation,3.74,3.90,2.10,,3.11,15245
cancer,1.90,5.14,3.86,6.45,4.35,2442
candid,5.58,4.00,1.81,,3.30,11850
candidacy,4.80,3.05,2.39,,2.81,21885
candidate,4.50,5.32,3.81,5.04,3.93,4857
candle,6.14,3.81,4.86,6.26,3.90,5049
candlelight,6.63,3.22,4.48,,3.23,13116
candlestick,5.95,3.55,4.93,,2.71,24525
candor,6.14,3.90,1.96,,3.01,17381
candy,7.27,5.03,4.83,5.59,4.55,1685
cane,4.64,3.00,4.87,4.58,3.92,4923
canine,6.22,4.76,4.71,,3.23,13008
canister,4.84,3.00,4.93,,3.16,14304
canker,2.58,4.25,,,2.63,26447
cannabis,6.05,5.85,4.69,,2.67,25460
canned,4.32,3.00,3.68,,3.62,7660
cannibal,2.90,6.10,3.82,,3.05,16508
cannibalism,2.32,6.05,3.07,,2.77,22917
cannon,4.74,5.09,4.79,3.55,3.94,4792
cannonball,5.14,4.24,4.80,,3.16,14304
canoe,5.76,3.70,4.86,4.71,3.55,8442
canon,4.90,5.86,4.56,,3.00,17531
canopy,6.00,3.00,4.52,,3.23,13008
cantaloupe,6.10,3.91,4.76,,2.88,20159
canteen,5.05,3.20,4.88,,3.24,12929
cantina,5.60,3.92,3.89,,2.78,22564
canvas,5.67,2.70,4.78,,3.63,7610
canvass,5.40,3.25,4.08,,2.99,17712
canyon,5.50,3.90,4.81,4.55,3.91,4982
cap,5.00,3.27,4.59,4.88,4.27,2779
capability,6.63,4.29,1.93,,3.14,14627
capable,7.05,4.00,2.21,5.69,4.32,2580
capacity,5.14,3.67,3.10,5.23,3.91,5016
caper,4.90,3.90,3.74,,3.25,12695
capital,5.29,3.14,4.10,,4.10,3676
capitalism,3.62,5.39,1.96,,3.01,17381
capitalist,5.24,3.08,2.89,,3.19,13804
capitalize,5.95,3.91,2.29,,2.69,24968
cappuccino,6.37,3.23,4.79,,3.46,9588
capricious,5.00,4.20,,,2.63,26447
capsule,5.60,3.45,4.52,,3.41,10274
captain,5.71,3.86,4.19,,5.32,469
captive,3.27,4.88,3.03,3.93,3.36,10983
captivity,3.14,5.09,2.76,,3.10,15382
capture,5.05,5.43,3.21,4.64,4.03,4202
car,6.63,4.04,4.89,6.83,5.68,241
caramel,6.68,4.29,4.73,,3.10,15529
caravan,5.86,3.80,4.37,5.58,3.17,14196
carbon,4.50,4.05,4.22,4.47,3.72,6666
carburetor,5.06,4.55,4.68,,3.04,16682
carcass,2.85,4.85,4.46,3.69,3.19,13696
card,5.50,2.67,4.90,6.16,4.93,868
cardboard,4.71,2.25,4.90,,3.43,9916
cardiac,3.73,4.90,2.81,,3.60,7931
cardigan,5.95,3.24,4.96,,2.77,22917
cardinal,6.14,4.21,4.74,,3.61,7787
cardiologist,4.84,4.70,4.48,,2.86,20727
cardiology,4.76,3.32,3.25,,2.61,27018
care,7.64,2.67,2.33,6.22,5.69,235
career,6.11,4.24,2.54,6.27,4.65,1423
carefree,7.32,4.15,1.88,,3.14,14727
careful,6.32,2.95,1.86,6.22,5.04,712
careless,3.53,4.27,1.78,,3.69,6935
carelessness,3.76,3.96,1.76,,2.82,21557
caress,6.82,4.60,4.14,4.58,3.14,14727
caretaker,6.17,3.40,4.24,,3.39,10540
cargo,5.21,2.68,4.62,,3.95,4694
carjack,2.32,6.05,4.39,,2.72,24116
carnage,3.30,5.77,3.48,,3.06,16358
carnal,5.16,6.24,2.72,,3.08,15770
carnation,5.75,3.68,3.93,,2.94,18951
carnival,6.48,5.22,4.68,5.24,3.85,5476
carnivorous,4.52,4.48,2.85,,2.72,24116
carousel,6.70,4.43,4.93,,3.16,14304
carp,4.55,4.31,4.62,2.52,2.89,19918
carpal,4.19,3.79,3.33,,2.71,24525
carpenter,5.94,3.05,4.41,4.61,3.78,6096
carpentry,4.87,4.00,3.48,,2.67,25460
carpet,5.95,2.77,4.96,6.32,4.07,3940
carpeting,5.16,3.00,4.21,,2.77,22917
carpool,5.05,3.04,3.90,,2.86,20727
carriage,6.10,2.52,4.86,4.58,3.87,5292
carrier,5.19,2.96,4.20,,3.81,5869
carrot,5.79,3.91,5.00,6.62,3.58,8105
carry,5.67,3.47,4.04,6.19,4.82,1072
carsick,2.48,4.04,3.75,,2.80,22203
cart,5.37,3.18,4.89,,3.96,4685
carte,5.47,2.95,,,3.08,15898
cartel,3.70,3.76,3.30,,3.11,15245
cartilage,4.17,3.53,4.71,,2.87,20435
carton,5.30,3.41,5.00,,3.28,12244
cartoon,6.74,5.05,4.33,,3.58,8185
cartridge,5.05,3.06,4.78,,2.99,17712
carve,5.09,4.13,3.69,4.21,3.49,9160
cascade,6.24,3.59,3.83,,2.81,21885
case,5.18,4.14,3.93,5.59,5.45,364
cash,7.51,6.59,4.48,6.56,4.86,986
cashier,5.10,3.45,4.89,5.85,3.52,8847
cashmere,6.62,3.80,4.72,,3.18,13906
casing,4.30,2.95,4.28,,3.28,12244
casino,4.68,6.05,4.77,4.55,4.31,2611
casket,2.42,4.82,4.86,,3.50,9025
casserole,6.00,3.00,4.87,,3.23,13116
cassette,5.36,3.77,4.60,,3.26,12485
cast,5.26,3.55,3.92,4.59,4.36,2380
castaway,4.10,3.35,3.48,,2.81,21885
caste,4.00,3.38,2.67,,2.95,18731
castle,6.42,4.72,4.96,5.93,4.33,2498
castrate,2.19,5.30,3.82,,2.80,22203
castration,2.25,5.25,3.53,,2.69,24968
casual,6.05,3.00,2.03,5.94,3.86,5372
casualty,3.33,6.30,2.85,5.12,3.43,9916
cat,6.95,4.50,4.86,6.38,4.82,1066
catalog,5.95,2.33,4.68,,3.47,9479
catalogue,4.85,3.73,4.36,,3.33,11461
catalyst,5.30,3.38,2.85,,2.90,19680
catamaran,5.29,4.10,,,1.89,48961
catapult,5.25,5.52,4.43,3.57,2.80,22203
catastrophe,2.70,5.64,2.96,4.56,3.40,10484
catastrophic,2.05,6.25,2.76,,3.11,15245
catatonic,3.20,3.18,2.92,,2.90,19680
catch,5.64,4.00,4.11,5.64,5.13,620
catcher,5.39,3.26,4.44,,3.58,8210
catchphrase,4.89,4.06,3.17,,2.63,26447
catchy,5.22,4.00,1.79,,3.33,11377
category,5.05,2.67,2.82,,3.61,7807
cater,5.73,3.45,3.07,,3.10,15382
caterer,6.16,3.76,4.37,,3.32,11598
caterpillar,5.25,3.24,4.87,5.64,3.06,16358
catfish,5.24,4.26,4.85,,3.10,15529
cathedral,6.00,3.45,4.86,4.97,3.57,8234
catheter,2.84,3.77,4.48,,3.04,16682
catholic,4.95,2.83,2.93,,4.10,3727
cathouse,4.95,4.68,4.48,,2.80,22203
catnip,4.74,4.57,4.68,,2.63,26447
cattle,5.42,2.64,4.64,5.23,4.12,3564
catwalk,5.65,4.52,4.15,,2.86,20727
cauldron,4.91,4.41,4.61,,2.69,24968
cauliflower,5.35,2.29,5.00,5.62,2.75,23331
cause,5.14,3.48,2.43,,5.49,336
caution,3.29,4.00,2.04,5.12,3.71,6724
cautious,6.05,3.57,1.81,5.68,3.53,8747
cavalier,5.48,4.00,2.63,,3.08,15898
cavalry,5.05,4.18,4.08,,3.79,5974
cave,5.15,4.39,4.96,5.56,4.15,3432
caveman,5.40,4.14,4.30,,3.31,11792
cavern,5.38,3.63,4.57,,3.05,16508
caviar,5.53,3.80,4.70,3.62,3.58,8105
caving,5.00,4.14,2.38,,2.80,22203
cavity,2.60,4.77,4.50,4.26,3.48,9366
cayenne,5.55,3.80,4.22,,2.88,20159
cease,3.95,3.64,2.39,4.28,3.94,4789
cedar,6.32,3.21,4.83,,3.40,10424
ceiling,5.39,2.75,4.85,5.75,3.92,4916
celebrate,7.84,6.73,2.90,6.38,4.40,2252
celebration,7.53,5.90,3.47,6.00,4.00,4410
celebrity,5.42,4.86,3.28,5.87,3.86,5382
celery,5.71,2.81,4.80,5.64,3.27,12325
celestial,6.76,4.68,2.86,,3.04,16682
celibacy,3.85,2.71,2.40,,2.94,18951
celibate,3.72,3.00,2.84,,2.86,20727
cell,4.09,4.23,4.44,5.06,4.73,1231
cellar,4.70,3.14,4.68,4.76,3.97,4588
cellblock,2.95,4.70,4.00,,2.74,23718
cellist,5.84,3.85,4.31,,2.63,26447
cellmate,2.20,4.00,4.54,,2.90,19680
cello,5.75,3.83,4.96,4.38,3.27,12325
cellophane,5.05,3.64,4.54,,2.93,19207
cellular,5.68,3.67,3.11,,3.46,9629
cellulite,2.67,4.67,4.55,,2.88,20159
celluloid,4.30,2.71,3.74,,2.69,24968
cement,4.62,3.28,4.97,5.11,3.66,7242
cemetery,3.49,4.10,4.93,4.79,3.94,4806
censor,4.10,4.45,3.00,,2.93,19207
censorship,3.43,4.25,1.79,,3.03,16856
census,4.91,3.54,3.30,,3.14,14627
cent,5.37,3.76,4.19,,3.98,4554
centennial,5.58,2.86,2.57,,2.61,27018
center,5.56,2.62,3.85,,4.66,1402
centerfold,4.89,4.95,4.15,,2.84,21286
centerpiece,5.95,3.36,4.62,,2.81,21885
centipede,3.95,4.82,4.79,,2.65,25937
central,5.33,3.50,2.71,,4.39,2264
century,5.36,3.19,2.83,,4.32,2577
ceramic,5.74,3.57,4.04,,3.09,15637
ceramics,5.21,2.86,4.62,,2.77,22917
cereal,6.45,3.05,4.83,,3.80,5893
cerebral,4.95,3.70,2.22,,3.31,11792
ceremonial,5.67,4.40,2.24,,3.14,14627
ceremony,6.38,3.83,3.57,,4.20,3157
certain,6.11,3.00,1.68,,4.93,869
certainty,6.38,4.35,1.59,,3.48,9293
certifiable,5.16,4.68,2.07,,2.90,19680
certificate,6.00,3.61,4.59,,3.95,4702
certified,6.06,4.57,2.52,,3.43,9916
certify,5.89,3.62,2.55,,2.71,24525
cervical,4.67,5.00,3.59,,2.85,21003
cervix,4.45,4.58,4.62,4.73,2.63,26447
cesspool,2.95,4.42,4.19,,3.10,15529
cha cha,6.52,5.73,4.26,,,
chain,4.79,4.05,4.55,5.71,4.33,2538
chainsaw,4.00,5.15,4.90,,3.04,16682
chair,5.89,2.86,4.58,6.58,4.69,1330
chairman,5.57,3.55,4.31,,4.07,3878
chalet,5.10,3.83,4.36,,2.72,24116
chalice,5.19,3.48,4.83,2.97,2.81,21885
chalk,5.00,2.90,4.90,4.88,3.56,8421
challenge,5.95,5.25,2.11,,4.30,2659
challenger,5.33,4.74,2.68,,3.18,13906
chamber,4.73,4.58,4.59,,4.11,3670
chambermaid,4.65,3.59,4.40,,2.80,22203
chameleon,6.30,4.19,4.68,4.75,2.87,20435
champ,6.35,5.04,3.29,,4.18,3261
champagne,6.86,3.80,4.82,,4.50,1881
champion,7.33,4.74,3.82,5.83,4.32,2567
championship,6.74,6.90,3.23,,3.99,4437
chance,6.05,4.30,1.64,6.07,5.38,411
chancellor,4.91,3.67,4.20,,3.62,7738
chandelier,6.47,3.88,4.79,4.97,3.16,14406
change,5.09,4.05,2.89,6.36,5.38,416
changer,4.95,3.15,3.41,,2.67,25460
channel,5.67,2.68,4.18,,4.39,2287
chant,4.32,3.29,4.00,,3.36,10983
chaos,2.84,6.31,2.79,5.70,3.97,4582
chaotic,4.55,6.14,2.08,5.09,3.06,16358
chap,5.10,2.54,3.90,,3.80,5893
chapel,6.67,2.45,4.60,4.84,3.90,5079
chaperon,5.10,3.12,4.00,,2.81,21885
chaplain,5.10,3.56,4.33,,3.36,10983
chapter,5.70,3.86,3.43,,4.07,3885
character,6.14,4.35,2.93,,4.58,1604
characteristic,5.57,4.24,2.38,,3.08,15898
characterize,5.50,3.24,2.00,,2.85,21003
charade,3.95,4.23,1.93,,3.34,11188
charcoal,6.20,2.86,4.85,,3.25,12695
chardonnay,6.10,3.58,4.56,,2.98,17898
charge,4.61,4.25,2.96,5.58,4.95,827
charger,5.28,3.59,4.39,,3.09,15637
chariot,6.11,4.11,4.86,,3.31,11792
charisma,6.50,5.05,2.07,,3.00,17531
charismatic,6.95,4.85,1.77,,2.92,19434
charitable,7.33,3.50,2.13,,3.31,11732
charity,6.85,3.22,2.62,6.09,4.22,3054
charlatan,4.18,4.72,,3.06,2.95,18731
charm,7.34,4.51,2.76,6.07,4.19,3199
charmer,6.53,4.79,2.54,,3.10,15529
charming,7.05,5.00,2.14,6.00,4.45,2031
charred,3.86,4.68,3.63,,2.88,20159
chart,5.35,3.10,4.48,,3.98,4554
charter,5.55,3.84,3.15,,3.47,9402
chase,3.77,6.60,3.48,,4.52,1812
chaser,4.72,4.89,3.35,,3.12,15104
chassis,5.00,3.86,,,2.82,21557
chaste,5.81,3.50,2.14,,2.78,22564
chastity,4.00,4.52,2.00,,3.17,14196
chat,5.75,4.27,3.66,,4.21,3079
chateau,6.21,3.45,4.39,,3.41,10321
chatter,5.90,4.44,3.33,,3.67,7167
chatterbox,4.60,3.94,3.04,,2.67,25460
chatty,4.42,4.59,2.76,,3.01,17381
chauffeur,5.42,4.70,4.43,3.82,3.75,6370
chauvinist,2.60,4.78,2.75,,2.78,22564
cheap,5.24,4.47,2.11,6.28,4.56,1666
cheapskate,3.76,2.80,3.26,,2.75,23331
cheat,3.05,4.91,2.23,,4.25,2908
cheater,2.95,5.95,2.10,,3.33,11377
check,6.55,3.38,4.11,5.56,5.45,369
checkbook,4.86,4.29,4.97,,3.37,10772
checker,4.94,3.68,4.04,,3.05,16508
checkered,4.71,3.57,3.67,,2.93,19207
checkers,5.24,3.24,4.89,,3.28,12244
checklist,6.40,3.55,4.61,,2.89,19918
checkmate,5.14,4.65,3.36,,3.25,12695
checkout,5.60,4.14,3.96,,3.10,15382
checkpoint,4.44,4.67,3.62,,3.27,12325
checkup,4.48,4.73,3.48,,3.33,11528
cheek,5.90,3.47,4.83,6.04,3.86,5460
cheeky,5.70,5.47,2.03,,3.10,15382
cheer,7.10,5.33,2.77,5.58,4.27,2787
cheerful,8.00,5.76,2.34,6.06,3.57,8234
cheerleader,5.79,5.50,4.90,,3.81,5840
cheerleading,5.70,4.95,,,3.44,9821
cheery,7.21,5.86,2.64,,3.03,16856
cheese,6.81,3.80,4.70,6.70,4.59,1578
cheeseburger,7.20,4.58,4.93,,3.51,8991
cheesecake,7.67,3.43,4.97,,3.37,10883
cheesy,4.90,4.09,2.89,,3.42,10135
cheetah,6.27,5.31,4.70,5.36,3.36,10934
chef,6.15,3.05,4.30,5.76,4.08,3875
chemical,4.89,3.41,3.86,,4.06,4007
chemist,4.95,3.95,4.24,5.91,3.27,12325
chemistry,5.74,4.59,3.64,6.26,3.94,4807
chemo,1.50,4.82,3.19,,3.25,12772
chemotherapy,2.25,5.05,4.35,,3.07,16056
cherish,6.75,4.14,1.73,,3.65,7383
cherry,7.05,4.91,4.62,6.03,4.13,3504
cherub,5.29,3.22,3.85,,2.80,22203
chess,5.05,2.86,4.70,5.31,3.87,5301
chest,5.18,4.95,4.93,5.61,4.61,1532
chestnut,5.68,3.43,4.70,4.39,3.11,15245
chew,5.58,3.80,3.93,6.16,3.96,4677
chewy,5.37,3.82,3.19,5.16,2.85,21003
chic,6.47,5.10,2.26,,3.37,10828
chick,5.86,4.04,4.93,,4.42,2154
chicken,6.17,3.20,4.80,,4.79,1125
chicken pox,3.19,5.19,4.79,,,
chickenpox,2.76,4.80,4.56,,2.67,25460
chief,5.83,3.25,4.26,5.23,4.89,935
chiffon,6.00,4.68,4.45,,2.71,24525
child,7.20,5.33,4.78,6.52,5.20,566
childbirth,6.62,5.62,4.04,,3.19,13804
childhood,6.65,3.73,2.53,,4.15,3387
childish,4.89,5.00,2.52,,3.69,6960
childless,3.57,3.29,3.07,,2.78,22564
childlike,5.90,5.15,2.34,,2.81,21885
children,6.36,5.09,4.89,6.35,5.24,529
chili,4.45,4.62,4.79,,3.88,5274
chill,5.16,3.25,2.89,,4.21,3086
chilling,4.67,5.64,2.74,,3.21,13394
chilly,4.41,5.00,3.56,,3.64,7523
chime,6.05,4.10,4.40,4.09,2.97,18107
chimney,4.89,2.45,5.00,,3.62,7679
chimp,6.00,3.80,4.96,,3.48,9337
chimpanzee,6.39,3.90,4.96,4.80,3.09,15637
chin,5.07,3.84,4.89,5.88,4.10,3679
chinchilla,6.15,4.43,4.72,,2.74,23718
chip,6.32,2.75,4.71,6.06,4.31,2596
chipmunk,7.33,3.80,4.97,4.53,2.93,19207
chipper,5.95,4.75,3.22,,3.12,15104
chiropractor,5.30,4.29,4.86,,2.95,18526
chirp,5.90,4.15,4.00,,2.78,22564
chisel,5.25,3.55,4.63,4.84,2.95,18526
chiseler,4.32,3.95,,,2.88,20159
chitchat,6.00,3.88,3.11,,3.12,14978
chivalry,6.70,3.95,1.88,,3.08,15770
chloride,4.32,4.36,3.74,,2.96,18305
chlorine,3.84,4.43,4.50,,2.88,20159
chloroform,3.00,6.15,3.78,,3.01,17381
chocolate,7.63,5.14,4.72,6.81,4.47,1961
choice,6.36,3.52,1.90,,4.99,776
choir,6.15,3.29,4.34,4.82,3.73,6614
choke,2.42,5.30,3.97,5.04,3.81,5834
cholera,2.68,4.00,3.26,,3.05,16508
cholesterol,3.76,3.05,3.40,,3.27,12325
choose,6.00,3.60,2.62,6.10,4.68,1355
choosy,5.29,3.40,1.60,,2.78,22564
chop,4.60,4.43,4.48,,4.13,3500
chopper,5.05,3.55,4.07,,4.07,3922
choppers,4.80,5.05,3.93,,3.51,8887
chord,5.75,2.72,4.29,5.21,3.26,12485
chore,3.90,4.80,3.78,,3.01,17381
choreographer,5.32,4.09,4.23,,3.02,17010
choreography,5.95,5.82,3.22,,2.95,18526
chorus,6.00,4.20,4.03,,3.78,6057
chow,6.16,4.17,4.47,,3.84,5611
chowder,6.00,3.91,4.70,,3.21,13394
christen,5.70,3.10,2.79,,2.81,21885
christening,5.80,3.83,2.72,,2.88,20159
christmas,8.37,5.90,3.41,6.71,5.09,658
chrome,6.26,4.00,4.50,,3.11,15245
chromium,4.80,2.90,4.33,,2.82,21557
chromosome,4.95,2.88,4.11,,2.88,20159
chronic,3.86,4.91,2.17,,3.69,6915
chronicle,6.10,3.59,2.96,,3.20,13601
chubby,4.33,4.88,3.76,5.31,3.62,7679
chuck,5.06,3.95,3.82,,4.33,2505
chuckle,7.10,5.30,3.82,,3.21,13489
chug,5.20,3.19,3.68,,3.37,10828
chum,5.30,4.18,3.81,,3.49,9225
chummy,5.95,4.21,1.93,,3.03,16856
chump,4.10,3.95,3.19,,3.61,7758
chunk,4.67,4.00,3.86,4.61,3.62,7720
chunky,4.10,3.41,3.69,,3.15,14512
church,5.21,3.63,4.90,5.22,4.84,1026
churn,4.84,4.28,4.00,,2.80,22203
chute,4.05,2.71,4.61,4.19,3.56,8390
chutney,5.05,3.38,,,2.67,25460
cider,5.60,3.41,4.97,,3.28,12186
cigar,4.40,4.27,4.93,4.18,4.11,3624
cigarette,3.00,4.00,4.88,5.92,4.42,2119
cilantro,5.81,2.95,4.45,,2.69,24968
cinch,4.47,3.30,3.07,,3.55,8442
cinder,4.80,3.91,4.54,,2.89,19918
cinema,6.86,6.05,4.69,6.18,3.59,8031
cinematic,6.05,4.35,2.92,,2.72,24116
cinematography,5.43,4.00,3.52,,2.65,25937
cinnamon,6.75,3.72,4.85,,3.48,9366
cipher,5.71,4.55,3.58,,3.18,14005
circle,5.76,3.33,4.44,6.25,4.33,2503
circuit,4.82,4.35,3.83,5.13,3.82,5713
circuitry,4.40,3.33,3.85,,2.95,18731
circular,5.47,3.40,3.79,5.38,3.21,13489
circulate,5.19,4.00,2.88,4.11,2.97,18107
circulation,5.71,4.05,3.03,5.41,3.56,8366
circulatory,5.47,4.29,3.43,,2.67,25460
circumcision,4.11,4.73,4.13,,2.84,21286
circumference,5.24,2.71,3.96,,2.88,20159
circumstance,5.00,3.41,1.77,,3.32,11666
circumstantial,4.00,4.50,1.96,,3.23,13116
circumvent,5.00,4.00,2.25,,2.72,24116
circus,5.85,5.45,4.43,5.45,4.23,2972
cirque,5.32,4.60,,,2.92,19434
cirrhosis,1.86,4.76,,,2.72,24116
citadel,5.61,3.85,4.61,,2.67,25460
citation,3.70,3.80,3.66,4.55,3.21,13489
cite,4.95,4.00,3.07,4.50,2.98,17898
citizen,6.43,2.63,4.43,,4.12,3541
citizenship,7.24,5.58,2.96,,3.13,14853
citrus,6.36,4.16,4.21,,2.72,24116
city,6.12,5.08,4.79,6.61,5.23,541
citywide,5.70,4.57,2.82,,2.71,24525
civic,5.74,3.50,2.45,,3.34,11315
civics,5.33,3.85,2.21,,2.61,27018
civil,5.80,2.95,2.07,,4.20,3134
civilian,5.48,3.70,4.25,4.45,3.97,4582
civility,5.87,3.18,1.62,,2.75,23331
civilization,6.20,3.70,3.32,4.88,3.92,4923
civilized,6.48,3.23,1.93,5.75,3.79,6002
claim,5.15,3.90,2.96,,4.40,2219
clairvoyant,5.79,5.35,2.31,,2.86,20727
clam,4.70,3.36,4.89,4.71,3.60,7979
clambake,4.60,4.17,3.62,,2.69,24968
clammy,3.81,2.95,3.03,,2.78,22564
clamp,4.60,5.05,4.53,,3.84,5611
clan,5.20,3.78,3.46,4.76,3.61,7758
clandestine,5.67,3.95,,,2.95,18526
clang,4.10,4.61,3.96,,2.94,18951
clap,6.05,5.15,4.16,,3.68,7120
clapper,5.16,4.45,3.92,,2.61,27018
clarification,6.06,3.25,1.93,,2.78,22564
clarify,6.00,2.85,2.07,,3.35,11092
clarinet,4.74,3.06,4.92,4.47,3.20,13601
clarity,7.26,3.64,2.00,,3.33,11528
clash,3.96,5.67,2.63,,3.13,14853
clasp,5.19,3.52,4.41,,3.02,17194
class,5.73,4.43,3.85,6.03,5.07,679
classic,6.32,3.62,2.00,,4.21,3102
classic rock,5.79,4.78,,,,
classical,6.79,3.75,2.18,5.47,3.64,7447
classification,4.77,3.45,2.52,,2.87,20435
classified,5.53,4.61,2.21,,3.83,5660
classify,5.60,4.25,2.41,4.64,2.81,21885
classmate,5.95,3.32,4.32,,3.19,13804
classroom,5.57,4.00,4.76,,3.65,7383
classy,6.63,4.14,2.12,,3.76,6260
clatter,4.05,5.04,3.19,,2.86,20727
clause,4.90,3.32,2.73,3.50,3.45,9706
claustrophobia,2.90,5.33,2.52,,2.67,25460
claustrophobic,2.95,6.19,2.00,,3.13,14853
clavicle,4.42,4.00,4.50,,3.00,17531
claw,4.65,3.65,4.83,5.42,3.64,7463
clay,5.45,3.84,4.93,,4.08,3845
clean,7.09,3.57,3.07,6.45,5.08,662
cleaner,5.80,3.17,3.78,5.87,3.84,5579
cleanliness,7.21,4.05,2.63,,2.80,22203
cleanse,6.65,4.53,3.31,,3.17,14196
cleanser,6.40,3.61,4.59,,2.65,25937
cleansing,6.85,4.50,2.75,,3.02,17194
cleanup,4.86,3.04,3.04,,3.30,11968
clear,6.14,2.71,3.55,6.21,5.23,534
clearance,6.62,4.50,2.19,,3.84,5611
cleat,4.24,3.61,4.50,,2.65,25937
cleavage,5.53,6.29,4.64,,3.14,14627
cleaver,4.95,5.10,4.70,,3.13,14853
cleft,4.36,3.54,4.31,,2.78,22564
clemency,5.15,3.30,,,2.97,18107
clench,3.68,4.11,4.25,,2.61,27018
clergy,4.80,2.95,4.03,3.58,2.98,17898
cleric,4.65,3.18,4.39,,3.13,14853
clerical,4.65,3.15,2.93,,3.00,17531
clerk,4.76,3.85,4.28,,4.11,3632
clever,7.36,5.25,1.79,6.38,4.44,2078
cleverness,6.95,5.55,2.07,,2.72,24116
click,5.70,2.81,4.03,6.21,3.81,5855
clicker,5.32,3.62,4.32,,2.63,26447
client,5.22,2.95,3.90,4.89,4.73,1250
clientele,5.10,3.74,3.31,,3.20,13601
cliff,4.77,5.18,4.71,5.21,4.33,2497
climate,5.80,3.95,3.50,5.57,3.55,8498
climax,7.53,6.83,2.86,5.58,3.29,12042
climb,5.62,3.95,4.11,5.82,4.30,2675
climber,6.00,4.45,4.50,4.91,2.90,19680
clinch,4.85,4.00,2.92,,2.84,21286
cling,4.80,4.00,3.59,5.00,3.40,10367
clingy,3.39,4.04,2.45,4.94,2.78,22564
clinic,4.95,2.95,4.24,,4.15,3427
clinical,4.82,4.10,2.52,,3.47,9479
clink,5.00,4.68,3.20,,3.12,15104
clip,5.36,2.90,4.37,,3.76,6323
clipboard,4.75,2.67,4.93,,2.88,20159
clipper,5.67,3.44,4.30,,3.07,16056
clipping,5.10,4.15,4.00,,3.07,16056
clique,4.06,4.42,2.68,,2.89,19918
clitoris,5.57,5.65,4.93,,3.03,16856
cloak,5.95,4.10,4.71,5.16,3.48,9337
cloaking,4.95,3.81,3.28,,2.93,19207
cloakroom,4.95,2.95,4.48,,2.82,21557
clobber,4.00,4.43,3.55,,2.78,22564
clock,5.65,3.35,5.00,6.41,4.77,1174
clockwork,5.58,4.23,3.36,,3.06,16177
clod,3.58,3.50,,,2.63,26447
clog,2.95,3.23,3.47,,2.92,19434
clone,4.18,3.95,4.34,4.34,3.40,10367
cloning,4.29,4.86,2.69,,3.06,16358
close,5.23,3.81,3.20,6.62,5.34,451
closeness,6.85,3.90,2.39,,2.86,20727
closet,5.10,3.55,4.83,,4.43,2090
closure,5.21,3.19,1.78,4.75,3.49,9160
clot,2.95,4.17,4.20,,3.26,12560
cloth,6.20,2.58,4.90,6.19,3.79,6045
clothe,5.74,3.64,3.50,,2.93,19207
clothes,6.77,3.14,4.76,6.51,5.00,753
clothesline,5.23,4.31,4.86,,2.63,26447
clothing,6.37,4.44,4.43,6.58,4.04,4134
cloud,6.20,2.81,4.54,6.52,4.07,3901
clouds,6.76,2.27,,,4.00,4372
cloudy,4.89,3.36,4.00,6.24,3.34,11315
clout,5.24,4.48,,,2.98,17898
clove,5.53,3.32,4.42,4.79,2.72,24116
clover,5.37,3.06,4.69,4.91,3.12,14978
clown,5.36,4.94,4.90,4.96,4.20,3157
club,6.50,3.76,3.78,6.26,4.99,767
clubhouse,6.47,3.77,4.61,,3.21,13394
cluck,4.75,3.90,3.33,,3.16,14304
clue,5.38,3.52,2.93,5.90,4.25,2914
clueless,3.50,3.75,1.97,5.41,3.27,12417
clump,3.92,3.25,4.00,,2.74,23718
clumsy,4.14,4.12,2.77,5.70,3.73,6549
clunk,4.40,4.10,3.26,,2.81,21885
cluster,5.05,4.21,4.04,4.51,3.12,14978
clutch,4.80,4.04,3.70,4.55,3.40,10424
clutter,3.67,3.68,3.68,5.58,2.98,17898
coach,5.72,3.35,4.12,5.09,4.68,1363
coachman,5.22,3.05,4.12,,2.78,22564
coal,4.56,2.55,4.66,,3.82,5774
coalition,4.90,3.90,2.75,,3.26,12560
coarse,4.50,3.66,3.25,4.29,3.14,14727
coast,5.90,4.17,4.21,5.81,4.43,2113
coastal,6.21,4.30,3.89,,2.94,18951
coaster,5.48,3.39,4.68,4.24,3.50,9128
coastline,7.50,3.45,4.54,,2.86,20727
coat,5.29,3.10,4.97,6.69,4.62,1504
coating,5.25,3.59,3.97,,2.67,25460
coax,5.26,4.48,2.70,,2.92,19434
cobalt,5.63,3.35,4.46,,2.78,22564
cobbler,6.00,2.92,4.53,,3.37,10828
cobra,4.42,5.71,5.00,,3.52,8775
cocaine,3.05,4.50,4.52,,3.92,4952
cock,5.05,5.74,4.79,5.79,4.06,3999
cockamamie,4.14,4.04,,,2.82,21557
cockeyed,3.95,4.45,3.76,,3.18,13906
cockpit,5.53,4.90,4.27,,3.51,8956
cockroach,2.46,5.22,4.96,4.31,3.53,8672
cocksucker,2.91,6.09,2.62,,3.91,4999
cocktail,6.95,5.60,4.40,6.12,4.04,4124
cocky,3.45,5.80,2.31,,3.62,7738
cocoa,7.33,5.00,4.89,,3.70,6851
coconut,6.55,4.67,4.79,,3.66,7242
cocoon,5.22,2.85,4.83,,3.06,16358
cod,5.21,3.95,4.61,5.26,3.35,11092
code,4.67,2.76,3.00,5.10,4.72,1252
codeine,4.85,4.72,4.08,,2.67,25460
codfish,5.16,3.05,4.71,,2.63,26447
coding,5.24,3.45,3.03,,2.87,20435
coed,5.68,3.62,3.08,,2.78,22564
coerce,3.32,5.45,2.04,4.75,2.63,26447
coercion,3.50,4.33,1.71,,2.65,25937
coexist,5.95,3.48,2.25,,2.71,24525
coffee,7.00,5.10,4.81,6.61,5.16,599
coffee table,5.86,3.72,4.89,,,
coffeehouse,7.25,3.55,4.93,,2.85,21003
coffeepot,5.26,3.61,4.64,,2.63,26447
coffin,2.63,4.30,4.86,5.23,3.96,4685
cog,4.55,4.00,4.46,,2.74,23718
cognac,4.85,4.81,4.54,,3.43,10048
cognitive,5.68,5.27,1.63,,2.84,21286
coherent,5.95,3.09,2.00,,3.02,17010
coil,4.94,3.72,4.56,,3.21,13394
coin,6.55,3.13,4.89,6.78,3.99,4460
coincide,5.27,3.88,2.26,,2.90,19680
coincidence,5.58,3.86,1.57,,4.27,2803
coincidental,5.68,4.15,1.70,,2.93,19207
coke,6.55,4.30,4.83,6.32,4.27,2803
cola,5.67,4.29,4.79,6.09,3.74,6440
cold,4.32,3.55,3.85,6.46,5.11,633
coleslaw,4.90,3.45,4.67,,3.10,15529
colic,2.95,2.89,3.21,,2.72,24116
coliseum,5.56,4.06,4.93,,2.95,18731
collaborate,6.15,4.30,1.81,,2.80,22203
collaboration,5.19,4.39,2.59,,3.06,16177
collaborator,4.91,4.73,3.46,,2.81,21885
collage,5.05,3.44,4.60,4.46,2.87,20435
collagen,4.26,3.80,3.67,,2.89,19918
collapse,3.37,6.14,3.67,,3.75,6425
collar,4.95,3.33,4.64,5.38,4.02,4229
collarbone,5.10,2.86,4.85,,2.93,19207
collateral,4.11,3.90,2.28,,3.53,8698
colleague,5.26,3.50,3.79,,3.83,5651
collect,5.90,3.14,3.34,5.91,4.30,2644
collection,5.90,4.44,4.04,,4.26,2860
collective,5.19,2.86,2.52,,3.38,10678
collector,5.27,4.91,4.10,,3.64,7523
college,6.44,4.00,4.62,6.24,4.93,871
collegiate,5.30,4.95,3.32,,2.71,24525
collide,3.10,4.33,4.00,,2.97,18107
collie,6.80,3.68,4.77,,3.02,17010
collision,2.95,5.90,3.61,,3.43,9962
cologne,6.05,3.60,4.76,,3.50,9066
colon,4.04,3.64,4.66,,3.41,10321
colonel,5.18,3.90,3.89,3.84,4.98,784
colonial,4.95,2.71,2.75,,3.32,11666
colonic,3.85,3.86,2.56,,2.69,24968
colonoscopy,2.60,4.05,4.16,,2.69,24968
colony,5.52,4.17,3.77,4.38,3.77,6146
color,7.05,3.18,4.08,,4.60,1566
colored,6.57,4.73,4.00,,3.87,5334
colorful,7.43,3.59,3.78,,3.51,8991
coloring,6.29,4.41,3.59,,3.26,12560
colossal,4.33,4.96,2.69,,3.16,14406
columbine,3.70,5.14,3.68,,3.08,15898
column,5.00,3.11,4.48,4.67,4.04,4102
columnist,5.47,3.25,4.14,,3.01,17381
com,5.76,4.35,,,4.54,1737
coma,1.89,3.05,3.69,,4.09,3782
comatose,2.00,3.15,3.62,,3.00,17531
comb,5.65,2.33,5.00,5.97,3.78,6069
combat,2.95,6.09,3.67,4.84,4.14,3462
combative,3.65,5.60,2.28,,2.74,23718
combination,5.47,3.50,2.86,,4.08,3851
combine,4.84,3.64,3.41,,3.35,11139
combo,6.17,4.48,3.37,,3.39,10540
combustion,4.43,6.26,3.86,4.46,3.10,15382
come,5.64,3.57,2.72,,6.50,58
comeback,6.14,4.89,2.23,,3.52,8775
comedian,7.60,5.78,4.04,6.03,3.61,7758
comedy,8.05,6.00,3.10,6.19,4.07,3893
comet,6.90,4.80,4.67,4.70,3.49,9198
comfort,7.24,2.76,2.89,5.91,4.24,2958
comfortable,7.67,2.38,2.33,6.30,4.67,1374
comforter,6.65,3.85,4.70,,2.61,27018
comforting,7.47,3.00,2.41,,3.64,7485
comfy,7.25,2.88,3.08,,3.36,11038
comic,7.50,4.30,4.00,,4.03,4140
comical,6.95,5.10,2.97,,2.93,19207
comics,6.95,4.41,4.77,,3.64,7504
comma,4.47,3.23,4.65,5.64,3.00,17531
command,4.19,4.65,2.48,5.13,4.64,1469
commandant,5.16,3.95,3.77,,3.41,10231
commandeer,4.43,4.45,3.70,,2.75,23331
commander,4.73,4.60,4.31,4.39,4.57,1641
commanding,4.57,5.95,2.31,5.31,3.84,5588
commandment,5.55,4.16,2.53,,3.22,13293
commando,5.52,5.95,3.90,,3.03,16856
commemorate,5.74,2.76,2.20,,2.97,18107
commemorative,5.84,4.30,2.03,,2.63,26447
commence,5.32,3.81,2.83,,3.66,7223
commend,7.00,3.23,2.14,,3.26,12629
commendable,6.76,3.75,2.21,,2.95,18731
commendation,6.19,4.71,2.44,,2.96,18305
comment,5.65,3.56,3.29,6.03,4.11,3651
commentary,5.50,3.50,2.96,,3.18,14005
commentator,5.11,4.10,4.15,,3.44,9870
commerce,5.21,3.95,2.76,,3.54,8593
commercial,4.11,4.43,3.24,,4.21,3083
commie,3.86,4.76,,,3.22,13228
commissary,5.00,3.36,3.58,,2.77,22917
commission,5.81,4.59,3.04,,4.14,3471
commissioner,4.68,3.25,3.64,,4.09,3791
commit,5.85,3.50,2.17,,4.29,2716
commitment,6.33,4.26,1.74,,4.03,4149
committee,5.52,3.56,4.14,5.39,4.34,2462
commodity,5.86,3.75,2.91,,3.22,13228
commodore,4.82,3.05,3.88,,3.56,8390
common,5.94,2.43,2.07,6.39,4.65,1441
commoner,4.42,3.05,3.79,,2.86,20727
commonplace,5.48,3.00,2.20,,2.90,19680
commotion,4.10,3.73,2.71,,3.32,11598
communal,5.47,3.00,2.67,,2.82,21557
commune,5.00,3.77,2.89,,3.12,14978
communicate,6.28,3.79,3.43,,3.93,4857
communication,6.73,4.16,2.90,6.15,4.02,4272
communicator,5.42,3.33,3.21,,2.86,20727
communion,5.37,3.50,3.39,,3.32,11598
communism,2.94,5.10,1.86,,3.33,11528
communist,3.22,5.10,3.50,,3.88,5240
community,6.09,3.80,3.52,,4.46,1975
commute,4.14,3.15,3.79,,2.95,18526
commuter,4.63,3.60,3.03,,2.78,22564
comp,6.16,3.52,,,3.23,13116
compact,4.95,3.75,3.04,,3.23,13008
companion,7.25,4.06,3.75,,3.80,5907
companionship,7.90,5.05,2.45,,3.28,12244
company,5.64,3.29,4.11,,5.17,593
comparable,5.40,4.00,2.31,,2.69,24968
comparative,5.05,3.91,1.74,,2.92,19434
compare,5.09,3.78,2.52,5.85,3.92,4916
comparison,5.11,2.92,2.00,6.12,3.57,8328
compartment,5.36,3.57,3.57,,3.78,6123
compass,5.75,2.85,4.66,4.97,3.61,7807
compassion,7.90,4.50,1.89,,3.80,5952
compassionate,7.95,4.73,1.79,,3.26,12629
compatibility,6.50,5.32,1.94,,2.67,25460
compatible,6.29,4.04,2.31,,3.37,10772
compel,4.89,4.33,1.83,,3.02,17194
compelling,6.00,5.14,1.81,,3.28,12186
compensate,6.36,5.47,2.65,,3.39,10593
compensation,6.55,4.73,3.25,,3.33,11377
compete,5.35,4.40,2.57,5.59,3.93,4869
competence,6.15,3.72,1.78,4.79,2.95,18526
competent,6.05,4.09,1.93,5.12,3.39,10593
competition,5.33,5.75,3.86,6.03,4.32,2569
competitive,5.45,5.70,1.89,,3.62,7660
competitor,4.45,6.32,3.23,,3.14,14627
compile,5.21,3.75,2.64,,2.74,23718
complacent,4.53,3.71,2.17,,2.65,25937
complain,3.10,5.18,2.60,,4.10,3711
complaint,3.21,4.29,2.69,,4.01,4342
complement,6.70,5.90,2.00,5.37,2.89,19918
complete,6.50,2.57,2.70,5.82,4.71,1284
completion,7.38,4.24,2.33,,3.19,13696
complex,4.21,4.60,1.96,5.68,4.12,3589
complexion,5.42,4.55,3.36,,3.29,12112
complexity,5.37,5.13,1.87,,2.92,19434
compliance,5.18,2.85,1.96,,3.00,17531
complicate,3.30,4.95,1.65,,3.17,14097
complicated,3.82,5.75,2.21,5.61,4.43,2087
complication,3.05,4.55,1.86,,3.15,14512
complicity,4.45,3.59,1.70,,2.63,26447
compliment,7.24,5.90,2.82,6.30,4.01,4305
complimentary,6.90,5.15,2.37,,3.28,12244
comply,4.25,2.68,2.19,,3.37,10883
component,5.62,4.27,3.04,,3.21,13489
compose,5.64,3.85,2.83,5.10,3.20,13601
composer,6.42,3.36,4.37,5.51,3.40,10424
composite,4.89,3.55,3.29,,3.10,15382
composition,5.52,3.40,3.10,,3.39,10593
compost,5.47,2.71,4.46,,2.75,23331
compound,5.62,3.50,3.03,,3.85,5496
comprehend,6.57,3.94,1.86,,3.27,12417
comprehension,6.24,3.33,1.78,,3.04,16682
comprehensive,6.79,3.60,1.82,,3.06,16177
compress,4.85,5.00,3.97,,2.80,22203
compressed,4.00,3.57,2.89,,2.96,18305
compression,4.79,4.19,3.07,,3.10,15529
compressor,5.32,3.62,4.39,,2.71,24525
compromise,5.62,3.36,1.80,,3.85,5526
compulsion,3.95,4.89,1.79,,3.10,15529
compulsive,4.50,4.67,1.93,,3.29,12112
compulsory,4.16,3.72,1.96,,2.87,20435
compute,5.74,3.45,2.39,4.82,2.86,20727
computer,6.84,4.92,4.93,6.75,4.77,1168
computerized,6.37,4.25,3.08,,2.85,21003
computing,6.09,3.67,3.25,,2.65,25937
comrade,7.30,4.25,3.69,3.34,3.93,4838
con,3.21,4.52,2.50,,4.10,3697
conceal,3.95,3.74,3.19,4.60,3.41,10321
concealment,4.21,4.45,2.52,,2.72,24116
concede,4.48,2.73,1.96,,3.02,17010
conceit,3.75,4.10,2.10,,2.69,24968
conceited,2.75,6.58,1.62,,3.27,12417
conceivable,5.60,4.41,1.69,,3.08,15770
conceive,5.63,4.95,2.04,,3.36,10934
concentrate,6.46,5.11,2.48,6.29,4.19,3182
concentration,5.45,4.00,2.10,,3.74,6440
concept,4.89,2.90,1.41,5.62,4.04,4134
conception,6.00,6.09,2.24,,3.32,11598
concern,5.05,4.70,1.70,,4.42,2158
concerned,4.61,3.95,1.86,,4.65,1449
concert,7.00,5.17,4.35,6.06,4.24,2918
concerto,5.70,3.14,3.75,,2.98,17898
concession,5.32,3.71,2.71,,3.14,14727
conch,5.37,3.48,4.52,,2.61,27018
concierge,5.35,3.39,3.89,,3.16,14304
concise,5.47,3.30,1.88,,2.65,25937
conclude,4.81,2.57,1.78,5.26,3.40,10424
conclusion,4.80,3.95,2.11,5.91,3.96,4658
conclusive,5.32,3.92,1.52,,3.08,15770
concoction,5.52,4.16,3.50,4.00,2.61,27018
concourse,4.90,3.71,3.96,,2.84,21286
concrete,4.82,3.63,4.59,5.28,3.87,5308
concubine,3.53,5.33,3.36,,3.10,15382
concur,6.00,3.60,2.08,,3.08,15770
concussion,3.45,3.96,3.19,,3.65,7350
condemn,2.62,5.33,1.96,4.53,3.38,10715
condemnation,3.15,4.10,2.04,,2.69,24968
condensed,4.38,4.05,2.93,,2.61,27018
condescending,3.80,5.27,2.19,4.84,3.12,15104
condition,4.32,4.15,2.15,,4.58,1610
conditioner,5.84,3.00,4.21,,3.34,11315
conditioning,4.89,3.77,2.25,,3.59,8089
condo,6.47,3.80,4.76,,3.63,7629
condom,5.44,5.38,4.87,,3.71,6724
condone,5.10,3.57,1.79,,3.07,16056
condor,4.76,3.55,4.46,,3.08,15898
conducive,5.39,3.85,2.61,,2.67,25460
conduct,5.21,3.64,2.08,,4.05,4071
conductor,5.50,4.24,4.26,5.00,3.48,9255
conduit,4.50,3.48,3.58,,3.02,17010
cone,6.10,3.36,4.86,,3.47,9479
confederacy,4.15,3.75,2.79,,2.71,24525
confederate,4.50,3.95,3.27,,3.27,12325
confer,5.09,2.48,2.35,4.10,3.12,15104
conference,5.10,2.95,3.86,5.09,4.40,2215
confess,4.85,4.67,2.57,5.44,4.20,3153
confession,5.47,4.59,2.40,,4.22,3054
confessional,4.62,4.35,2.77,,3.12,15104
confetti,6.26,5.57,4.93,4.30,2.96,18305
confidant,7.15,4.25,3.03,,2.80,22203
confide,6.21,3.43,1.81,4.91,3.28,12186
confidence,6.71,4.04,2.17,6.39,4.29,2695
confident,7.56,4.62,2.62,6.33,4.03,4186
confidential,6.05,4.50,2.08,,3.83,5688
confidentiality,5.82,4.64,2.47,,3.27,12325
configuration,4.58,3.45,2.54,,2.98,17898
confine,3.00,3.96,3.07,,3.00,17531
confinement,4.05,4.83,3.61,,2.90,19680
confirm,5.76,3.38,2.15,6.06,4.16,3360
confirmation,5.71,3.83,2.39,5.34,3.74,6478
confiscate,3.59,5.68,3.13,,3.00,17531
conflict,3.05,5.41,2.21,,3.94,4792
conflicting,3.50,4.91,2.00,,2.87,20435
conform,4.78,3.90,1.83,4.79,2.95,18731
confound,3.85,4.38,2.22,,3.07,16056
confounded,4.32,4.38,1.81,,3.03,16856
confront,4.59,6.11,2.43,,3.63,7574
confrontation,2.57,5.16,2.53,,3.29,12112
confuse,4.50,3.95,2.04,6.00,3.68,7083
confused,3.11,4.28,2.33,6.18,4.51,1830
confusing,3.00,5.09,1.84,,3.99,4425
confusion,3.32,4.64,2.24,6.00,3.85,5476
conga,5.90,4.57,,,2.93,19207
congenital,4.11,4.13,2.32,,2.75,23331
congestion,3.25,4.24,3.61,,2.69,24968
conglomerate,5.00,4.68,2.52,,2.89,19918
congrats,6.94,4.05,2.12,,3.26,12629
congratulate,6.33,4.77,3.04,,3.85,5526
congratulation,7.30,6.05,2.27,,2.71,24525
congratulations,7.33,5.55,2.44,,4.85,1000
congregation,5.16,3.20,4.15,,3.36,10934
congress,3.55,3.61,3.90,,3.92,4971
congressional,4.29,3.82,2.22,,3.32,11666
congressman,3.71,4.09,4.58,,3.81,5883
conjecture,4.71,3.64,1.75,,2.93,19207
conjugal,4.84,4.72,2.32,,2.90,19680
conjunction,5.19,4.25,2.15,,3.12,15104
conjure,5.05,4.57,2.30,,3.10,15382
conk,4.47,4.00,,,2.63,26447
connect,6.61,3.47,2.88,5.65,3.98,4499
connection,6.00,4.45,3.00,6.00,4.43,2084
connoisseur,5.85,3.68,2.70,3.34,2.80,22203
conquer,4.29,5.23,2.90,4.26,3.70,6883
conquering,4.58,5.75,2.86,,3.03,16856
conqueror,5.10,5.28,3.54,4.44,3.06,16358
conquest,5.90,5.67,2.54,4.48,3.28,12244
conscience,5.90,3.95,1.96,,4.14,3447
conscientious,6.05,3.00,1.88,,3.09,15637
conscious,5.53,4.30,2.03,,3.83,5645
consciousness,6.48,3.33,2.32,,3.91,5016
consecrated,4.81,3.70,2.07,,2.78,22564
consecutive,4.75,3.11,2.48,,3.22,13293
consensual,6.30,5.24,2.62,,2.87,20435
consensus,5.74,3.00,2.32,,3.22,13293
consent,6.42,3.88,2.08,5.97,3.87,5308
consenting,5.47,3.80,1.72,,2.69,24968
consequence,3.86,4.31,2.64,,3.50,9099
conservation,5.20,3.17,2.41,,2.81,21885
conservative,4.55,2.65,1.96,,3.58,8185
conservatory,5.18,3.65,4.24,,3.14,14727
conserve,5.90,3.75,1.96,,2.95,18731
consider,6.56,2.71,1.68,,4.72,1267
considerable,6.00,3.86,2.14,,3.66,7303
considerate,7.20,3.67,1.92,,3.54,8638
consideration,6.40,3.45,1.86,,3.82,5778
consignment,5.58,4.17,2.63,,2.77,22917
consist,5.21,3.14,2.07,,2.65,25937
consistency,6.10,2.73,2.55,,2.89,19918
consistent,6.43,3.19,2.21,,3.76,6273
consolation,5.47,3.35,2.14,,3.56,8348
console,6.53,4.09,3.86,4.81,3.35,11092
consoled,6.44,2.58,,,2.44,31877
consolidate,4.80,4.05,2.72,,2.67,25460
consolidated,4.50,3.80,2.54,,2.86,20727
consort,5.10,4.24,2.67,,2.81,21885
conspicuous,4.05,3.87,1.89,,3.17,14097
conspiracy,3.42,5.74,1.76,,4.01,4283
conspire,3.90,4.48,2.67,,2.80,22203
constable,5.20,3.10,4.54,,3.45,9660
constant,5.90,2.81,2.04,,4.00,4395
constellation,6.24,4.35,4.31,,2.98,17898
constipation,2.45,3.83,3.36,,2.63,26447
constituency,4.10,2.61,2.56,,2.65,25937
constitute,4.57,3.18,2.13,,2.94,18951
constitution,5.47,3.35,3.23,,3.74,6440
constitutional,5.68,3.86,1.93,,3.34,11188
construct,5.40,4.33,2.60,,3.17,14196
construction,5.53,3.73,3.72,5.25,4.14,3462
constructive,5.81,4.17,1.90,,3.34,11241
consul,4.39,3.41,3.36,,3.56,8390
consulate,4.53,2.50,3.60,,3.69,6979
consult,5.41,3.77,3.04,5.15,3.75,6394
consultant,6.05,2.76,3.97,,3.57,8328
consultation,5.29,4.84,2.19,,3.10,15382
consume,5.48,4.00,3.41,,3.32,11666
consumer,5.95,3.82,3.57,,3.32,11598
consummate,6.10,3.95,2.08,,3.00,17531
consumption,4.65,3.76,3.16,,3.27,12417
contact,6.17,3.33,3.86,,4.81,1083
contagion,2.85,5.94,2.79,,2.63,26447
contagious,3.05,5.25,2.71,,3.52,8775
contain,5.00,3.00,2.74,5.70,3.78,6057
container,5.70,3.57,4.85,6.03,3.63,7548
containment,4.37,5.53,3.33,,3.33,11528
contaminate,3.53,5.67,3.10,,2.86,20727
contamination,3.11,6.71,2.70,,3.08,15898
contemplate,5.48,3.16,1.71,,3.10,15529
contemporary,5.95,3.81,1.96,,3.29,12042
contempt,3.22,4.61,1.82,4.91,3.70,6851
contend,5.37,4.33,2.07,4.61,2.98,17898
contender,5.00,3.32,3.00,4.03,2.99,17712
content,6.70,3.17,2.59,5.91,3.88,5221
contention,4.19,4.29,1.75,,2.92,19434
contentment,6.62,4.60,2.25,,2.63,26447
contents,5.79,4.46,3.65,5.62,3.63,7548
contest,5.85,3.77,3.52,,4.27,2775
contestant,4.50,4.50,4.17,,3.43,10007
context,5.00,3.18,2.17,5.52,3.51,8991
continent,6.05,3.24,4.34,5.35,3.57,8328
continental,5.40,3.38,2.48,5.06,3.52,8824
contingency,4.67,3.22,2.03,,3.19,13804
contingent,4.85,3.90,2.11,,3.04,16682
continuance,5.26,3.57,2.12,,3.06,16358
continuation,5.23,3.84,2.36,,2.69,24968
continue,5.61,2.90,2.36,,4.69,1323
continuity,5.71,2.32,2.03,,2.85,21003
continuous,5.33,3.27,2.11,,3.29,12112
continuum,5.15,3.95,2.36,,3.18,13906
contraband,3.58,5.81,3.33,,2.98,17898
contraception,6.10,4.91,3.29,,2.67,25460
contract,5.10,3.95,4.15,5.45,4.51,1835
contraction,4.33,5.90,3.53,,3.04,16682
contractor,4.70,4.26,4.20,,3.50,9099
contradict,3.58,4.25,2.24,,3.14,14727
contradiction,3.79,5.00,2.11,,3.17,14097
contradictory,3.75,4.27,2.31,,2.81,21885
contraption,5.11,4.32,3.66,,3.17,14097
contrary,4.50,3.71,1.56,,3.95,4736
contrast,5.30,4.23,2.64,,3.33,11528
contribute,6.15,3.58,2.13,5.59,3.58,8134
contribution,6.58,3.18,2.41,5.71,3.64,7463
contrition,4.40,3.88,,,2.77,22917
control,4.43,4.76,1.93,,5.12,631
controller,4.43,4.08,4.33,,3.12,15104
controlling,3.45,5.69,,,3.65,7406
controversial,4.73,6.26,1.53,,3.33,11377
controversy,3.21,6.09,2.29,,3.22,13293
contusion,3.90,5.95,4.04,,2.86,20727
conundrum,3.95,3.27,1.93,,2.71,24525
convene,5.00,4.05,2.79,3.42,2.89,19918
convenience,7.14,3.50,2.04,,3.68,7049
convenient,7.15,3.48,1.85,,3.93,4838
convent,5.05,3.86,3.96,2.85,3.52,8775
convention,5.00,3.67,3.28,4.26,4.09,3761
conventional,5.47,3.77,1.50,,3.48,9255
converge,4.53,4.24,2.65,,2.81,21885
conversation,6.72,2.65,3.28,,4.70,1317
conversational,6.32,3.38,2.29,,2.74,23718
conversationalist,5.94,3.90,2.70,,2.67,25460
converse,5.37,4.25,2.85,,3.12,15104
conversion,5.59,4.79,2.46,,3.12,15104
convert,5.11,3.65,2.73,4.00,3.50,9128
convertible,6.79,4.72,4.46,,3.51,8887
convey,5.10,3.83,1.72,,3.43,10007
convict,2.28,4.95,4.11,4.65,3.80,5893
conviction,3.89,4.67,2.07,4.74,3.77,6134
convince,5.45,4.39,1.85,,4.27,2781
convincing,5.60,4.21,1.85,,3.84,5579
convoy,5.40,3.87,3.54,3.79,3.55,8467
coo,5.90,4.17,,,2.85,21003
cook,7.12,4.33,4.32,6.62,4.66,1411
cookbook,6.45,3.45,4.90,,2.87,20435
cooker,5.52,3.00,4.22,6.03,2.84,21286
cookie,7.32,4.70,5.00,,4.22,3023
cooking,6.77,4.19,4.19,,4.41,2200
cookout,7.11,4.86,4.25,,2.89,19918
cool,6.82,3.43,3.53,6.19,5.29,488
coolant,5.21,3.45,4.25,,2.85,21003
cooler,6.10,3.83,4.14,,3.85,5504
coon,4.32,3.86,,,3.10,15382
cooperate,6.39,3.83,1.87,5.84,4.02,4272
cooperation,6.62,3.32,2.03,,3.90,5070
cooperative,6.62,3.43,2.50,,3.31,11732
coordinate,5.50,4.59,2.36,,3.41,10274
coordination,6.11,3.45,2.86,,3.08,15898
coordinator,5.43,4.41,3.52,,3.21,13489
cop,4.50,4.90,4.30,,4.93,857
copacetic,4.56,3.45,,,2.63,26447
cope,5.10,4.10,1.78,,3.51,8887
copier,4.95,3.17,4.72,,2.81,21885
copilot,5.79,4.10,4.59,,3.03,16856
copper,5.60,4.14,4.52,,3.82,5765
copter,4.86,4.70,,,2.63,26447
copy,5.22,3.15,3.90,6.16,4.72,1273
copycat,3.33,4.62,3.65,,2.95,18731
copyright,4.43,2.96,3.04,,2.80,22203
coral,6.42,3.18,4.40,4.93,3.38,10715
coral snake,4.00,6.28,5.00,,,
cord,5.38,4.20,4.63,3.91,3.85,5526
cordial,6.39,3.10,2.08,,3.09,15637
cordless,6.45,4.05,3.83,,2.61,27018
cordon,5.22,2.55,,,2.99,17712
corduroy,5.79,3.45,4.56,,2.84,21286
core,6.19,3.24,3.96,4.74,3.99,4433
cork,4.93,3.92,4.86,5.34,3.46,9588
corkscrew,5.26,3.76,4.85,,3.06,16358
corn,5.95,3.43,4.96,5.29,4.15,3381
cornball,5.55,3.17,4.04,,2.61,27018
cornbread,6.47,3.50,4.79,,2.96,18305
corned,4.61,3.59,,,3.15,14512
corner,4.83,3.38,4.61,6.23,4.72,1266
cornerstone,5.90,3.33,4.04,,2.84,21286
cornfield,5.05,3.73,4.96,,2.86,20727
cornflakes,6.37,3.30,4.82,,2.71,24525
corny,5.00,3.00,2.18,,3.60,7931
coronary,2.62,4.67,3.00,,3.30,11908
coronation,4.60,4.50,3.23,,3.33,11528
coroner,3.00,3.61,4.34,,3.95,4702
corporal,4.63,3.50,2.80,,4.20,3171
corporate,4.90,4.74,2.27,,4.01,4320
corporation,3.82,4.73,2.79,4.91,3.89,5190
corporeal,4.00,3.50,3.19,,2.71,24525
corps,4.24,3.52,3.43,,4.04,4124
corpse,2.45,4.89,4.89,4.54,4.00,4350
corpsman,4.05,3.91,,,3.41,10274
corral,4.50,3.71,4.54,,3.37,10828
correct,6.94,3.48,2.59,,4.65,1431
correction,4.05,4.37,3.00,,3.51,8991
correctional,4.09,4.86,2.24,,3.17,14196
corrective,4.95,4.05,2.52,,2.72,24116
correlation,5.09,3.23,2.04,,2.77,22917
correspond,5.75,3.48,2.27,,2.98,17898
correspondence,6.59,5.05,3.35,,3.36,11038
correspondent,5.32,3.55,3.44,,3.34,11315
corresponding,5.10,4.52,2.17,,2.77,22917
corridor,4.76,3.53,4.72,6.10,3.75,6408
corroborate,5.50,3.88,1.76,,3.05,16508
corrupt,3.00,5.98,2.03,4.53,3.73,6614
corruption,3.00,4.86,2.39,,3.63,7574
corsage,6.30,3.40,4.38,,2.98,17898
corset,5.81,5.75,4.48,,2.95,18526
cortex,5.20,3.67,3.79,4.47,3.06,16358
cortisone,4.42,3.39,3.65,,2.77,22917
cosmetic,5.09,4.87,2.96,,3.26,12560
cosmic,7.11,5.39,2.76,,3.56,8390
cosmopolitan,5.80,3.86,2.65,,3.07,16056
cosmos,6.50,4.27,3.19,,3.48,9337
cost,4.11,4.90,2.50,6.12,4.74,1224
costly,3.00,4.08,2.07,5.71,3.19,13696
costume,6.05,4.78,4.57,5.69,4.15,3401
cot,5.37,2.95,4.67,,3.30,11850
cottage,6.63,2.95,4.85,5.56,3.72,6625
cotton,6.05,2.48,4.97,5.64,4.15,3387
couch,6.52,3.40,4.71,5.90,4.37,2356
cougar,5.67,5.70,4.82,,3.30,11850
cough,3.57,4.50,4.36,6.21,3.94,4769
council,5.00,3.86,2.73,,4.23,2991
councilman,4.19,3.26,4.26,,3.16,14406
counsel,5.48,2.86,2.48,,4.15,3380
counseling,5.90,3.40,2.85,,3.62,7720
counselor,5.71,3.45,4.24,,4.00,4395
count,5.89,2.30,3.00,5.97,4.95,823
countdown,5.64,6.47,3.30,,3.55,8498
countenance,4.77,3.35,,,2.88,20159
counter,5.22,2.47,4.17,5.03,4.14,3447
counteract,4.73,4.27,2.14,,2.69,24968
counterattack,4.16,5.83,2.92,,2.90,19680
counterfeit,3.16,4.18,3.64,,3.49,9198
counterpart,5.38,3.40,2.63,,2.71,24525
counterpoint,5.24,4.40,2.38,,2.61,27018
countess,5.85,3.55,3.68,,3.79,6015
countless,4.80,4.22,1.72,,3.38,10715
country,6.14,3.71,4.17,6.36,5.21,557
countryside,6.94,2.70,4.48,,3.55,8498
county,5.18,3.40,4.04,5.09,4.53,1760
coup,4.74,4.64,3.00,3.00,3.42,10135
coupe,5.05,3.74,3.17,,2.80,22203
couple,7.11,4.95,3.93,5.93,5.35,442
coupling,5.40,4.61,3.29,,2.72,24116
coupon,6.30,4.22,4.79,,3.34,11241
courage,7.67,5.00,1.52,5.32,4.37,2342
courageous,8.05,5.50,2.00,5.12,3.50,9066
courier,5.50,3.67,4.58,,3.52,8824
court,3.52,4.43,4.31,5.39,5.00,756
courteous,7.05,3.95,1.97,,3.09,15637
courtesy,6.79,4.30,1.77,,3.91,5006
courthouse,4.61,4.20,4.86,,3.65,7423
courtroom,2.84,4.67,4.63,,3.92,4913
courtship,6.00,5.38,2.52,3.39,3.07,16056
courtside,6.00,4.24,3.65,,2.90,19680
courtyard,5.53,3.43,4.57,4.67,3.33,11377
cousin,6.11,2.60,3.70,,4.69,1338
cove,5.67,3.17,4.57,,3.51,8887
coven,5.43,4.80,3.68,,2.78,22564
covenant,5.21,4.00,2.69,,3.83,5703
cover,5.59,3.76,4.23,5.86,4.97,799
coverage,5.77,3.19,2.70,,3.80,5963
covert,3.79,4.32,1.72,4.36,3.47,9519
covet,4.48,4.04,1.93,,2.98,17898
coveted,5.95,4.88,1.89,,2.89,19918
cow,5.42,2.95,4.96,6.38,4.41,2209
coward,2.42,4.09,2.93,4.52,4.16,3365
cowardice,3.05,4.25,2.10,3.60,3.26,12629
cowardly,2.85,5.14,1.96,4.39,3.37,10883
cowboy,5.43,4.43,4.72,5.00,4.28,2754
cowgirl,6.11,5.30,4.63,,3.08,15898
cowhand,4.65,3.33,4.29,,2.63,26447
coworker,5.00,3.57,4.28,,2.84,21286
coy,5.50,3.72,1.89,,3.24,12846
coyote,4.05,5.55,4.96,,3.56,8366
cozy,7.28,3.56,2.61,,3.75,6359
crab,5.81,4.13,4.90,5.30,3.84,5588
crabby,3.16,6.00,2.12,,2.97,18107
crack,2.68,5.25,4.53,,4.52,1811
cracker,5.11,3.64,4.96,,3.76,6260
crackerjack,7.21,5.13,3.73,,2.71,24525
crackle,5.53,5.27,3.46,,2.85,21003
crackpot,3.38,5.10,3.26,,2.99,17712
cradle,6.10,3.67,4.93,4.69,3.46,9629
craft,6.38,4.04,3.48,5.00,3.75,6337
craftsman,6.71,4.11,4.00,,2.97,18107
craftsmanship,6.89,4.52,2.64,,2.81,21885
crafty,5.73,5.04,2.45,,3.02,17010
cram,4.68,4.19,2.71,,3.18,13906
cramp,2.91,4.73,4.09,,3.45,9706
cranberry,6.36,3.64,4.96,,3.29,12042
cranberry juice,6.00,4.25,,,,
cranial,5.37,4.62,3.50,,2.89,19918
cranium,5.81,3.55,4.50,3.43,2.90,19680
crank,3.85,4.67,4.50,4.03,3.73,6595
cranky,3.00,4.71,2.15,,3.53,8747
cranny,4.68,3.46,,,2.65,25937
crap,3.44,4.62,3.67,5.76,4.79,1124
crappy,2.35,5.26,1.67,,3.70,6895
crash,2.90,4.55,3.79,5.90,4.46,1997
crass,3.73,4.73,,,2.86,20727
crate,4.80,2.72,4.93,,3.61,7758
crater,5.15,4.84,4.61,3.88,3.42,10178
crave,5.41,5.04,2.52,,3.32,11598
crawl,3.95,3.62,4.27,5.52,4.08,3834
crayon,5.76,2.91,4.87,5.59,2.63,26447
craze,5.33,6.45,2.04,,3.02,17194
crazed,3.50,6.25,2.33,,3.33,11528
craziness,3.82,6.83,2.36,,3.10,15382
crazy,5.14,5.90,2.37,5.73,5.43,375
creak,4.68,4.40,3.61,,2.72,24116
creaking,4.55,4.77,3.36,,3.45,9744
cream,6.56,3.80,4.83,5.61,4.69,1340
creamed,6.10,4.75,3.00,,3.21,13394
creamer,5.47,2.81,4.66,,2.86,20727
creamy,6.48,3.12,3.62,,3.08,15898
crease,4.86,4.00,4.45,,3.14,14727
create,7.86,6.26,2.62,6.18,4.40,2229
creation,6.85,5.35,2.15,,3.78,6057
creative,7.06,4.86,1.93,,4.03,4161
creativity,7.73,5.30,1.80,,3.28,12244
creator,6.45,4.89,3.07,5.46,3.45,9744
creature,6.06,4.77,4.07,5.74,4.33,2518
credence,5.79,4.64,1.92,,2.63,26447
credibility,7.00,4.05,2.29,,3.51,8991
credible,6.95,3.95,1.72,,3.22,13228
credit,5.00,4.38,2.71,5.61,4.66,1400
credit card,5.55,4.52,4.86,,,
creed,5.25,3.67,2.10,,3.41,10321
creek,6.32,2.67,4.87,4.31,3.95,4736
creep,2.95,4.78,3.38,4.55,4.05,4041
creeper,3.61,5.68,3.48,,2.87,20435
creepy,2.52,5.54,2.33,,4.05,4054
cremation,4.00,5.29,3.69,,2.92,19434
crepe,6.48,3.62,4.50,,2.93,19207
crescendo,5.58,4.91,3.04,,2.71,24525
crescent,5.90,3.32,4.04,,3.16,14406
crest,4.90,3.39,4.52,3.91,3.33,11528
cretin,4.47,3.71,3.45,,3.01,17381
crevice,4.67,4.58,4.43,3.90,2.63,26447
crew,5.83,3.38,4.36,,4.68,1367
crewman,5.14,3.20,4.39,,3.00,17531
crib,6.43,4.26,4.86,,3.79,5986
cricket,5.71,3.22,4.77,4.69,3.45,9660
crime,1.95,5.68,3.03,6.15,4.85,995
criminal,2.11,4.49,3.48,5.24,4.54,1733
crimp,4.95,3.41,4.00,,2.65,25937
crimson,5.67,4.52,4.00,,3.12,14978
cringe,3.24,5.85,3.34,,2.67,25460
cripple,2.47,4.05,3.78,,3.58,8134
crippling,2.71,4.88,2.77,,2.87,20435
crisis,2.05,6.29,2.33,5.46,4.22,3028
crisp,5.23,3.95,3.69,5.61,3.50,9066
crispy,6.18,5.00,4.04,,3.36,10983
critic,4.10,4.25,3.55,5.15,3.58,8185
critical,3.95,4.95,2.14,,4.09,3787
criticism,3.84,5.95,2.07,5.55,3.48,9255
criticize,2.41,5.27,2.03,5.64,3.34,11315
critique,4.80,3.85,2.55,,2.71,24525
critter,5.40,4.05,4.19,,3.11,15245
croak,3.29,4.52,3.82,,3.07,16056
croc,4.00,5.06,,,3.08,15898
crock,5.10,4.32,3.56,,3.31,11792
crocodile,3.15,6.48,4.83,5.69,3.36,11038
croissant,7.00,4.50,4.96,,2.95,18526
crook,2.86,4.62,3.79,4.31,3.75,6337
crooked,3.17,4.18,3.79,,3.76,6323
crop,5.88,3.19,4.24,4.88,3.69,7003
croquet,5.63,3.50,4.59,,2.95,18731
cross,5.67,3.05,4.44,5.41,4.74,1223
cross country,5.80,4.65,3.63,,,
crossbow,4.91,5.38,4.77,4.24,3.05,16508
crossfire,4.16,5.90,3.38,,2.96,18305
crossover,5.44,3.95,2.65,,2.61,27018
crosswalk,5.25,3.52,4.62,,2.63,26447
crossword,6.58,3.74,4.48,,3.25,12772
crotch,4.62,4.96,4.77,,3.44,9821
crouch,4.79,4.05,4.27,,2.88,20159
crow,4.32,3.55,4.93,5.80,3.65,7383
crowbar,4.81,3.61,4.87,,3.12,15104
crowd,4.48,5.15,4.52,6.19,4.57,1631
crowded,3.20,3.95,3.28,,3.95,4718
crown,6.00,4.52,4.81,5.14,4.14,3483
crucial,5.16,4.14,2.08,,3.66,7242
crucifix,4.10,4.19,4.45,4.30,3.08,15898
crucifixion,2.82,5.62,4.00,,2.88,20159
crucify,2.26,5.60,3.45,3.90,3.34,11241
crud,4.05,3.89,3.46,,3.02,17194
crude,3.24,4.51,1.96,4.60,3.48,9255
cruel,2.73,5.07,2.11,5.58,4.26,2835
cruelty,2.37,5.90,2.04,,3.51,8887
cruise,6.47,4.32,4.03,4.64,4.09,3782
cruise ship,7.05,4.42,4.86,,,
cruiser,5.32,2.90,3.78,,3.50,9025
crumb,5.14,2.95,4.80,5.88,3.26,12560
crumble,4.25,4.00,4.04,4.75,3.15,14512
crummy,3.90,4.26,2.57,,3.53,8747
crunch,4.79,4.17,3.36,5.78,3.55,8526
crunchy,5.86,4.45,3.81,5.59,2.98,17898
crusade,4.24,6.20,2.78,,3.58,8134
crusader,5.63,5.09,3.63,,3.06,16358
crush,4.72,5.60,3.90,5.80,4.23,3006
crushed,2.87,5.07,4.21,5.87,3.93,4883
crusher,4.80,4.65,4.00,,3.05,16508
crust,5.76,3.62,4.59,5.79,3.51,8887
crusty,4.29,3.17,4.14,,3.03,16856
crutch,3.64,3.67,4.50,4.62,3.12,14978
cry,3.22,5.45,4.00,6.44,4.82,1074
crybaby,2.95,5.05,3.29,,3.12,14978
crypt,2.67,4.13,4.75,,3.14,14627
cryptic,3.86,5.53,2.36,,3.02,17010
crystal,6.75,4.10,4.58,4.91,4.21,3105
cub,6.71,3.95,4.67,,3.33,11528
cubby,5.00,3.71,3.77,,2.90,19680
cube,4.75,3.09,4.62,5.72,3.48,9366
cubic,4.70,3.00,2.97,,2.95,18731
cubicle,3.80,3.05,4.83,,3.41,10231
cuckold,3.60,3.78,,,2.65,25937
cuckoo,4.79,4.57,4.42,,3.47,9402
cucumber,6.47,3.17,4.83,,3.30,11908
cuddle,7.60,3.83,3.83,6.35,3.34,11315
cue,5.84,4.35,3.31,,3.89,5155
cuff,4.81,3.56,4.61,,3.76,6303
cuisine,6.88,4.51,3.70,5.24,3.29,12042
culinary,6.33,4.50,2.96,,3.08,15770
culmination,5.85,3.43,1.96,,2.63,26447
culprit,2.90,5.54,3.39,,3.04,16682
cult,2.77,5.48,2.71,,3.65,7383
cultivate,5.73,3.81,3.14,,2.98,17898
cultural,6.90,4.55,2.10,6.06,3.60,7931
culture,6.28,4.06,2.04,6.28,4.14,3438
cultured,6.15,3.33,2.20,,2.99,17712
cunning,5.05,4.90,2.12,4.58,3.61,7807
cunt,3.70,6.10,4.21,5.16,3.84,5611
cup,5.94,2.60,5.00,6.50,4.71,1285
cupboard,4.81,3.52,4.79,,3.40,10424
cupcake,6.90,4.22,5.00,,3.52,8847
curator,6.42,2.73,3.81,,2.97,18107
curb,4.65,3.59,4.68,4.78,3.61,7758
curd,5.19,4.37,4.19,,2.65,25937
cure,7.81,4.50,2.41,5.56,4.32,2577
curfew,4.14,4.00,2.73,,3.66,7242
curiosity,6.37,5.90,1.61,,3.93,4849
curious,6.58,5.74,1.75,5.82,4.42,2143
curl,5.72,3.05,4.38,,3.37,10772
curling,5.00,4.43,4.04,,2.99,17712
currency,5.90,4.05,4.25,4.96,3.56,8348
current,5.53,3.25,3.16,5.43,4.23,2973
curriculum,5.30,3.56,3.23,,3.14,14627
curry,5.40,3.17,4.84,6.25,3.39,10593
curse,2.90,5.20,2.39,4.67,4.26,2853
curt,4.05,3.20,2.35,,3.43,10007
curtain,5.36,3.62,4.82,5.96,4.01,4290
curtains,5.44,2.63,,,3.80,5930
curtsy,6.35,4.60,4.18,,2.77,22917
curve,5.81,4.52,4.41,,3.66,7223
curved,5.24,3.91,3.35,,2.80,22203
cushion,5.90,2.76,4.68,5.94,3.34,11315
cushy,5.95,4.23,2.34,,2.86,20727
cuss,4.00,6.25,3.14,,3.03,16856
custard,5.45,3.50,4.85,,3.10,15382
custodial,5.05,3.42,2.12,,2.61,27018
custodian,3.79,2.67,4.64,,2.99,17712
custody,4.74,4.14,3.03,,4.28,2721
custom,5.29,4.00,2.68,5.26,3.79,5986
customary,5.00,3.44,1.85,,3.34,11241
customer,5.86,3.40,3.82,,4.18,3249
customized,6.91,4.87,2.81,,2.80,22203
cut,3.90,5.07,4.55,6.13,5.36,431
cute,7.56,5.05,2.76,6.22,4.94,844
cutie,7.43,4.62,2.89,,3.46,9549
cutlass,5.00,4.55,4.20,,2.72,24116
cutoff,3.14,3.92,3.62,,2.78,22564
cutter,4.05,4.35,4.07,,3.67,7152
cutthroat,3.14,5.65,2.55,,2.93,19207
cutting board,5.35,3.83,4.71,,,
cyanide,2.70,5.72,4.32,,3.26,12560
cyberspace,5.73,5.04,2.54,,2.69,24968
cycle,5.64,4.42,3.64,5.56,3.77,6180
cyclone,3.47,5.09,4.48,3.78,2.69,24968
cylinder,5.45,3.14,4.64,,3.20,13601
cynic,3.45,4.68,2.64,,3.05,16508
cynical,3.30,4.78,1.64,4.61,3.57,8328
cynicism,3.41,5.00,1.78,,2.96,18305
cyst,2.50,4.28,4.23,,2.65,25937
cystic,3.19,3.55,,,2.67,25460
czar,4.53,4.79,4.14,,2.85,21003
dab,5.00,3.11,3.60,,3.06,16358
dabble,5.48,3.05,2.17,,2.77,22917
dad,7.14,4.05,4.29,6.85,5.70,225
daddy,7.27,4.24,4.24,,5.27,513
daft,4.50,2.75,2.42,,3.13,14853
dagger,4.38,5.79,4.96,4.65,3.69,6935
daily,5.74,4.20,3.15,,4.19,3187
dainty,6.42,2.70,2.33,,3.08,15770
daiquiri,5.68,4.95,4.62,,2.92,19434
dairy,6.09,3.90,4.45,,3.45,9744
daisy,7.48,3.95,5.00,5.97,4.13,3514
dam,4.58,3.67,4.88,,3.76,6273
damage,2.98,4.86,3.20,5.82,4.52,1801
dame,6.10,4.22,3.73,3.70,4.14,3473
damn,4.32,5.10,2.00,,5.45,363
damnation,3.14,5.77,1.56,,3.12,14978
damp,4.05,2.80,3.81,5.47,3.47,9479
damper,4.30,3.59,3.13,,2.94,18951
damsel,5.74,4.44,3.88,3.85,2.95,18526
dance,7.27,5.48,4.32,6.23,5.17,588
dancer,6.64,4.52,4.75,5.88,4.21,3075
dandruff,3.05,4.41,4.79,5.00,2.92,19434
dandy,6.55,4.00,2.73,,3.64,7447
danger,2.66,5.84,2.68,6.21,4.64,1467
dangerous,2.33,6.81,2.13,5.88,4.87,962
dangle,4.76,4.25,3.36,3.61,3.13,14853
dank,3.95,3.00,,,2.75,23331
dare,4.67,5.60,2.28,5.72,4.74,1214
daredevil,4.89,6.33,3.76,,2.82,21557
daresay,5.35,3.76,1.93,,2.71,24525
daring,6.00,6.14,1.71,,3.62,7660
dark,5.08,4.09,4.29,6.35,4.95,837
darken,4.45,3.86,3.30,,2.61,27018
darkened,3.37,3.77,3.48,,2.90,19680
darkness,4.71,4.08,3.85,6.00,4.24,2929
darkroom,4.90,3.61,4.45,,2.95,18731
darling,7.32,3.95,2.54,5.75,5.11,635
darn,3.81,3.17,3.00,,4.14,3447
dart,4.76,3.87,4.90,,3.29,12112
dash,5.05,4.29,3.39,,3.78,6078
dashboard,5.25,3.15,4.61,,3.00,17531
dashing,6.62,4.28,2.44,,3.36,11038
database,4.75,3.33,4.00,,3.76,6323
date,7.18,4.33,3.90,6.12,5.15,603
daughter,6.73,5.00,4.79,6.36,5.23,539
dawdle,4.77,3.29,2.22,,2.78,22564
dawn,6.74,3.10,4.46,4.96,4.41,2209
day,6.36,3.62,3.92,,5.90,156
daybreak,7.16,3.95,4.21,3.63,3.14,14627
daycare,5.35,3.39,3.93,,3.18,13906
daydream,7.15,3.20,2.79,,2.99,17712
daylight,6.95,4.05,4.10,6.44,3.98,4516
daytime,7.58,4.00,4.31,,3.58,8162
daze,4.14,4.50,2.52,4.40,2.75,23331
dazzle,6.46,4.96,2.52,5.36,3.01,17381
dazzling,6.50,6.36,2.10,,3.12,15104
deacon,5.09,3.87,3.52,,3.46,9588
deactivate,3.95,4.58,3.00,,3.06,16177
dead,2.02,3.91,4.07,6.09,5.65,257
deadbeat,2.81,4.32,2.46,,3.24,12846
deadline,3.19,5.74,2.66,,3.77,6199
deadly,1.90,5.04,2.70,,4.00,4410
deaf,3.19,4.27,3.27,5.53,4.16,3345
deafening,3.71,4.56,2.68,,2.65,25937
deal,6.14,3.90,3.10,5.97,5.42,385
dealer,4.18,5.42,3.76,,4.21,3075
dealership,5.15,2.90,4.04,,3.12,15104
death,1.89,5.53,3.73,6.32,5.34,456
deathbed,1.79,4.05,3.83,,3.13,14853
deathly,1.95,6.05,2.00,,2.75,23331
debacle,4.20,4.78,2.29,2.91,2.84,21286
debatable,5.62,5.80,2.04,,2.67,25460
debate,4.95,4.86,3.18,,3.97,4608
debauchery,4.21,5.28,2.22,,2.67,25460
debilitating,3.00,4.41,1.97,,2.77,22917
debrief,4.59,3.61,2.57,,3.06,16177
debriefing,5.05,3.48,3.21,,3.03,16856
debris,4.20,4.23,4.69,,3.50,9128
debt,1.95,5.93,2.72,5.27,4.15,3381
debut,5.81,3.41,1.83,,3.42,10178
debutante,5.00,4.23,3.54,,3.13,14853
decade,4.75,3.61,3.19,,3.69,7017
decadence,5.21,4.32,2.22,,2.77,22917
decadent,6.09,4.05,2.21,3.96,3.08,15898
decaf,3.62,3.00,3.67,,3.38,10678
decathlon,4.67,4.50,4.08,,2.61,27018
decay,2.40,4.59,3.89,4.54,3.32,11666
decaying,2.81,4.68,3.28,,2.86,20727
deceased,2.73,4.86,3.97,,3.80,5930
decedent,5.30,3.15,,,2.67,25460
deceit,2.89,5.62,2.37,4.83,3.27,12325
deceitful,2.60,5.18,2.13,,3.06,16177
deceive,2.95,5.90,1.68,5.46,3.53,8672
decency,5.55,3.36,2.00,,3.67,7212
decent,6.27,4.15,2.04,5.65,4.45,2033
deception,2.36,5.79,1.86,4.54,3.50,9099
deceptive,3.73,4.95,1.78,,2.72,24116
decide,6.28,3.10,1.92,,4.70,1310
decimal,4.68,3.35,4.29,,2.93,19207
decimeter,4.82,2.50,3.56,,,
decipher,5.09,4.39,2.83,,3.24,12929
decision,5.50,3.43,2.19,,4.74,1221
decisive,6.78,3.95,2.16,,3.12,15104
deck,5.68,3.25,4.77,5.09,4.38,2334
declaration,5.67,4.24,2.52,,3.55,8498
declare,5.42,4.40,2.00,4.97,3.88,5240
decline,3.19,3.60,2.76,,3.48,9366
deco,5.29,3.74,,,2.65,25937
decode,5.50,4.59,3.00,,3.04,16682
decoder,6.21,3.43,3.56,,2.65,25937
decompose,2.42,4.17,3.00,4.69,2.69,24968
decomposition,3.16,4.00,3.10,,2.72,24116
decompress,4.43,3.52,2.59,,2.74,23718
decompression,3.75,2.91,3.07,,2.75,23331
decontamination,4.33,4.96,2.78,,2.69,24968
decor,5.95,3.38,3.77,,3.02,17194
decorate,6.26,4.33,3.40,5.77,3.37,10883
decoration,6.71,4.05,3.53,5.29,3.27,12417
decorative,7.52,4.76,2.59,,2.95,18731
decorator,6.43,3.15,3.86,5.53,3.33,11528
decorum,5.50,2.91,2.36,,2.93,19207
decoy,4.61,3.91,4.34,,3.55,8442
decrease,4.16,3.05,2.68,,3.08,15898
decree,5.33,3.90,2.68,3.23,3.29,12112
decrepit,3.05,4.83,3.17,,2.71,24525
decryption,4.81,4.12,2.83,,2.77,22917
dedicate,6.48,3.35,2.69,,3.39,10593
dedication,7.38,4.36,2.16,,3.53,8698
deduce,5.29,3.04,1.61,,2.77,22917
deduct,4.24,4.11,2.31,4.62,3.04,16682
deductible,4.71,4.29,2.74,,2.96,18305
deduction,5.14,3.23,2.19,4.47,3.24,12929
deed,5.89,3.00,3.86,4.70,3.97,4604
deejay,5.91,3.95,4.48,,2.80,22203
deem,4.74,3.29,2.10,,2.78,22564
deep,5.44,3.90,3.38,6.27,4.88,946
deer,6.89,3.95,4.86,5.48,3.94,4792
defamation,2.90,5.62,2.25,,2.77,22917
default,4.16,4.57,2.00,,3.01,17381
defeat,3.74,4.14,2.96,4.97,4.06,3999
defeated,2.59,4.73,2.59,,3.75,6408
defeatist,3.37,3.50,2.08,,2.63,26447
defect,2.89,4.14,2.48,,3.40,10484
defective,3.52,4.17,2.56,,3.34,11315
defector,4.35,3.75,,,2.69,24968
defend,6.30,4.55,2.31,,4.27,2774
defendant,4.05,4.14,3.80,,4.25,2904
defender,5.05,3.76,3.19,,3.48,9366
defense,5.36,5.11,2.45,,4.51,1820
defenseless,2.68,4.90,2.40,,3.13,14853
defensive,4.65,4.28,2.07,,3.74,6511
defer,4.50,2.70,1.92,,2.78,22564
defiance,4.15,5.86,2.17,,3.06,16358
defiant,4.12,5.90,2.07,4.38,2.97,18107
defibrillator,3.45,5.00,4.68,,2.69,24968
deficiency,2.74,4.20,2.07,,3.02,17010
deficient,3.63,3.56,1.89,,2.75,23331
deficit,2.95,4.19,2.21,,3.04,16682
define,5.57,3.95,2.15,5.84,3.80,5963
definite,5.79,4.19,2.07,,3.79,6015
definition,5.63,3.14,3.07,5.62,3.76,6233
definitive,5.57,3.83,1.83,,3.29,12042
deflect,5.10,3.68,3.25,,2.74,23718
deformed,2.26,4.27,3.64,4.82,3.12,15104
deformity,3.18,4.71,3.59,,2.63,26447
defrost,4.86,3.48,3.90,,2.63,26447
deft,4.67,3.00,,,2.61,27018
defuse,5.78,4.68,2.54,,2.88,20159
defy,4.84,5.43,1.86,5.56,3.49,9160
degenerate,2.70,4.68,2.04,,3.26,12485
degeneration,3.48,4.18,2.17,,2.61,27018
degradation,2.85,4.26,2.23,,2.89,19918
degrade,2.62,4.95,1.64,,2.84,21286
degree,5.63,4.10,3.00,,4.17,3291
dehydration,3.38,4.68,3.52,,2.90,19680
delay,3.45,3.00,2.79,5.55,4.04,4090
delayed,3.05,4.05,2.08,,3.73,6563
delegate,5.15,3.72,3.07,,3.16,14304
delegation,5.20,3.62,2.70,,3.14,14627
delete,4.00,3.71,3.48,,3.25,12695
deli,5.42,4.30,4.57,,3.33,11461
deliberate,4.80,3.48,1.78,,3.46,9629
deliberation,5.19,3.95,2.19,,2.61,27018
delicacy,7.00,5.00,2.81,,3.15,14512
delicate,6.38,3.09,2.30,,3.98,4537
delicatessen,6.40,4.45,4.28,,2.92,19434
delicious,7.38,4.92,2.43,6.43,4.33,2502
delight,8.21,5.02,2.30,5.59,3.75,6359
delighted,7.74,5.00,2.86,6.16,4.11,3624
delightful,7.38,6.16,2.38,5.71,3.96,4632
delinquency,2.55,5.27,2.32,,2.67,25460
delinquent,3.45,4.90,2.17,,3.15,14512
delirious,4.32,5.81,2.12,,3.43,10048
delirium,3.40,4.94,1.97,2.82,2.86,20727
deliver,6.00,4.75,3.12,,4.45,2017
deliverance,5.73,3.95,2.34,,2.78,22564
delivery,6.00,4.04,3.69,,4.30,2651
delta,5.30,3.32,3.21,,3.92,4923
delude,3.62,3.95,2.11,3.69,2.65,25937
deluge,4.10,4.70,3.48,2.58,2.61,27018
delusion,3.30,4.60,2.30,,3.43,9916
delusional,3.29,5.80,1.68,,3.45,9744
deluxe,6.76,4.96,2.13,,3.29,12112
demand,4.10,5.85,2.20,,4.23,2969
demeaning,2.62,3.74,1.85,,2.95,18731
demeanor,5.32,2.90,2.44,,3.03,16856
demented,3.11,4.86,1.69,,3.26,12629
dementia,2.85,5.05,2.23,,3.12,15104
demise,3.00,4.18,2.31,,3.24,12929
demo,5.65,3.91,3.66,,3.52,8824
democracy,6.16,5.05,1.78,5.38,3.82,5751
democrat,5.54,5.65,3.96,,3.23,13008
democratic,5.70,4.33,1.74,4.84,3.55,8467
demographic,4.41,3.73,2.48,,2.95,18731
demolish,2.67,4.50,3.46,5.39,2.74,23718
demolition,3.91,5.23,3.38,,3.45,9660
demon,3.00,5.34,3.32,5.55,4.49,1886
demonic,3.05,6.24,2.17,,3.48,9293
demonstrate,5.47,4.14,2.53,,3.67,7167
demonstration,5.50,3.53,3.75,,3.86,5448
demure,4.55,3.35,,,2.61,27018
den,5.11,2.86,4.57,,3.79,6035
deniability,3.89,4.50,1.69,,2.77,22917
denial,3.57,4.85,2.46,,3.72,6652
denim,6.00,3.67,4.77,,2.82,21557
denominator,4.61,4.09,3.36,,2.75,23331
denounce,4.24,4.08,1.83,,2.95,18731
dense,4.68,3.59,3.14,5.07,3.33,11461
density,5.15,3.55,2.52,,3.16,14304
dent,3.52,3.46,4.63,,3.55,8498
dental,4.73,4.79,3.08,,3.79,6002
dentist,3.84,4.37,4.93,5.91,4.05,4047
deny,3.81,5.63,2.20,,4.33,2519
deodorant,6.09,3.73,5.00,,3.21,13394
depart,4.05,3.90,2.86,,3.33,11377
department,5.33,2.50,3.30,,4.80,1098
departmental,4.67,4.12,1.90,,2.93,19207
departure,4.05,3.65,3.07,,3.73,6549
depend,5.00,4.45,1.89,,4.00,4410
dependable,7.24,3.50,1.86,,3.23,13116
dependence,3.60,3.55,2.15,,2.63,26447
dependency,3.71,4.26,1.93,,2.72,24116
dependent,4.50,3.73,2.32,,3.35,11092
depict,4.74,3.88,2.13,,2.74,23718
deplorable,3.90,4.73,1.78,,2.97,18107
deploy,4.25,4.96,2.96,,3.43,10048
deployment,3.32,5.95,2.90,,3.10,15382
deport,3.14,3.84,3.41,,2.90,19680
deportation,3.57,4.42,2.42,,2.90,19680
depose,4.20,4.30,2.52,,2.63,26447
deposit,6.25,4.50,3.92,,4.03,4142
deposition,3.53,4.18,2.92,,3.48,9337
depository,4.76,4.05,3.37,,3.00,17531
depot,5.18,3.19,4.14,,3.47,9440
depravity,3.05,4.36,2.17,,2.84,21286
depress,2.47,3.14,2.29,5.31,2.86,20727
depressed,2.27,4.25,1.93,5.97,4.21,3079
depressing,2.48,3.00,1.79,,3.80,5893
depression,2.44,5.20,2.39,6.18,3.90,5079
depressive,2.64,3.48,2.19,,2.65,25937
deprivation,2.58,4.57,1.96,,2.90,19680
deprive,3.37,3.72,2.21,,3.12,14978
depth,5.80,4.35,3.11,,3.92,4952
deputy,5.30,4.05,4.07,,4.19,3182
derail,3.86,4.85,3.55,,2.77,22917
derelict,3.78,4.40,3.41,4.17,2.90,19680
derivative,4.70,3.72,1.93,,2.89,19918
derive,4.72,2.90,2.00,,2.85,21003
dermatologist,6.00,3.61,4.21,,2.75,23331
derogatory,2.70,3.95,2.15,,2.80,22203
descend,4.67,3.17,3.18,4.97,3.29,12112
descendant,5.26,4.24,3.53,,3.04,16682
descent,5.30,3.90,3.00,4.24,3.42,10178
describe,5.90,2.95,2.18,6.19,4.23,2985
description,5.24,3.64,2.43,6.09,4.10,3690
descriptive,5.74,3.45,2.20,,2.61,27018
desecrate,3.05,4.12,2.56,,2.61,27018
desecration,2.94,5.10,2.46,,2.67,25460
desert,5.36,3.50,4.86,5.58,4.45,2037
deserter,3.27,4.97,3.32,,2.87,20435
desertion,4.00,3.67,1.93,,2.88,20159
deserve,6.77,4.50,1.69,5.97,4.64,1465
deserving,6.70,4.35,1.62,5.24,3.00,17531
design,6.80,3.95,3.27,5.57,4.21,3095
designate,5.62,4.60,3.14,,2.80,22203
designated,5.10,3.85,2.42,,3.42,10178
designer,5.57,5.00,3.78,5.31,3.72,6666
desirable,6.95,6.25,1.92,5.73,3.29,12042
desire,7.05,6.20,1.70,5.62,4.31,2620
desist,4.27,3.84,,,2.99,17712
desk,5.56,2.45,4.87,6.57,4.64,1459
desolate,2.95,3.22,2.17,3.66,3.00,17531
desolation,2.91,4.04,2.25,,2.80,22203
despair,3.61,4.64,2.21,5.09,3.77,6199
despairing,3.00,4.91,2.05,,2.33,35038
desperado,4.40,3.41,3.44,,2.65,25937
desperate,3.19,5.00,1.73,6.12,4.41,2194
desperation,2.55,6.30,1.90,4.78,3.48,9293
despicable,2.76,4.86,1.43,,3.33,11528
despise,3.08,4.77,2.12,4.68,3.66,7327
despondent,3.81,4.64,2.28,,2.69,24968
dessert,7.20,5.50,4.93,6.15,4.15,3421
destination,6.40,4.57,3.82,5.94,3.77,6180
destiny,6.73,4.76,1.67,5.27,4.36,2385
destitute,2.11,4.20,2.08,,2.86,20727
destroy,2.67,5.16,3.08,5.79,4.67,1375
destroyer,2.16,6.09,3.59,4.40,3.56,8366
destruct,3.50,6.09,2.96,,2.80,22203
destruction,2.53,5.62,3.21,5.09,4.06,3968
destructive,3.11,6.38,2.17,,3.38,10678
detach,4.50,3.19,2.90,4.79,2.84,21286
detached,3.65,3.60,2.56,4.66,3.19,13696
detachment,4.30,3.32,2.48,,3.11,15245
detail,5.67,3.81,2.50,6.06,4.29,2705
detailed,6.10,4.35,2.27,5.88,3.60,7979
detain,3.00,4.25,2.74,,3.26,12485
detect,5.09,4.57,2.19,,3.71,6772
detection,4.63,3.95,2.57,,3.23,13116
detective,5.06,4.55,4.21,,4.79,1132
detector,4.42,4.52,3.70,,3.51,8887
detention,3.28,4.57,3.26,,3.82,5797
deter,4.05,3.86,2.33,,2.61,27018
detergent,5.42,3.25,4.77,,3.02,17194
deteriorate,3.64,4.86,3.00,,2.74,23718
deteriorating,2.63,5.52,3.38,,2.82,21557
deterioration,2.89,5.00,2.38,,2.72,24116
determination,7.58,5.52,1.70,5.84,3.45,9744
determine,6.00,4.68,2.13,5.47,3.92,4905
deterrent,4.58,4.23,2.63,,2.65,25937
detest,3.05,5.09,2.36,4.61,3.16,14304
detonate,3.26,6.10,3.19,4.62,3.32,11598
detonation,3.40,4.83,3.15,4.10,3.26,12485
detonator,4.30,5.39,4.76,,3.38,10715
detour,3.86,4.58,3.66,,3.33,11528
detriment,3.67,4.40,1.77,,2.72,24116
deuce,4.53,3.50,3.04,,3.46,9588
deutschmark,4.42,3.23,,,,
devastating,2.09,5.50,2.10,,3.44,9870
devastation,2.91,5.48,2.76,,2.99,17712
develop,6.05,4.50,1.87,5.62,3.98,4511
developer,5.89,3.75,3.54,,2.96,18305
development,5.25,4.23,2.41,6.03,4.09,3787
deviant,3.35,5.62,2.04,4.46,3.03,16856
deviate,5.10,4.27,2.10,,2.88,20159
deviation,4.90,4.70,2.96,4.59,2.87,20435
device,5.79,3.42,3.97,5.91,4.26,2860
devil,3.11,5.40,3.41,4.79,4.62,1523
deviled,3.37,4.24,2.23,,2.77,22917
devilish,4.22,6.38,1.82,,2.72,24116
devious,3.57,3.83,2.18,,3.25,12772
devise,4.45,4.48,2.00,4.78,2.81,21885
devoid,3.61,3.22,1.85,,2.86,20727
devote,5.53,4.05,2.00,4.72,3.30,11968
devoted,7.16,4.22,1.88,5.32,3.90,5049
devotion,6.00,4.73,2.36,5.72,3.62,7720
devour,5.21,6.06,3.14,,3.03,16856
devout,4.48,4.13,2.46,,2.88,20159
dew,4.79,3.04,4.38,,3.33,11377
dexterity,6.35,3.26,2.72,,2.63,26447
diabetes,2.74,4.04,3.83,5.00,3.51,8887
diabetic,3.00,3.86,3.38,,3.35,11139
diabolical,3.23,5.32,1.50,,3.04,16682
diagnose,5.00,3.72,1.92,,3.02,17010
diagnosis,4.62,4.00,2.63,,3.63,7548
diagnostic,4.81,4.57,2.47,,3.16,14406
diagonal,5.17,3.29,3.96,,2.74,23718
diagram,5.47,3.71,4.36,,3.11,15245
dial,4.63,3.76,4.52,,3.95,4748
dialect,6.00,4.26,2.67,,3.13,14853
dialogue,6.25,2.86,3.00,,3.61,7787
dialysis,3.24,4.91,3.54,,3.18,13906
diameter,4.76,4.04,4.03,,3.02,17010
diamond,6.88,5.82,4.89,5.47,4.31,2590
diaper,3.71,3.41,4.82,,3.63,7574
diaphragm,4.67,3.96,3.93,,3.32,11666
diarrhea,2.10,6.85,4.52,,3.38,10678
diary,6.00,3.73,4.50,,3.95,4702
dib,5.00,3.05,,,3.27,12417
dibs,5.21,4.62,2.23,,3.37,10883
dice,5.80,4.64,4.86,5.00,4.02,4243
dicey,4.24,4.70,1.90,,2.80,22203
dick,3.06,5.60,4.35,,4.72,1258
dickhead,2.60,5.26,3.27,,3.50,9066
dictate,4.40,3.24,3.15,,3.25,12772
dictation,4.26,2.94,2.75,,2.98,17898
dictator,2.77,5.50,4.29,,3.33,11461
dictatorship,2.62,6.38,2.77,,2.97,18107
diction,4.85,3.73,2.64,,2.71,24525
dictionary,6.05,2.91,4.62,5.59,3.57,8234
diddle,4.75,3.15,2.60,,2.94,18951
die,1.67,6.90,3.07,6.21,5.42,386
diesel,4.32,3.78,3.88,,3.43,10048
diet,4.42,3.83,3.21,,4.19,3230
differ,5.10,3.26,1.59,,3.39,10593
difference,4.89,3.15,2.15,,4.90,914
different,5.91,3.95,1.97,,5.32,467
differential,4.00,3.62,2.36,,2.95,18731
difficult,3.78,4.45,2.21,,4.78,1145
difficulty,2.57,4.21,1.90,,3.75,6394
diffuse,5.04,3.86,2.46,,3.00,17531
dig,5.28,3.67,4.33,,4.66,1393
digest,4.74,2.90,3.07,5.59,3.52,8824
digestion,4.50,3.86,3.66,5.84,3.02,17194
digestive,5.00,4.00,2.67,,2.95,18526
digit,4.84,3.05,4.52,4.84,2.78,22564
digital,6.00,4.36,3.63,6.24,3.73,6549
dignified,6.55,3.48,1.57,5.24,3.43,9962
dignify,5.68,4.24,1.71,,2.78,22564
dignity,7.20,3.71,2.03,5.00,4.03,4142
dike,4.22,4.85,4.54,,2.63,26447
dilation,5.16,4.14,3.57,,2.77,22917
dildo,4.57,5.09,4.70,5.06,3.13,14853
dilemma,4.24,5.19,2.00,,3.42,10135
diligence,5.68,4.63,1.97,,2.89,19918
diligent,6.14,4.33,1.69,,2.90,19680
dill,5.85,3.25,4.07,,3.25,12695
dim,3.37,3.55,3.31,4.84,3.68,7083
dime,5.58,3.52,4.85,,4.08,3830
dimension,5.24,3.73,2.50,,3.67,7212
dimensional,6.16,3.41,2.12,,3.04,16682
diminish,4.05,3.87,2.50,,2.93,19207
diminutive,4.42,3.50,2.57,,2.61,27018
dimwit,3.48,3.50,2.56,,2.88,20159
dine,6.60,4.00,3.37,,3.63,7548
diner,6.75,4.04,4.82,,4.09,3749
dinghy,4.82,4.17,4.20,,2.86,20727
dingo,5.65,4.25,4.73,,3.12,15104
dingy,3.45,4.57,3.63,,2.80,22203
dining,6.77,4.70,3.75,,4.07,3909
dinky,4.10,3.67,2.67,,3.02,17194
dinner,6.40,3.85,4.50,6.63,5.31,477
dinnertime,6.58,5.20,3.62,,3.26,12629
dinosaur,6.11,5.33,4.87,5.58,3.60,7905
diocese,5.05,4.00,3.04,,2.92,19434
dioxide,4.58,3.95,2.81,,3.02,17194
dip,5.42,3.35,4.22,,3.90,5079
diploma,6.32,5.25,4.93,5.27,3.41,10321
diplomacy,5.53,5.22,2.04,,3.21,13489
diplomat,4.65,3.65,3.67,4.16,3.33,11377
diplomatic,5.90,4.45,1.86,,3.70,6851
dipper,5.39,3.36,4.21,,2.82,21557
dippy,4.26,4.32,,,2.63,26447
dipstick,4.09,3.52,3.81,,2.71,24525
dire,3.00,5.00,1.80,4.61,3.34,11188
direct,5.75,4.29,2.15,5.27,4.38,2310
direction,5.45,3.33,2.79,6.03,4.38,2308
directive,5.70,4.30,2.72,,3.25,12695
director,4.95,3.75,4.04,,4.56,1677
directory,5.21,3.33,4.25,,3.22,13228
dirt,4.50,3.44,4.86,5.79,4.41,2194
dirty,3.17,5.05,4.23,6.31,4.82,1065
disability,2.95,3.90,3.46,,3.30,11908
disable,3.58,3.60,3.42,,3.19,13696
disabled,2.70,3.71,3.21,,3.54,8593
disadvantage,2.68,3.90,1.96,,3.06,16358
disagree,2.84,4.90,2.77,,3.82,5739
disagreeable,3.29,4.26,1.90,,2.99,17712
disagreement,2.86,3.91,2.97,,3.19,13804
disappear,4.10,4.35,2.86,,4.32,2562
disappearance,3.75,4.95,2.40,,3.64,7523
disappoint,3.38,3.91,1.89,6.29,3.93,4883
disappointed,2.65,4.47,1.92,6.18,4.34,2460
disappointing,2.79,4.10,1.81,,3.54,8638
disappointment,2.79,4.90,1.93,,3.74,6522
disapproval,3.40,4.23,2.32,,2.80,22203
disapprove,3.55,3.81,1.89,,3.06,16177
disarm,4.38,3.70,3.55,,3.33,11377
disaster,1.71,6.35,3.07,5.68,4.24,2954
disastrous,2.21,4.23,2.32,,3.23,13116
disband,4.00,3.38,2.62,3.55,2.74,23718
disbelief,4.21,5.58,1.89,,2.71,24525
disc,5.60,3.56,4.85,,3.41,10231
discard,4.00,3.71,3.04,,3.04,16682
discerning,4.95,4.26,1.46,,2.78,22564
discharge,3.40,4.94,3.83,,3.81,5855
disciple,4.67,3.52,3.29,5.03,3.02,17194
disciplinary,3.60,4.56,2.00,,3.21,13394
discipline,5.90,5.80,2.24,5.45,3.96,4677
disciplined,6.15,4.40,1.58,,3.24,12846
disclose,4.00,4.45,2.37,3.86,3.24,12846
disclosure,4.71,3.15,2.18,4.15,3.01,17381
disco,5.76,5.25,3.63,4.82,3.76,6260
discoloration,3.82,4.05,3.19,,2.80,22203
discomfort,2.84,4.43,2.28,5.48,3.21,13489
disconcerting,3.58,4.36,1.52,,2.74,23718
disconnect,3.81,3.12,2.74,5.47,3.27,12417
discontent,2.75,4.67,1.93,,2.96,18305
discontinue,3.94,3.89,2.50,,2.84,21286
discord,3.58,5.43,2.26,,3.02,17194
discount,5.78,4.62,2.79,,3.68,7083
discourage,3.05,3.73,1.90,5.00,3.13,14853
discouraged,3.18,3.38,,,3.21,13489
discouraging,2.89,4.17,1.83,,2.92,19434
discourse,3.18,4.27,2.87,,2.61,27018
discover,7.18,5.70,2.37,6.12,4.08,3834
discovery,6.81,6.04,2.36,5.42,4.06,3978
discredit,3.14,4.05,2.28,,2.96,18305
discreet,5.05,3.40,2.11,,3.61,7807
discrepancy,3.43,3.75,2.54,,2.95,18526
discretion,5.40,3.57,1.60,4.97,3.57,8328
discretionary,5.53,3.00,1.85,,2.63,26447
discriminate,3.18,4.05,2.54,,2.92,19434
discriminating,2.33,4.78,1.54,,2.71,24525
discrimination,2.45,5.62,2.29,,3.34,11241
discuss,5.89,2.76,3.17,,4.66,1406
discussion,6.18,5.00,3.07,,4.08,3813
disdain,3.71,3.21,1.83,3.66,2.74,23718
disdainful,3.13,4.70,2.11,,1.89,48961
disease,1.68,5.50,3.45,5.79,4.42,2152
diseased,2.24,5.48,3.36,4.91,3.06,16177
disembodied,3.73,5.50,2.59,,2.63,26447
disengage,4.05,3.95,2.69,,3.03,16856
disgrace,2.45,4.28,2.11,,3.90,5049
disgraceful,2.35,4.08,1.93,,3.26,12485
disgruntled,3.11,3.55,1.40,,3.02,17010
disguise,4.81,4.36,3.97,,3.89,5145
disgust,3.32,5.00,2.19,5.53,3.44,9781
disgusted,2.68,4.89,2.34,5.74,3.25,12695
disgusting,2.27,6.15,2.21,6.11,4.42,2119
dish,5.70,3.57,4.90,6.04,4.06,3978
dishonest,3.00,4.95,1.89,,3.42,10178
dishonesty,2.05,5.39,1.90,,2.77,22917
dishonor,2.37,4.82,1.72,,3.08,15770
dishonorable,2.33,5.76,1.92,,2.81,21885
dishwasher,5.32,3.05,4.86,,3.31,11792
disinfect,5.11,4.00,3.40,,2.61,27018
disinfectant,5.10,2.96,4.11,,2.90,19680
disintegrate,4.32,5.43,2.68,,2.72,24116
disk,5.24,2.95,4.80,,3.82,5739
dislike,3.25,4.27,1.70,,3.60,7979
disloyal,2.27,5.14,1.64,4.57,2.99,17712
disloyalty,2.57,5.77,1.50,,2.67,25460
dismal,2.60,3.29,2.38,,2.98,17898
dismantle,4.74,4.05,3.70,,2.96,18305
dismay,3.10,2.85,2.29,,2.67,25460
dismiss,4.58,3.70,2.39,4.90,3.74,6495
dismissal,4.05,4.48,2.00,,3.06,16358
dismissive,3.40,2.67,2.41,,2.67,25460
dismount,5.05,3.59,3.72,,3.16,14304
disobedience,3.32,4.50,2.52,,2.89,19918
disobey,3.19,5.35,2.42,,3.22,13228
disorder,3.76,4.90,3.10,,3.85,5468
disorderly,2.95,4.85,2.71,,3.14,14727
disorientation,3.57,5.10,2.15,,2.77,22917
disoriented,3.26,4.81,2.21,,3.09,15637
disown,2.29,4.54,1.56,,2.63,26447
disparage,3.00,3.96,1.83,,2.95,18731
dispatch,4.90,3.55,2.93,,3.84,5611
dispatcher,4.59,3.86,3.90,,3.17,14097
dispensary,5.05,4.14,3.41,,2.63,26447
dispense,5.24,2.95,3.26,,3.14,14727
dispenser,5.26,4.18,3.84,,3.02,17194
dispersal,4.91,4.43,2.78,,2.67,25460
disperse,4.19,3.67,2.85,,3.26,12629
displace,2.89,3.80,2.57,,2.63,26447
displacement,3.68,3.86,2.72,,2.94,18951
display,6.19,3.81,3.86,,3.93,4849
displease,2.63,5.71,1.71,,2.65,25937
displeased,3.41,4.22,2.03,4.89,2.89,19918
displeasure,2.52,4.81,1.85,,2.84,21286
disposable,4.00,2.90,2.41,,3.27,12417
disposal,4.00,4.42,2.89,,3.69,6960
dispose,4.00,5.53,3.59,4.76,3.50,9099
disposition,4.81,4.16,2.10,3.65,3.34,11315
disprove,3.90,4.30,2.59,,2.80,22203
dispute,2.52,4.55,2.90,,3.50,9099
disqualify,2.47,4.70,2.39,,2.82,21557
disregard,4.52,3.50,1.90,,3.55,8526
disrespect,2.81,5.35,1.93,,3.72,6666
disrespectful,2.71,4.65,1.87,,3.32,11666
disrupt,3.48,4.87,2.45,,3.11,15245
disruption,3.32,5.48,2.39,,3.01,17381
disruptive,3.20,6.10,1.81,,2.65,25937
dissatisfied,3.25,4.82,2.24,,2.98,17898
dissect,3.95,5.43,3.21,,3.00,17531
dissection,3.11,4.32,3.48,,2.95,18731
dissent,4.80,4.00,2.17,3.40,2.78,22564
dissertation,4.30,3.71,2.81,,3.08,15770
dissociative,3.58,4.61,1.71,,2.77,22917
dissolve,5.43,3.36,3.15,,3.27,12325
dissuade,4.11,3.35,2.24,,2.74,23718
distance,3.89,3.81,3.17,,4.41,2201
distant,4.74,2.95,2.75,6.19,3.94,4825
distasteful,3.17,5.05,1.83,,3.08,15898
distilled,5.16,3.11,2.93,,2.81,21885
distinct,5.55,3.67,2.11,,3.48,9255
distinction,5.05,3.60,2.08,4.64,3.47,9440
distinctive,6.32,3.78,1.61,,3.19,13696
distinguish,5.26,3.87,2.20,5.51,3.26,12629
distinguished,6.62,4.40,2.14,,3.79,6002
distinguishing,5.37,5.70,1.75,,2.75,23331
distort,3.38,3.62,2.66,,2.61,27018
distorted,3.89,5.29,2.57,,3.31,11792
distortion,3.50,4.43,2.30,,3.08,15898
distract,3.68,3.55,2.33,5.67,3.69,6979
distraction,4.05,3.94,2.46,6.09,3.60,7979
distraught,2.81,5.64,2.27,,3.19,13696
distress,3.25,4.00,2.66,5.38,3.86,5392
distressed,3.38,6.28,2.21,5.46,3.15,14512
distressing,3.58,5.52,1.89,,2.93,19207
distribute,5.05,3.72,2.77,,3.18,14005
distribution,5.50,3.45,3.33,,3.49,9198
distributor,4.62,3.20,3.90,,3.19,13804
district,4.90,3.00,3.29,,4.32,2563
distrust,2.95,4.05,1.44,,2.88,20159
disturb,3.45,4.98,3.04,5.36,4.05,4071
disturbance,2.68,5.19,2.70,,3.60,7959
disturbing,2.68,5.65,2.48,,3.96,4673
ditch,3.20,3.81,4.50,4.00,3.90,5121
ditto,5.50,3.90,2.59,,3.23,13116
ditty,5.38,3.68,,,2.90,19680
diva,3.68,4.55,3.64,,3.19,13804
dive,5.81,3.79,4.03,5.69,4.11,3651
diver,5.66,5.42,4.69,5.30,3.39,10593
diverse,6.00,3.64,2.24,5.41,2.89,19918
diversion,5.22,4.48,2.67,,3.49,9160
diversionary,4.42,3.52,1.82,,2.71,24525
diversity,6.14,3.21,2.28,,3.05,16508
divert,4.42,4.10,2.86,4.59,3.31,11792
divide,4.78,4.62,2.86,,3.77,6207
divine,7.15,3.05,1.44,4.37,4.07,3940
division,4.42,3.57,2.80,,4.27,2811
divorce,2.49,5.39,3.25,5.33,4.51,1815
divorcee,3.29,3.80,3.80,,2.69,24968
divulge,4.79,5.43,2.23,,3.11,15245
divvy,4.81,3.27,,,2.65,25937
dizziness,3.36,4.95,3.07,,2.97,18107
dizzy,3.14,4.67,2.59,5.07,3.93,4893
do,5.41,3.67,2.46,,6.79,26
doable,5.52,4.24,2.03,,2.97,18107
doc,4.67,3.14,3.68,,4.91,905
docile,5.75,2.47,2.21,3.93,2.74,23718
dock,5.05,3.44,4.64,4.35,3.99,4460
docket,4.53,3.30,3.56,,3.08,15770
docking,5.20,3.74,3.25,,3.33,11461
doctor,5.93,4.05,4.69,6.46,5.42,381
doctorate,5.95,3.91,3.40,,2.96,18305
doctrine,4.89,3.00,2.12,3.24,2.94,18951
document,5.42,2.90,4.41,6.09,4.00,4350
documentary,5.91,3.76,3.78,,3.77,6207
documentation,4.84,3.38,3.55,,3.14,14727
documents,5.35,3.73,,,3.97,4588
dodger,4.70,3.95,3.63,,3.11,15245
dodgy,4.79,4.55,2.04,5.33,2.65,25937
dodo,3.91,4.00,,,3.01,17381
doer,5.63,4.38,2.76,,2.63,26447
dog,7.00,5.43,4.85,6.84,5.28,496
dogface,3.95,4.14,3.15,,2.69,24968
doggy,7.00,4.79,4.26,,3.65,7423
doghouse,5.10,2.68,4.79,,3.06,16358
dojo,6.00,4.15,3.96,,2.96,18305
dole,4.95,4.40,2.57,3.41,2.99,17712
doll,5.88,3.51,5.00,5.44,4.39,2260
dollar,7.39,5.57,4.93,5.54,4.44,2051
dollhouse,5.60,3.55,4.86,,2.65,25937
dolphin,6.67,3.00,4.96,5.71,3.44,9781
domain,5.05,3.36,3.40,,3.42,10178
dome,5.95,4.42,4.74,3.64,3.30,11968
domestic,5.05,2.80,2.57,,3.84,5602
domesticated,5.82,3.67,2.88,,2.75,23331
dominance,5.19,5.50,2.53,,2.89,19918
dominant,5.15,5.36,1.66,,3.21,13394
dominate,4.40,6.40,2.12,5.32,3.27,12325
domination,3.57,5.00,2.81,,3.19,13696
dominatrix,4.32,5.65,3.75,,2.65,25937
dominion,4.62,4.67,1.96,,3.06,16177
domino,5.00,3.46,4.59,,3.61,7859
donate,6.70,3.25,2.88,,3.60,7905
donation,7.00,4.00,3.32,,3.55,8526
donkey,6.29,2.90,5.00,5.28,3.73,6578
donor,6.57,3.76,3.54,,3.61,7787
doodle,6.39,4.09,4.21,,3.33,11528
doom,3.00,6.17,1.50,4.31,3.75,6380
doomsday,2.80,6.22,2.36,,2.92,19434
door,5.43,3.19,4.81,6.74,5.46,351
doorbell,5.33,4.17,4.82,,3.92,4923
doorknob,4.86,2.64,4.97,,3.23,13008
doorman,5.45,3.35,4.79,5.11,3.50,9025
doormat,3.68,3.20,4.83,,2.75,23331
doornail,4.68,3.32,4.90,,2.86,20727
doorstep,5.14,3.26,5.00,,3.53,8728
doorway,5.68,3.65,4.75,,3.51,8956
dopamine,4.64,4.58,3.67,,3.18,13906
dope,4.14,4.24,3.00,3.78,4.21,3117
dopey,3.86,2.91,2.30,4.12,3.16,14406
dork,4.35,2.88,3.10,,3.62,7679
dorky,5.12,4.50,2.77,,3.00,17531
dorm,5.16,4.29,4.41,,3.86,5418
dormant,4.85,3.00,2.47,,3.07,16056
dormitory,5.06,4.50,4.64,,3.01,17381
dorsal,5.05,3.70,4.07,,2.74,23718
dosage,4.57,4.00,4.07,,3.30,11850
dose,4.91,2.95,3.85,5.32,3.72,6625
dossier,4.84,3.72,4.21,,3.05,16508
dot,4.84,3.09,4.12,,3.82,5739
dotted,4.86,3.33,3.81,,3.01,17381
dotty,5.16,3.55,,,3.06,16358
double,5.78,3.38,3.37,,4.80,1114
doubt,3.28,4.33,1.79,6.03,4.80,1111
doubtful,3.86,4.55,1.73,,3.22,13293
douche,2.90,4.13,4.13,,3.37,10772
dough,6.00,4.10,4.79,5.34,4.20,3150
doughboy,4.84,4.00,3.91,,2.90,19680
doughnut,7.50,4.50,4.96,,3.63,7629
douse,3.92,3.92,3.27,,2.92,19434
dove,6.90,3.27,4.88,4.88,3.75,6408
downer,3.47,3.13,2.71,,2.93,19207
downfall,3.20,4.50,2.31,,3.10,15382
downfield,4.84,2.50,3.72,,2.61,27018
download,6.00,3.60,3.12,,3.52,8824
downriver,5.61,3.55,3.47,,2.80,22203
downside,3.55,4.63,2.00,,3.12,15104
downtime,5.80,3.06,1.93,,2.65,25937
downward,4.00,4.05,3.16,,3.08,15898
downy,5.77,3.11,,,2.63,26447
dowry,4.70,3.11,3.29,,3.17,14097
doze,5.95,3.37,3.46,,2.61,27018
dozen,5.78,2.95,4.66,,4.38,2304
dr. pepper,6.90,4.48,,,,
drab,2.76,2.35,2.32,3.62,2.92,19434
draft,5.30,4.10,3.15,5.27,3.86,5392
drafty,4.30,3.73,2.97,,2.81,21885
drag,3.68,4.81,4.17,5.26,4.42,2131
dragon,6.68,5.45,4.39,5.26,4.29,2716
dragonfly,6.45,3.86,4.83,,3.46,9629
drain,3.80,2.94,4.61,,3.94,4817
drainage,3.89,3.52,3.96,,2.96,18305
drainpipe,4.52,2.91,4.86,,2.75,23331
drake,5.05,4.32,4.26,,3.78,6123
drama,4.37,5.14,2.34,6.12,4.30,2632
dramatic,5.17,6.59,2.12,,3.99,4443
drape,4.95,3.29,4.50,,3.02,17010
drastic,4.63,5.20,1.58,,3.40,10367
drat,4.25,3.40,,,2.96,18305
draught,3.90,3.32,3.46,3.78,2.69,24968
draw,6.18,3.60,3.97,6.12,4.61,1546
drawback,4.38,3.08,2.52,,2.81,21885
drawbridge,5.45,3.30,4.89,,2.74,23718
drawer,4.67,3.00,4.67,,4.11,3612
dread,3.00,4.50,1.86,4.50,3.40,10367
dreaded,2.11,5.10,2.11,,3.14,14727
dreadful,2.60,4.50,2.23,,3.90,5063
dream,7.43,4.37,2.60,6.62,5.12,626
dreamboat,7.47,4.27,2.78,,2.63,26447
dreamer,7.45,4.40,2.19,,3.48,9255
dreamland,7.00,3.95,1.73,,2.67,25460
dreamy,7.52,4.90,2.21,,3.20,13601
dreary,3.55,3.54,2.33,4.34,3.26,12560
dredge,3.32,3.36,3.04,,2.69,24968
dress,6.42,4.73,4.93,6.71,4.94,847
dresser,5.28,2.58,4.96,4.62,3.55,8442
dressmaker,6.85,3.05,4.64,,2.75,23331
dressy,5.82,4.15,2.75,,2.81,21885
dribble,4.68,3.75,3.83,,3.13,14853
drift,5.09,3.32,3.07,4.67,3.81,5855
drifter,4.95,4.32,3.54,3.82,3.03,16856
driftwood,5.53,3.10,4.88,,2.94,18951
drill,4.73,5.11,4.40,4.88,4.14,3477
drink,6.67,5.19,4.76,,5.39,402
drinker,3.72,5.32,3.32,,3.27,12325
drip,5.52,3.70,4.14,,3.71,6772
drive,6.50,4.19,3.86,6.10,5.18,577
drivel,4.29,4.65,2.38,,2.86,20727
driver,6.39,3.15,4.71,,4.68,1369
driveway,4.57,3.38,4.77,,3.83,5681
drizzle,5.18,4.23,4.21,,2.65,25937
droll,5.09,3.41,,,2.71,24525
drone,3.50,4.30,3.93,,3.45,9660
drool,3.28,2.70,4.61,,3.34,11315
droopy,4.00,3.18,3.32,,2.72,24116
drop,4.23,4.67,4.21,5.84,5.12,632
dropout,3.33,4.70,3.52,,2.94,18951
dropper,5.05,3.45,3.79,,2.61,27018
drought,2.79,3.55,3.74,5.22,3.14,14627
drown,2.33,5.35,3.93,5.18,4.03,4202
drowsy,4.25,2.83,2.62,,2.87,20435
drug,4.11,4.48,4.48,6.45,4.65,1422
drug dealing,2.81,4.70,,,,
druggist,3.89,4.00,4.19,,2.72,24116
drugs,3.86,5.78,4.63,,4.68,1348
drugstore,4.74,4.05,4.82,,3.63,7548
drum,6.05,4.67,4.96,5.52,3.93,4869
drummer,6.53,4.50,4.44,5.65,3.57,8328
drunk,4.06,5.05,3.48,6.58,4.88,944
drunk driving,1.58,5.73,,,,
drunkard,3.28,4.45,3.77,,3.09,15637
drunken,3.00,4.36,3.30,,3.79,6002
drunkenness,3.42,6.05,3.16,,2.86,20727
dry,4.86,3.80,3.77,,4.63,1482
dryer,5.21,2.43,4.79,,3.66,7303
dual,5.14,4.39,3.07,,3.06,16358
dub,5.35,4.58,3.00,,3.04,16682
dubious,3.47,4.33,1.52,3.83,3.16,14304
duchess,6.15,3.92,4.46,,3.65,7361
duck,6.11,4.00,4.86,5.54,4.39,2260
duckling,7.18,3.92,4.93,,2.89,19918
ducky,6.60,3.81,3.03,,3.30,11968
duct,4.24,2.80,4.74,,3.50,9099
dud,3.74,3.33,2.78,,3.10,15382
dude,5.91,3.81,3.93,,5.00,761
due,4.94,4.38,3.21,,4.65,1441
duel,5.05,5.55,3.79,,3.37,10772
duet,6.11,3.79,3.78,5.09,3.12,15104
duffel,4.90,3.50,4.12,,3.18,14005
dugout,4.55,4.08,4.68,,2.96,18305
duh,4.50,3.90,1.57,,3.60,7905
duke,4.80,4.21,4.00,3.77,4.40,2241
dull,3.40,1.67,2.37,6.12,4.08,3827
dullard,4.68,3.58,,,2.63,26447
dumb,2.44,5.30,2.36,5.53,4.67,1381
dumbbell,4.71,3.54,4.69,,2.71,24525
dummy,3.66,3.79,3.96,5.03,3.99,4437
dump,3.73,3.67,3.93,5.29,4.46,1989
dumpling,6.48,2.50,4.65,,2.95,18526
dumpster,3.48,4.00,4.68,,3.60,7905
dunce,3.24,4.95,3.22,,2.71,24525
dune,5.35,2.76,4.46,3.48,3.01,17381
dung,3.86,3.45,4.64,4.49,3.25,12695
dungeon,3.52,5.13,4.32,4.68,3.41,10231
dunk,4.67,3.60,4.52,,3.42,10178
duo,6.45,3.75,3.70,,3.18,13906
dupe,4.00,3.73,2.23,,2.82,21557
duplex,5.67,3.09,4.18,,2.69,24968
duplicate,4.70,4.50,3.46,,3.36,10934
duration,5.43,3.30,2.08,,3.21,13489
duress,2.82,4.45,2.27,,3.07,16056
dusk,5.63,3.52,4.24,5.12,3.08,15770
dusky,4.95,4.55,,,2.63,26447
dust,3.72,3.45,4.40,6.12,4.38,2328
duster,5.26,2.85,4.64,5.00,2.61,27018
dustpan,4.67,2.86,5.00,5.12,2.44,31877
dusty,3.95,4.10,3.79,5.48,3.75,6425
duty,5.33,3.71,2.19,5.38,4.71,1300
dwarf,4.71,3.43,4.45,3.93,3.49,9198
dweeb,4.17,3.86,2.77,,2.75,23331
dwell,4.75,3.14,2.62,3.39,3.45,9744
dwelling,5.21,3.57,4.14,,3.13,14853
dye,5.25,3.30,4.58,5.73,3.59,8061
dyke,3.80,3.67,4.24,,3.42,10178
dynamic,6.10,5.43,2.44,,3.33,11528
dynamite,4.79,6.40,4.68,4.45,4.00,4350
dynamo,6.21,5.18,2.71,,2.72,24116
dynasty,5.16,4.45,2.46,2.85,3.41,10274
dysentery,3.00,3.75,3.45,,2.96,18305
dysfunction,3.18,4.90,1.88,,3.08,15770
dysfunctional,3.09,4.63,1.93,,3.19,13804
eager,6.37,5.78,1.93,5.70,3.84,5611
eagle,6.47,4.57,5.00,5.64,4.06,3971
ear,5.86,3.50,5.00,6.70,4.50,1853
earful,4.27,4.19,1.96,,2.65,25937
earl,5.15,3.64,2.85,,4.31,2607
earn,7.00,4.35,2.39,6.09,4.19,3234
earnest,5.90,3.81,2.24,,3.20,13601
earnings,6.37,4.84,4.39,,2.98,17898
earpiece,5.04,3.86,4.79,,2.74,23718
earring,6.45,3.59,4.96,,3.43,9916
earrings,5.32,4.22,,,3.79,6022
earth,6.83,5.04,4.80,6.21,5.00,760
earthling,5.53,3.09,3.85,,2.85,21003
earthly,5.63,3.55,2.41,,3.18,14005
earthquake,3.05,6.76,3.97,5.15,3.81,5883
earthy,6.50,3.29,2.15,,2.63,26447
ease,6.15,2.45,2.32,5.06,4.28,2737
east,6.33,2.50,3.04,,4.69,1323
eastbound,5.65,2.20,3.22,,2.90,19680
eastern,5.37,3.48,3.11,,3.91,5006
easy,7.47,3.82,2.07,6.00,5.42,380
easygoing,7.03,3.20,1.59,5.78,2.65,25937
eat,7.10,4.38,4.44,6.71,5.40,396
eater,4.95,4.23,3.75,,3.20,13601
eavesdrop,4.05,4.33,2.85,,2.90,19680
ebony,6.14,4.32,4.00,,2.95,18731
eccentric,5.37,5.19,1.81,5.03,3.55,8526
echelon,5.55,3.17,,,2.95,18526
echinacea,4.80,3.73,,,2.41,32774
echo,5.20,3.61,3.64,,3.84,5611
eclectic,5.90,4.50,2.26,,2.61,27018
eclipse,6.76,5.12,4.17,,3.45,9660
ecological,5.62,3.81,2.62,,2.67,25460
economic,5.10,3.62,2.20,5.41,3.70,6895
economics,5.20,3.70,1.77,,3.40,10484
economy,3.64,5.32,2.57,5.64,3.76,6233
ecosystem,6.50,3.71,4.11,,2.81,21885
ecstasy,7.19,6.11,2.04,4.85,3.50,9025
ecstatic,6.45,6.95,2.41,5.44,3.14,14727
edema,3.86,3.27,3.92,,3.03,16856
edge,4.43,4.65,4.24,6.03,4.37,2353
edgy,4.81,4.39,1.87,,3.36,10983
edible,6.68,5.15,3.55,,3.14,14627
edifice,5.00,3.95,3.64,1.94,2.63,26447
edit,4.95,4.10,3.28,5.97,3.18,13906
editing,5.45,5.58,3.17,,3.33,11461
edition,5.30,3.79,3.21,4.62,3.69,6979
editor,5.43,4.09,4.25,5.16,4.09,3745
editorial,5.18,2.90,3.44,,3.34,11241
educate,7.48,4.36,2.12,5.97,3.31,11732
education,6.58,4.64,2.93,6.69,4.29,2692
educational,6.60,4.52,2.10,,3.52,8847
educator,6.58,3.50,4.00,,2.69,24968
eel,4.14,4.79,4.69,4.82,3.16,14304
eerie,3.40,5.57,1.63,4.61,3.25,12772
effect,5.50,4.08,1.80,,4.38,2321
effective,6.95,3.95,2.04,,4.02,4229
effectiveness,6.90,4.95,2.07,,2.74,23718
efficiency,6.74,3.74,2.15,,3.44,9870
efficient,6.95,3.86,1.82,5.42,3.70,6895
effort,6.47,4.12,2.33,6.17,4.29,2710
effortless,7.10,3.43,1.96,,2.63,26447
egg,5.95,3.28,4.97,6.30,4.42,2164
egghead,4.47,3.59,3.17,,3.06,16358
eggnog,6.00,4.27,5.00,,3.19,13696
eggplant,5.55,3.14,4.97,,3.05,16508
eggshell,5.20,3.17,4.77,,2.67,25460
ego,4.38,4.17,1.74,5.07,3.88,5274
egomaniac,3.68,5.53,2.39,,2.85,21003
egotistical,3.08,5.14,1.76,,2.85,21003
eight,5.37,3.48,4.04,,4.99,769
eighteen,5.72,3.83,3.96,,3.78,6057
eighty,5.43,3.41,3.41,,3.41,10321
ejaculate,6.00,6.15,4.31,,2.69,24968
ejaculation,5.42,6.18,4.17,,2.77,22917
eject,3.95,4.42,3.22,,3.16,14406
ejection,3.50,4.29,3.03,,2.78,22564
el nino,4.29,4.09,4.00,,,
elaborate,6.38,4.23,2.68,5.26,3.68,7106
elastic,5.71,4.35,3.73,,3.02,17010
elated,6.56,5.14,2.28,3.90,2.47,31015
elbow,5.38,3.20,5.00,6.00,3.79,6022
elder,6.11,2.50,3.59,4.79,3.85,5517
elderly,4.63,2.73,3.68,,3.61,7758
elect,5.52,4.00,2.41,,3.16,14406
election,4.50,4.23,3.17,,4.04,4099
elective,5.38,3.54,2.38,,3.02,17194
electoral,4.21,3.86,2.24,,2.72,24116
electric,6.10,4.05,3.56,6.12,4.23,2967
electric slide,6.05,4.73,,,,
electrical,5.57,6.00,3.39,,3.94,4817
electrician,5.21,3.19,4.21,6.28,3.18,14005
electricity,6.15,4.30,3.90,6.39,4.06,3978
electrocute,3.27,6.00,3.82,,2.77,22917
electrocution,2.45,5.76,3.81,,3.00,17531
electromagnetic,5.10,5.22,2.90,,3.28,12244
electron,5.33,3.82,2.96,,2.87,20435
electronic,6.52,3.64,3.30,6.13,3.84,5611
electronics,6.50,4.60,4.37,,3.44,9870
elegance,6.91,4.24,2.18,,3.11,15245
elegant,7.00,4.43,2.31,5.88,3.80,5939
element,5.58,3.90,3.63,,3.82,5739
elemental,5.19,4.35,2.08,,2.84,21286
elementary,6.11,3.50,2.24,,3.68,7106
elephant,6.17,4.23,5.00,5.90,4.06,3999
elevate,6.42,4.65,3.37,,2.94,18951
elevation,5.67,3.57,3.79,,2.97,18107
elevator,5.95,3.65,4.79,5.50,4.39,2287
eleven,5.00,3.05,3.93,,4.11,3618
elf,6.10,4.30,4.30,5.06,3.58,8162
elicit,4.14,5.27,1.73,,2.71,24525
eligible,6.45,4.81,2.46,,3.52,8802
eliminate,3.89,3.64,2.77,,3.78,6112
elimination,3.86,3.35,2.00,,3.12,15104
elite,5.71,5.90,2.19,5.09,3.47,9402
elitist,4.50,4.57,2.42,3.62,2.67,25460
elixir,5.68,3.95,4.07,,2.96,18305
elk,5.81,3.48,4.93,2.71,3.78,6096
elm,6.32,3.05,4.69,3.56,3.16,14304
elope,6.58,5.70,2.81,,3.12,14978
eloquence,6.76,3.91,1.88,,2.74,23718
eloquent,7.16,4.61,1.93,,2.99,17712
elude,4.62,4.00,2.65,3.79,2.63,26447
elusive,4.30,4.50,1.90,,3.16,14406
email,6.00,4.50,4.69,,3.32,11598
emancipation,6.57,3.65,2.37,2.63,2.69,24968
embankment,5.00,3.62,4.07,,2.69,24968
embargo,5.05,4.59,3.00,,2.69,24968
embark,5.89,4.30,2.48,,3.10,15382
embarrass,3.38,5.47,2.14,5.85,3.95,4757
embarrassed,3.51,5.38,2.00,,4.33,2515
embarrassing,3.53,5.95,2.11,,4.36,2399
embarrassment,2.72,5.45,2.43,6.03,3.69,7017
embassy,5.30,3.91,3.96,,3.89,5155
embattled,4.05,4.02,1.96,,1.59,60385
embezzlement,2.95,4.67,2.67,,2.98,17898
embezzler,3.05,5.24,3.28,,2.63,26447
emblem,6.00,2.67,4.30,,2.82,21557
embodiment,5.72,3.78,2.14,,2.77,22917
embolism,2.14,4.17,2.89,,2.82,21557
embrace,7.00,5.82,3.38,5.65,3.88,5240
embroidery,6.53,2.85,4.63,,2.71,24525
embryo,5.75,3.70,4.61,,2.89,19918
emcee,5.15,4.05,4.46,,2.72,24116
emerald,7.30,5.33,4.93,4.59,3.41,10231
emerge,5.75,4.74,2.27,,3.24,12846
emergency,2.72,6.43,2.41,6.24,4.74,1228
emery,4.74,3.59,,,3.28,12186
eminence,5.43,4.50,1.95,,3.28,12244
eminent,5.58,4.95,2.03,,3.22,13228
emissary,4.76,3.39,3.09,,3.01,17381
emission,4.10,3.67,3.33,,2.71,24525
emit,4.81,3.96,3.22,,2.61,27018
emotion,6.62,4.75,2.44,6.32,3.92,4936
emotional,5.11,5.32,2.00,6.00,4.33,2540
empathize,7.10,3.55,2.23,,2.81,21885
empathy,7.29,3.62,1.63,5.83,3.06,16177
emperor,4.68,4.25,4.35,,4.13,3510
emphasis,5.26,4.10,2.12,5.27,3.11,15245
emphasize,5.75,4.21,2.00,5.75,3.05,16508
emphysema,2.47,4.25,3.65,,2.75,23331
empire,5.36,4.59,3.00,4.42,4.10,3685
empirical,4.67,4.14,1.96,,2.67,25460
employ,5.89,3.83,2.41,5.61,3.53,8747
employee,5.29,4.65,4.10,6.21,4.06,3957
employer,5.30,4.06,3.81,5.84,3.73,6563
employment,6.00,5.02,3.30,5.69,3.73,6595
emporium,5.25,4.17,3.86,3.18,2.95,18731
empress,4.95,3.87,,,3.46,9549
emptiness,3.26,3.18,2.32,,3.26,12560
empty,3.78,2.25,3.43,6.27,4.67,1373
emu,5.45,4.00,4.79,,2.65,25937
emulate,5.11,4.15,2.37,,2.75,23331
enable,5.13,3.95,2.03,,3.17,14097
enamel,5.42,3.79,4.21,,2.77,22917
enchanted,7.16,5.27,2.07,,3.44,9781
enchanting,6.80,5.56,2.07,,3.31,11732
enchantment,6.80,5.29,1.63,,2.77,22917
enchantress,5.82,4.10,2.84,,2.77,22917
enchilada,6.63,4.39,4.67,,2.84,21286
enclosure,4.60,3.35,4.04,,2.61,27018
encore,6.90,4.09,2.81,4.58,3.40,10484
encounter,5.16,4.67,2.93,,3.75,6408
encourage,7.16,4.38,2.61,,3.78,6078
encouragement,6.70,5.59,1.96,,3.34,11188
encouraging,6.89,4.23,2.00,,3.51,8927
encryption,5.14,4.00,3.29,,3.22,13293
encyclopedia,6.14,5.00,4.79,5.40,3.21,13489
end,4.73,3.95,3.14,6.36,5.42,379
end table,5.25,2.70,,,,
endanger,2.67,4.72,1.96,,3.23,13116
endangerment,3.00,4.84,1.89,,2.80,22203
endearing,7.17,4.17,1.90,,2.95,18731
endeavor,6.42,4.19,2.21,,3.18,14005
endgame,4.23,5.26,,,2.75,23331
ending,4.23,4.19,2.31,5.76,4.20,3137
endless,4.00,4.23,1.82,5.62,3.82,5739
endorse,5.20,3.17,2.41,,3.24,12846
endorsement,6.05,3.76,2.53,,3.15,14512
endowment,6.00,3.67,2.89,,2.75,23331
endurance,6.86,5.60,2.00,,3.13,14853
endure,4.95,3.77,2.00,4.85,3.65,7423
enduring,6.67,3.36,2.14,,2.98,17898
enema,3.29,4.13,4.44,,3.16,14406
enemy,2.22,5.30,2.83,,4.69,1344
energetic,7.57,6.10,2.83,,3.12,15104
energize,7.43,6.00,2.46,,2.61,27018
energy,6.90,6.25,3.11,,4.52,1809
enforce,5.32,5.30,2.40,,3.23,13008
enforcement,4.67,4.48,2.48,,3.82,5725
enforcer,3.81,4.20,3.23,,2.84,21286
engage,6.60,5.28,2.07,4.97,3.79,6015
engaged,6.78,5.20,2.37,5.73,4.42,2167
engagement,6.65,5.19,2.75,5.17,4.12,3599
engine,5.48,3.89,4.86,5.75,4.50,1857
engineer,5.79,4.22,4.64,5.94,4.07,3922
engineering,6.00,3.14,2.69,,3.82,5797
engraving,6.17,3.05,4.28,,2.67,25460
enhance,6.62,4.04,2.21,5.12,3.39,10540
enhancement,6.29,4.39,2.29,,2.67,25460
enigma,5.35,4.65,1.79,,2.97,18107
enjoy,7.67,5.00,2.29,6.03,4.92,891
enjoyable,7.63,4.77,2.04,,3.29,12042
enjoyment,8.37,5.48,2.17,6.27,3.14,14727
enlarge,5.33,3.87,3.17,,2.95,18526
enlargement,4.65,3.86,3.38,,2.63,26447
enlighten,7.38,3.23,1.48,,3.33,11461
enlightening,7.00,5.91,1.19,,2.87,20435
enlightenment,6.79,4.52,1.50,,3.17,14196
enlist,4.42,3.71,2.71,,3.20,13601
ennui,4.13,3.26,,,2.59,27607
enormous,5.68,5.05,2.90,,4.01,4283
enraged,2.33,5.22,2.58,4.37,2.85,21003
enroll,5.94,4.25,2.59,,2.84,21286
enrollment,6.19,3.76,2.96,,2.67,25460
ensemble,5.67,3.86,3.70,,3.06,16358
enslave,2.67,5.35,2.36,,2.84,21286
ensure,5.71,3.57,1.68,5.25,3.70,6895
entail,5.35,4.11,1.84,3.88,2.77,22917
enter,6.09,4.30,3.12,6.00,4.47,1945
enterprise,6.00,4.00,2.04,4.49,3.91,5016
enterprising,5.52,4.33,1.86,,2.72,24116
entertain,7.21,5.19,2.55,,3.79,6022
entertainer,6.48,6.15,4.17,,3.22,13228
entertaining,8.00,5.28,2.04,,3.75,6359
entertainment,7.59,6.42,2.92,,4.10,3711
enthusiasm,7.14,4.18,2.34,6.32,3.65,7350
enthusiast,6.65,5.91,2.23,,2.77,22917
enthusiastic,7.55,5.90,2.76,6.00,3.45,9744
entice,5.33,4.42,2.00,,2.72,24116
entire,5.67,2.85,2.03,,4.90,913
entirety,5.95,3.10,3.07,,2.69,24968
entitle,4.89,4.00,2.25,5.12,2.65,25937
entity,5.19,3.48,2.68,,3.23,13008
entourage,4.90,4.00,3.46,,3.14,14727
entrails,3.37,4.70,4.58,,2.95,18526
entrance,6.05,3.70,4.23,,4.20,3176
entrapment,3.30,5.91,2.31,,2.94,18951
entree,6.63,3.95,4.28,,2.93,19207
entrepreneur,6.14,3.68,3.07,4.46,3.04,16682
entrust,6.32,3.20,2.16,,2.87,20435
entry,4.95,4.41,3.62,5.88,4.08,3810
envelope,5.95,2.80,4.93,5.88,4.00,4362
envious,3.52,5.10,1.76,,3.10,15382
environment,6.70,3.45,3.74,,4.11,3659
environmental,5.50,6.05,2.63,,3.52,8847
envision,6.14,3.76,2.38,,2.74,23718
envoy,4.90,3.74,3.50,,2.95,18731
envy,3.05,4.35,1.69,,3.98,4526
enzyme,5.14,3.10,3.57,,3.03,16856
epic,7.19,4.80,2.19,,3.37,10772
epidemic,2.05,6.18,3.23,4.74,3.53,8672
epidural,3.65,4.94,3.41,,2.75,23331
epilepsy,2.70,5.00,3.29,,3.02,17010
epileptic,3.32,4.62,3.10,,3.08,15770
epiphany,7.06,4.60,1.60,,3.12,15104
episode,5.00,3.67,3.22,6.12,4.09,3774
epitaph,4.53,3.52,3.74,,2.72,24116
epitome,5.67,4.23,1.80,,2.65,25937
equal,6.47,3.52,2.56,6.06,4.13,3534
equality,6.75,4.73,1.41,5.93,3.28,12186
equalizer,5.05,3.68,2.54,,2.63,26447
equate,6.16,3.84,1.93,,2.61,27018
equation,5.29,3.91,3.65,,3.54,8555
equator,5.42,4.10,3.85,,2.80,22203
equestrian,5.71,3.35,3.96,,2.61,27018
equilibrium,6.32,2.50,2.62,,2.96,18305
equipment,5.62,3.04,4.83,6.00,4.41,2214
equity,5.41,3.91,2.22,,3.12,14978
equivalent,5.89,3.95,2.57,,3.42,10088
era,5.29,3.62,2.24,,3.76,6303
eradicate,3.79,5.09,3.00,,2.74,23718
erase,4.89,3.55,3.79,5.31,3.79,5974
eraser,5.64,3.57,4.74,,3.01,17381
erect,5.79,5.43,3.74,,3.08,15898
erectile,4.50,5.50,2.46,,2.69,24968
erection,7.38,7.37,4.22,,3.34,11241
ergo,4.86,4.00,,,2.94,18951
erosion,3.79,5.86,3.83,,2.75,23331
erotic,5.83,7.27,2.26,5.32,3.60,7979
erotica,6.10,6.52,3.28,,2.75,23331
err,3.58,3.68,,,3.18,13906
errand,4.68,3.89,3.37,5.41,3.60,7877
errant,4.43,4.80,2.04,,2.71,24525
erratic,3.21,5.10,1.73,,3.23,13116
erroneous,4.38,4.64,1.68,,2.74,23718
error,3.36,4.43,2.68,5.82,3.97,4613
erupt,5.14,6.41,3.70,,2.61,27018
eruption,4.74,6.09,3.56,4.82,2.61,27018
escalate,4.05,6.25,2.39,,2.86,20727
escalating,4.76,4.50,2.26,,2.80,22203
escalation,4.82,4.91,2.27,,2.61,27018
escalator,5.95,4.55,5.00,,3.12,15104
escape,5.50,4.55,3.34,5.33,4.65,1450
escort,5.35,5.32,4.30,3.94,4.17,3321
escrow,4.56,3.11,2.71,,3.19,13696
esophagus,4.50,3.76,4.59,,2.86,20727
espionage,4.05,5.50,2.53,,3.24,12929
espresso,6.68,5.25,4.41,,3.32,11666
esquire,5.67,2.90,2.85,,3.00,17531
essay,4.90,4.00,3.97,,3.79,6022
essence,6.75,3.86,1.66,4.47,3.75,6370
essential,6.26,4.30,1.52,,3.69,7017
establish,5.58,3.72,2.00,,3.80,5907
estate,5.65,3.45,4.11,4.90,4.32,2548
esteem,6.38,3.91,1.83,,3.23,13008
esteemed,5.95,4.72,1.96,,3.17,14097
estimate,5.95,3.41,2.65,5.44,3.68,7083
estimation,4.67,3.18,1.97,,2.71,24525
estranged,3.67,3.95,1.82,,2.63,26447
estrogen,5.22,4.45,3.68,,2.72,24116
eternal,6.76,3.59,1.76,,4.03,4171
eternity,6.05,3.77,1.46,,3.90,5070
ether,4.63,4.81,3.88,,3.33,11461
ethic,6.00,3.57,1.59,,3.02,17010
ethical,5.78,3.78,1.30,,3.44,9870
ethics,6.00,3.71,2.28,,3.73,6578
ethnic,5.36,3.55,2.47,4.90,3.26,12629
etiquette,6.00,3.71,2.15,,3.28,12244
eucalyptus,6.05,3.10,4.77,,2.71,24525
eulogy,3.43,4.16,3.48,,3.22,13228
euphemism,5.05,3.48,1.74,,2.96,18305
euphoria,7.26,5.68,1.47,4.09,2.71,24525
euphoric,7.80,5.25,2.18,,2.63,26447
euro,5.35,3.57,4.30,,2.80,22203
euthanasia,3.30,5.18,3.08,,2.67,25460
evacuate,3.40,5.17,3.30,,3.75,6380
evacuation,4.23,5.24,3.44,,3.52,8802
evade,4.55,5.91,2.67,,2.95,18526
evaluate,5.10,3.78,1.85,5.31,3.24,12846
evaluation,4.86,5.89,3.00,,3.65,7423
evaporate,5.40,4.00,3.29,,2.69,24968
evasion,3.36,4.77,2.46,,3.07,16056
evasive,3.24,3.39,1.97,,3.26,12560
evening,7.09,3.10,3.26,6.51,5.08,666
evens,5.33,3.70,,,2.74,23718
event,6.21,5.10,2.69,6.12,4.42,2136
eventual,5.05,3.42,1.81,,2.65,25937
everlasting,6.55,3.85,1.89,,3.41,10274
everyday,5.47,3.14,2.43,,4.04,4124
everyman,5.42,3.52,,,2.69,24968
evict,2.63,4.73,3.18,,2.86,20727
eviction,3.00,4.67,3.13,,2.94,18951
evidence,4.72,3.90,3.65,5.67,4.93,872
evident,5.10,3.76,2.04,,3.13,14853
evidentiary,4.50,4.22,,,2.67,25460
evil,2.34,5.67,1.93,5.47,4.86,976
evolution,5.35,6.30,2.61,,3.73,6595
evolutionary,5.62,5.59,1.78,,3.08,15898
evolve,5.70,4.46,1.96,,3.22,13293
ex,2.70,4.79,2.58,,4.10,3711
exact,5.58,3.95,2.54,5.94,4.35,2419
exacting,5.42,4.45,2.04,,2.67,25460
exaggerate,4.36,4.48,2.23,,3.29,12042
exaggeration,4.19,5.80,2.29,,2.97,18107
exam,4.33,5.17,4.48,6.59,4.13,3527
examination,5.05,4.50,3.93,5.94,3.74,6462
examine,5.61,3.95,2.86,,4.00,4410
examiner,4.29,3.70,3.57,,3.41,10274
example,4.90,3.55,3.03,,4.48,1934
excavation,4.89,4.64,3.23,,2.81,21885
exceed,4.79,5.52,1.76,,3.10,15382
excel,5.95,4.85,2.15,5.30,2.87,20435
excellence,7.87,5.30,2.20,5.85,3.42,10088
excellent,7.56,5.15,2.11,6.39,4.72,1261
excelsior,5.95,4.00,,,2.88,20159
exception,5.25,4.35,1.85,,3.90,5049
exceptional,7.32,5.00,2.34,,3.47,9479
excess,4.29,5.42,2.50,,3.49,9225
excessive,4.37,3.73,2.25,,3.39,10593
exchange,5.90,4.76,2.74,,4.31,2627
excitable,5.68,5.43,2.41,,2.69,24968
excite,7.79,6.61,1.97,,3.33,11377
excited,8.11,6.43,2.32,6.48,4.69,1342
excitement,7.62,6.21,2.48,6.47,4.09,3768
exciting,7.95,6.95,1.96,6.44,4.54,1726
exclamation,6.85,5.40,2.48,,2.75,23331
exclude,3.55,4.81,2.62,5.84,3.01,17381
exclusive,4.50,5.00,2.11,,3.89,5145
excrement,2.00,4.64,4.43,4.00,3.09,15637
excruciating,2.10,5.30,2.21,,3.12,14978
excursion,5.83,4.26,2.93,,2.84,21286
excuse,4.52,3.61,2.29,6.10,5.57,295
exec,4.86,3.71,,,3.04,16682
execute,3.94,5.79,2.76,4.61,3.75,6425
execution,2.28,6.00,3.93,4.39,3.99,4460
executioner,2.23,6.59,4.17,3.53,3.14,14727
executive,4.95,4.32,4.00,,4.03,4198
executor,3.95,5.10,3.23,,2.81,21885
exemplary,5.58,4.79,1.64,,2.95,18731
exempt,4.84,4.43,1.93,,2.87,20435
exemption,5.37,4.17,2.17,,2.61,27018
exercise,6.33,5.41,3.87,6.21,4.25,2904
exert,5.47,4.64,2.43,4.51,2.84,21286
exhale,6.11,3.75,3.90,,3.23,13116
exhaust,4.00,4.26,2.96,5.64,3.33,11377
exhaustion,3.21,4.52,3.04,5.53,3.21,13394
exhaustive,4.24,4.50,2.30,,2.75,23331
exhibit,5.77,5.48,3.50,4.91,3.88,5227
exhibition,5.53,5.38,3.52,,3.61,7807
exhilarated,6.90,6.55,2.20,,2.67,25460
exhilarating,7.39,6.83,1.93,,3.06,16358
exhumation,2.89,4.50,3.33,,2.65,25937
exhume,3.95,4.50,3.85,,2.69,24968
exile,3.32,5.87,2.15,,3.27,12325
exist,5.90,4.00,2.38,5.76,4.46,1984
existence,6.25,4.38,1.54,5.81,4.07,3922
existential,5.86,4.28,1.73,,2.87,20435
existing,4.83,5.05,2.00,,3.29,12112
exit,5.35,3.18,3.93,,4.19,3199
exodus,4.63,4.45,2.59,,2.90,19680
exonerate,5.44,3.83,1.75,,2.86,20727
exorcism,3.15,5.96,2.86,,3.27,12325
exorcist,3.76,6.29,3.43,,3.00,17531
exotic,7.55,6.90,2.11,,3.78,6096
expand,5.35,3.30,3.36,5.67,3.54,8555
expansion,6.40,5.70,3.00,,3.24,12846
expect,5.95,4.86,1.89,,5.02,735
expectancy,6.32,4.35,1.85,,2.81,21885
expectation,6.10,4.50,1.62,,3.12,14978
expedient,5.30,4.55,2.00,,2.65,25937
expedite,6.10,4.86,3.04,,2.84,21286
expedition,6.53,4.50,2.96,4.61,3.75,6337
expel,3.75,4.24,2.88,4.73,3.14,14627
expendable,3.85,5.11,1.40,,3.18,13906
expense,3.90,4.82,2.57,,3.87,5301
expensive,3.36,6.10,3.13,6.32,4.45,2040
experience,6.89,3.71,1.80,,4.78,1139
experiment,6.05,4.86,3.38,6.12,4.21,3095
experimental,5.65,5.57,2.15,,3.59,8000
experimentation,6.00,5.52,2.31,,2.78,22564
expert,6.74,4.05,2.85,5.72,4.34,2454
expertise,6.10,5.95,1.64,,3.60,7905
expiration,3.45,4.29,2.61,,3.02,17194
expire,3.16,4.00,2.73,,2.96,18305
explain,5.41,4.00,1.97,6.18,5.05,700
explanation,6.38,4.05,1.87,,4.30,2640
explicit,4.82,5.23,1.86,,3.15,14512
explode,4.38,5.32,4.10,,3.99,4443
exploit,3.65,5.24,1.68,,3.39,10540
exploitation,2.89,6.10,1.70,,3.01,17381
exploration,6.71,5.00,2.83,5.50,3.28,12244
exploratory,5.95,4.29,1.90,,2.71,24525
explore,7.00,4.05,2.90,5.85,3.79,5974
explorer,5.90,5.24,4.04,5.18,3.28,12186
explosion,3.17,6.35,4.52,,4.22,3054
explosive,4.14,6.62,3.74,,3.73,6614
expo,6.26,4.43,3.21,,2.61,27018
export,4.79,3.45,2.76,4.52,3.11,15245
expose,4.14,5.89,3.46,,3.85,5504
exposition,5.43,4.30,2.46,,2.90,19680
exposure,4.81,5.45,2.39,,3.76,6303
express,5.53,4.79,2.21,5.79,4.25,2883
expression,6.15,4.33,2.54,6.03,4.11,3665
expressive,5.95,5.50,2.03,,2.67,25460
expressway,4.55,4.06,4.03,,2.99,17712
expulsion,2.52,4.65,2.86,,2.92,19434
exquisite,7.53,4.59,1.78,4.44,3.62,7679
extend,5.86,3.62,2.93,,3.81,5855
extension,5.00,4.15,2.93,,3.73,6549
extensive,5.25,4.75,1.79,,3.57,8265
extent,5.57,3.68,1.44,,3.61,7807
exterior,5.55,3.39,4.00,,3.38,10715
exterminate,3.19,6.04,2.86,4.23,3.06,16358
extermination,3.65,5.50,2.37,,3.02,17194
exterminator,3.19,5.13,4.14,,3.30,11850
external,5.37,3.00,2.82,,3.40,10484
extinct,2.74,4.55,2.53,,3.40,10367
extinction,3.10,5.00,2.43,,3.18,14005
extinguish,4.65,4.91,3.47,,2.94,18951
extinguisher,4.76,4.43,4.70,,3.19,13804
extort,3.19,4.48,2.59,,2.82,21557
extortion,2.15,4.56,2.69,,3.41,10231
extra,6.39,2.90,2.46,,4.77,1163
extract,5.15,3.45,3.56,,3.47,9440
extraction,3.86,5.20,3.14,,3.40,10484
extracurricular,6.10,4.33,2.07,,3.17,14196
extradition,3.68,3.45,2.29,,3.12,15104
extraordinaire,6.84,5.88,2.00,,2.82,21557
extraordinary,7.45,4.22,2.13,,4.18,3261
extraterrestrial,5.60,5.86,2.50,,3.30,11850
extravagance,5.74,5.40,1.73,,2.74,23718
extravagant,6.32,5.25,2.28,4.66,3.17,14196
extravaganza,6.89,5.52,2.58,,2.86,20727
extreme,5.65,6.18,1.96,6.37,4.04,4109
extremity,4.64,4.86,3.07,,2.61,27018
eye,6.18,3.95,4.90,6.70,5.05,697
eyeball,5.67,3.86,4.92,,3.27,12417
eyebrow,5.26,2.91,4.85,,3.15,14512
eyeful,5.29,5.15,3.00,,2.65,25937
eyeglasses,5.09,3.39,4.92,,2.84,21286
eyelash,5.45,2.61,5.00,,2.95,18731
eyeliner,6.42,3.67,4.83,,3.02,17194
eyes,6.57,3.18,4.85,6.82,5.34,445
eyesight,6.14,3.52,3.59,,3.29,12042
eyewitness,4.47,4.73,3.61,,3.60,7931
fable,5.75,4.09,3.07,,2.61,27018
fabled,5.79,4.61,2.11,,2.67,25460
fabric,6.05,2.40,4.63,5.77,3.68,7049
fabrication,4.00,4.11,2.86,4.03,2.94,18951
fabulous,7.84,5.15,2.12,5.82,4.31,2604
facade,4.63,3.62,3.19,,2.93,19207
face,6.36,4.59,4.87,6.63,5.46,357
faceless,2.58,4.10,3.00,,2.87,20435
facial,6.24,4.55,3.62,,3.76,6273
facilitate,4.63,3.62,1.50,,3.00,17531
facility,5.33,4.00,3.58,4.97,4.15,3387
fact,6.23,3.29,2.72,6.39,5.24,532
faction,5.11,4.10,2.85,2.60,3.06,16177
factor,4.90,3.60,2.79,,3.86,5405
factory,4.95,3.00,4.76,5.76,4.23,3006
factual,5.89,3.18,2.41,,2.74,23718
faculty,5.63,4.86,3.96,,3.69,7003
fad,4.55,3.83,2.36,,2.89,19918
fade,4.65,3.20,2.48,5.47,3.75,6380
fag,2.05,5.32,2.93,,3.73,6549
faggot,2.32,5.68,3.57,,3.84,5611
fail,2.33,5.50,3.00,5.96,4.39,2275
failure,2.15,5.00,2.08,6.22,4.30,2642
faint,4.00,3.74,3.74,5.18,3.97,4613
fair,7.14,3.29,2.39,6.42,4.98,793
fairness,7.48,4.54,1.83,,3.31,11732
fairway,4.81,3.38,4.21,,2.69,24968
fairy,6.71,5.04,4.11,4.97,4.22,3026
faith,6.44,3.40,1.63,5.62,4.67,1390
faithful,7.95,4.48,2.20,5.88,3.96,4658
faithless,3.57,4.10,1.70,,2.74,23718
fake,2.62,5.15,1.97,6.07,4.56,1663
faker,2.76,3.96,2.89,,3.24,12846
falafel,5.52,3.68,,,2.80,22203
falcon,5.50,5.00,4.90,4.25,3.52,8802
fall,3.89,4.24,4.04,5.79,5.07,674
fallacy,4.00,4.00,1.80,2.97,2.61,27018
fallback,4.81,3.72,2.15,,2.81,21885
fallopian,4.59,3.61,3.58,,2.65,25937
fallout,2.84,4.55,2.62,,3.34,11241
fallow,4.43,3.48,,,2.92,19434
false,3.27,5.23,2.36,5.70,4.32,2545
fame,5.45,4.63,1.96,5.97,3.94,4811
famed,5.33,3.90,1.81,,2.93,19207
familiar,6.19,2.50,2.03,,4.54,1732
familiarity,6.80,2.67,2.14,,2.84,21286
family,7.25,4.35,4.23,6.50,5.55,300
famine,2.95,6.10,3.55,,3.21,13489
famished,4.47,6.43,2.30,,3.16,14304
famous,5.89,4.20,2.07,6.24,4.65,1429
fan,6.81,3.70,4.71,,4.55,1708
fanatic,4.67,6.17,2.25,,3.22,13228
fanatical,3.86,5.87,2.17,,2.74,23718
fanciful,7.05,4.81,1.80,3.46,2.71,24525
fancy,7.43,5.42,2.50,,4.54,1725
fanfare,5.30,4.91,3.36,,3.06,16358
fang,4.62,4.12,4.26,,3.29,12112
fantasize,7.00,5.00,2.14,,3.25,12772
fantastic,8.36,6.40,1.78,6.06,4.60,1557
fantasy,7.15,6.18,1.59,5.59,4.21,3086
faraway,4.70,3.44,2.96,,3.26,12485
farce,4.33,3.96,2.32,,3.25,12772
fare,4.86,2.30,4.11,4.64,3.79,6015
farewell,3.43,4.20,2.21,4.79,3.98,4561
farm,6.22,3.05,4.59,6.03,4.48,1930
farmer,6.14,3.67,4.54,5.46,4.07,3885
farmhouse,5.81,3.50,4.74,,3.12,14978
farming,5.47,3.25,3.46,,3.21,13394
farmland,6.58,3.14,4.86,,2.61,27018
fart,4.05,4.74,4.18,6.36,3.81,5848
fascinate,7.00,6.10,1.75,,2.72,24116
fascinating,7.37,5.14,1.93,5.94,4.18,3268
fascination,7.25,5.08,1.89,,3.25,12695
fascism,2.50,5.10,1.83,,2.89,19918
fascist,3.10,4.74,2.26,,3.39,10540
fashion,5.26,5.25,3.43,6.31,4.27,2776
fashionable,7.33,4.05,1.93,,3.29,12112
fastball,5.70,6.10,3.79,,3.07,16056
fasten,5.63,4.00,4.14,,3.57,8234
fat,2.74,3.89,4.52,6.64,4.90,918
fatal,2.00,6.79,3.19,5.42,3.85,5484
fatality,2.85,6.05,3.50,,2.96,18305
fate,5.38,5.20,1.53,5.41,4.43,2101
fated,4.43,3.85,1.50,,2.81,21885
fateful,5.00,4.50,1.31,,3.01,17381
fathead,3.47,5.00,3.11,,2.82,21557
father,6.88,3.68,4.52,5.97,5.74,208
fatherhood,6.77,4.57,2.76,,2.67,25460
fatherland,5.10,3.57,2.74,,2.89,19918
fatherly,6.53,3.54,2.56,,2.80,22203
fathom,5.21,4.71,2.07,,3.02,17010
fatigue,3.64,3.26,3.14,5.27,3.26,12485
fatigued,2.89,3.78,,,2.69,24968
fatso,2.68,5.33,2.86,,3.50,9066
fatten,3.89,3.39,3.23,,2.67,25460
fatty,2.38,3.35,3.90,,3.71,6786
faucet,5.55,3.53,4.48,,3.16,14304
fault,3.53,4.02,2.41,5.71,5.02,731
faulty,3.48,4.68,2.10,,3.22,13293
faun,5.10,4.18,,,2.72,24116
fauna,6.05,3.25,3.96,,2.74,23718
faux,4.25,3.57,2.50,,2.92,19434
favor,6.67,4.61,2.07,,4.85,1004
favorable,6.90,4.59,2.32,,3.04,16682
favorite,7.39,4.40,2.71,,4.77,1158
favoritism,4.81,5.15,1.93,,2.63,26447
fawn,6.15,3.92,4.30,,2.86,20727
fax,5.24,3.37,4.48,,3.85,5538
faze,4.82,3.91,,,2.65,25937
fear,2.93,6.14,2.57,5.97,4.84,1041
fearful,2.66,5.45,2.20,5.00,3.34,11315
fearless,5.81,4.05,1.90,,3.48,9366
fearsome,3.32,5.45,2.00,,2.89,19918
feasible,5.84,4.20,1.57,,2.80,22203
feast,7.57,5.26,4.30,,3.83,5688
feat,6.00,4.00,2.44,3.93,3.19,13804
feather,6.30,3.29,4.90,,3.82,5739
feathered,6.29,3.36,3.96,,2.84,21286
feature,5.60,3.91,2.96,5.09,3.77,6207
fecal,2.40,4.52,3.93,,2.78,22564
feces,2.23,4.35,4.96,,2.88,20159
federal,3.06,4.45,2.41,,4.36,2387
federation,4.68,3.55,2.24,,3.59,8061
fee,2.86,4.08,3.89,,3.99,4484
feeble,3.87,3.68,2.59,3.77,3.23,13008
feed,6.95,4.55,4.17,,4.63,1496
feedback,5.91,4.17,2.48,,3.44,9821
feeder,5.18,4.22,4.36,,2.85,21003
feel,6.27,4.05,2.28,,5.80,192
feeling,6.50,3.86,1.68,,5.23,543
feign,4.45,3.72,2.11,,2.67,25460
feisty,5.76,6.30,2.00,,3.15,14512
feline,6.86,3.58,4.38,4.50,2.96,18305
feller,4.82,3.14,,,3.24,12929
fellow,6.28,3.05,3.67,,4.77,1176
fellowship,6.43,2.91,2.28,,3.47,9440
felon,2.20,4.95,3.83,,3.40,10367
felony,2.42,4.95,3.50,,3.75,6394
female,7.52,5.90,4.57,,4.50,1869
feminine,7.33,4.32,2.41,,3.66,7262
femininity,6.25,4.48,2.17,,2.61,27018
feminist,4.26,3.89,2.46,,3.26,12485
femme,6.17,4.40,2.95,,3.10,15529
femoral,4.50,4.28,,,3.03,16856
femur,4.55,3.06,4.88,,3.06,16177
fence,5.05,2.70,4.82,5.11,4.21,3118
fencing,5.17,3.86,4.45,,3.14,14627
fend,4.82,4.74,2.34,,2.97,18107
fender,5.11,3.25,4.54,,3.41,10274
fennel,5.35,3.59,,,2.89,19918
fern,6.52,3.15,5.00,,3.51,8991
ferocious,3.21,6.67,2.96,,3.19,13696
ferret,4.89,4.11,4.97,4.43,3.22,13293
ferry,6.30,2.71,4.83,5.21,3.73,6578
ferryboat,5.86,4.10,4.77,,2.63,26447
fertile,7.00,5.41,2.96,,3.20,13601
fertility,5.85,4.72,2.59,,3.28,12186
fertilize,5.45,4.27,3.72,,2.63,26447
fertilizer,4.45,3.45,4.76,,3.30,11968
fess,3.57,3.43,,,2.78,22564
fest,6.57,4.78,3.68,,3.14,14727
festival,6.84,5.86,4.33,5.88,4.00,4405
festive,7.14,5.67,2.74,5.76,3.29,12112
fetal,3.95,4.36,3.64,,3.07,16056
fetch,5.32,4.05,3.42,,4.04,4102
fetish,5.00,4.67,2.48,,3.36,10934
fetus,4.74,4.24,4.62,,3.21,13394
feud,4.04,5.10,3.18,,3.12,15104
fever,2.92,5.02,3.27,5.64,4.30,2651
feverish,3.09,5.35,2.57,,2.82,21557
fiancee,7.14,5.04,3.86,,3.48,9293
fiasco,4.05,5.28,2.28,,3.22,13293
fib,3.15,5.60,2.47,,3.11,15245
fiber,5.42,3.58,4.50,4.29,3.49,9225
fiberglass,4.37,2.59,4.90,,2.69,24968
fibrosis,3.26,4.10,,,2.61,27018
fickle,4.75,5.25,2.24,,3.08,15898
fiction,6.47,4.70,2.14,5.84,3.78,6057
fictional,5.95,3.61,2.11,,3.15,14512
fictitious,5.85,4.38,2.46,3.68,2.80,22203
fiddle,5.05,4.05,4.81,5.19,3.56,8366
fiddler,5.62,3.87,4.58,3.66,2.95,18526
fidelity,6.70,3.83,1.87,,3.30,11908
field,5.73,3.84,4.26,5.94,4.85,1015
field hockey,4.86,3.50,,,,
fielder,4.72,4.19,3.89,,2.75,23331
fiend,3.77,5.18,2.93,,3.45,9706
fiendish,3.95,4.72,1.79,,2.78,22564
fierce,4.00,5.70,2.62,5.17,3.68,7065
fiery,5.70,5.64,3.23,,3.31,11792
fiesta,6.72,6.22,4.12,,3.10,15382
fifteen,4.94,3.65,3.37,,4.24,2918
fifty,4.74,3.45,3.48,,4.27,2770
fig,5.23,4.22,4.97,,3.09,15637
fight,3.54,6.33,4.20,5.79,5.30,480
fighter,5.10,5.30,3.96,5.51,4.11,3659
figment,5.00,4.35,2.04,4.15,3.04,16682
figure,5.09,3.67,3.63,5.24,5.11,636
file,5.44,3.40,4.41,6.00,4.64,1453
filet,6.14,3.18,4.59,,2.98,17898
fill,5.56,3.35,3.32,5.79,4.64,1457
filler,4.90,3.89,2.92,,2.75,23331
fillet,6.70,4.62,4.75,,2.71,24525
filly,5.05,2.92,,,3.08,15898
film,6.33,4.10,4.71,6.45,4.81,1079
filmmaker,5.48,3.96,4.38,,3.31,11732
filter,5.50,3.62,4.59,5.23,3.50,9025
filth,2.62,4.09,4.14,5.49,3.66,7303
filthy,3.42,4.65,3.53,5.46,4.22,3064
filtration,5.55,4.17,3.50,,2.67,25460
fin,5.27,4.45,4.76,,3.53,8672
final,4.56,4.40,2.67,,4.70,1322
finale,5.26,4.27,2.76,,3.39,10540
finalist,6.24,3.30,3.79,,2.69,24968
finality,4.43,4.18,1.67,,2.61,27018
finalize,5.60,4.85,2.14,,2.72,24116
finance,4.81,5.60,3.36,5.88,3.73,6578
financial,5.00,4.55,2.52,5.67,4.18,3247
finch,4.74,3.52,4.30,,3.61,7859
find,6.45,3.52,2.63,,5.92,151
finder,5.77,4.35,3.00,,3.23,13116
fine,6.50,3.86,2.61,,5.78,197
finesse,6.00,3.86,1.86,,3.15,14512
finger,5.80,4.15,5.00,6.46,4.56,1654
fingernail,5.57,3.50,4.93,,3.13,14853
fingerprint,5.25,3.29,4.96,,3.51,8991
finish,6.41,3.81,2.89,6.36,4.99,764
finite,5.68,4.43,1.74,,2.82,21557
fir,5.00,3.00,4.58,,2.65,25937
fire,4.32,6.05,4.68,6.21,5.33,459
firearm,4.00,4.54,4.64,,3.18,14005
fireball,3.71,6.13,4.32,,3.18,14005
firecracker,5.70,6.67,4.68,,3.03,16856
firefight,4.32,5.50,3.54,,2.85,21003
firefighter,6.60,4.94,4.87,,3.02,17194
firefly,7.05,4.85,4.90,,2.75,23331
firehouse,5.16,4.73,4.68,,3.09,15637
firelight,6.38,3.58,4.43,,2.71,24525
fireman,6.47,4.52,4.80,5.76,3.47,9479
fireplace,5.95,5.20,4.68,6.18,3.71,6805
firepower,5.84,5.91,3.67,,3.29,12112
fireside,6.00,4.00,3.84,,2.61,27018
firewall,4.43,4.91,3.82,,3.04,16682
firewood,6.09,4.58,4.93,,3.18,13906
fireworks,6.80,6.05,4.86,6.44,3.75,6370
firm,5.36,4.30,3.54,5.63,4.55,1703
firmament,5.10,3.65,,,2.71,24525
first,7.33,4.90,2.76,5.84,5.92,150
firstborn,6.65,5.65,4.04,,2.90,19680
fiscal,4.15,4.05,1.85,,2.89,19918
fish,6.42,3.33,5.00,6.13,4.92,885
fisherman,5.42,4.06,4.73,5.06,3.64,7504
fishing,7.05,3.60,4.30,,4.37,2346
fishing boat,6.21,3.14,5.00,,,
fishy,4.20,3.11,2.96,,3.45,9706
fissure,4.30,4.18,3.83,,2.65,25937
fist,2.95,4.85,4.93,5.64,3.87,5349
fistfight,4.00,6.23,4.43,,2.69,24968
fistful,5.40,4.10,3.81,,2.78,22564
fit,6.28,4.35,2.70,6.09,4.76,1184
fitness,6.45,5.32,3.11,,3.25,12772
five,5.40,3.55,3.87,,5.45,360
fiver,5.24,4.87,,,2.71,24525
fix,6.11,3.60,2.93,,4.94,850
fixable,6.84,3.48,2.59,,2.61,27018
fixation,4.11,4.11,1.67,,2.85,21003
fixer,6.39,2.67,3.54,,2.86,20727
fixture,5.05,2.90,4.17,,2.81,21885
fizz,5.38,4.57,4.62,,2.80,22203
fjord,5.53,3.19,4.36,,2.69,24968
flabby,3.39,3.39,3.30,5.13,2.92,19434
flaccid,3.55,3.14,3.62,,2.69,24968
flag,6.10,3.74,4.79,,4.24,2929
flagpole,5.11,3.19,4.86,,2.87,20435
flagrant,4.00,4.91,2.07,,2.77,22917
flagship,5.45,3.57,3.89,,2.99,17712
flagstaff,5.50,3.90,4.41,,2.93,19207
flair,5.89,4.32,2.46,,3.36,10983
flak,4.55,4.64,,,3.03,16856
flake,4.58,3.48,4.36,,3.25,12772
flaky,3.58,3.50,2.93,,2.95,18526
flamboyant,5.00,5.52,2.18,,2.67,25460
flame,5.90,6.60,4.67,,3.96,4685
flamethrower,5.27,6.00,4.57,,2.77,22917
flaming,4.64,5.95,3.96,,3.41,10274
flamingo,6.74,4.59,4.81,,3.08,15898
flammable,4.25,5.95,3.61,,2.86,20727
flan,5.86,3.19,4.05,,3.23,13008
flank,4.95,3.91,4.00,,3.67,7212
flannel,5.55,2.32,4.43,,3.14,14627
flap,5.74,3.45,4.14,5.15,3.43,10048
flare,5.40,4.86,4.50,,3.63,7629
flares,4.57,5.18,4.50,,3.16,14406
flash,5.53,5.38,3.67,,4.19,3234
flashback,5.00,4.71,2.36,,3.03,16856
flashlight,6.00,4.04,5.00,,3.77,6146
flashy,4.85,5.77,2.86,,3.28,12186
flask,5.50,4.24,4.79,5.11,3.06,16358
flat,4.43,3.04,4.07,,4.42,2143
flatbed,4.86,3.38,4.37,,2.63,26447
flatfoot,4.33,3.10,4.07,,2.82,21557
flatten,5.24,3.52,3.86,,3.10,15529
flatter,6.10,4.61,2.14,,3.60,7979
flattered,6.32,5.14,2.15,,3.89,5145
flattering,7.14,4.92,2.25,,3.58,8105
flattery,5.74,5.10,2.71,,3.14,14627
flatulence,3.79,5.95,3.88,3.97,2.75,23331
flaunt,4.39,4.15,2.27,,3.00,17531
flavor,6.45,4.41,3.55,,3.70,6868
flaw,4.10,3.84,2.86,,3.48,9255
flawed,3.74,4.18,2.26,,3.10,15529
flawless,7.05,4.05,2.52,,3.20,13601
flea,3.00,3.00,4.89,4.51,3.52,8802
fleabag,3.40,4.35,3.27,,2.71,24525
flee,3.84,4.95,3.67,4.81,3.66,7262
fleece,5.79,3.71,4.75,,3.07,16056
fleet,5.40,4.43,3.81,3.68,4.03,4202
flesh,5.20,4.11,4.59,5.38,4.34,2457
fleshy,4.89,5.30,3.56,,2.77,22917
flex,5.32,4.80,3.88,,3.00,17531
flexibility,6.90,4.50,2.96,,3.00,17531
flexible,6.74,4.45,2.64,,3.43,10007
flick,5.41,4.31,3.71,5.56,3.70,6835
flicker,5.50,5.15,3.59,4.53,2.85,21003
flier,4.19,4.43,4.36,,3.33,11377
flight,6.11,4.20,3.90,6.12,4.78,1152
flighty,4.90,4.88,2.08,,2.74,23718
flimsy,4.00,3.77,3.19,,2.93,19207
flinch,4.00,5.28,3.59,,3.06,16177
fling,5.68,4.95,3.14,,3.55,8498
flip,5.60,4.62,3.97,,4.15,3373
flip flop,4.76,4.04,,,,
flipper,5.84,3.05,4.26,,2.95,18526
flipping,5.33,3.95,3.44,,3.47,9479
flirt,6.73,5.93,3.26,6.09,3.60,7979
flirtation,5.78,6.29,2.19,,2.86,20727
flirty,6.52,5.91,2.81,5.74,2.72,24116
float,6.42,3.10,4.07,5.07,3.87,5292
floater,4.20,3.06,4.07,,3.00,17531
flock,5.25,3.48,4.67,,3.67,7197
flood,2.76,5.31,4.62,5.57,3.76,6303
floor,5.14,3.33,4.80,,5.00,757
flooring,5.32,3.00,4.43,,2.65,25937
floozy,3.95,4.89,3.42,,2.89,19918
flop,3.95,3.41,3.93,,3.37,10883
floppy,4.61,4.45,3.81,,3.06,16177
floral,7.42,2.73,3.75,,2.87,20435
florist,6.55,3.19,4.62,5.12,3.39,10639
floss,5.00,3.48,4.41,,3.30,11968
flotation,5.60,3.61,3.81,,2.61,27018
flounder,5.32,4.00,3.92,,2.94,18951
flour,5.25,3.26,4.97,5.72,3.50,9066
flourish,7.21,5.22,2.10,4.38,2.92,19434
flow,5.68,3.71,3.72,5.62,4.14,3477
flower,7.30,3.67,5.00,6.60,4.36,2410
flowery,7.47,3.81,2.68,,2.84,21286
flu,2.58,4.00,3.65,,3.94,4792
flue,4.45,2.86,,,2.63,26447
fluent,6.53,3.90,1.93,5.97,3.07,16056
fluff,6.18,3.54,3.80,,3.16,14406
fluffy,7.11,3.45,3.86,,3.56,8366
fluid,5.05,4.04,4.73,5.12,3.95,4718
fluke,4.30,4.94,2.34,,3.25,12772
flunk,1.95,3.72,2.40,,3.26,12560
flunky,2.89,3.15,,,2.85,21003
fluorescent,5.16,3.85,3.78,,2.78,22564
flurry,5.68,4.18,3.38,,2.69,24968
flush,4.67,4.35,3.72,,3.97,4588
flute,6.29,3.72,5.00,4.75,3.33,11461
flutter,5.70,4.86,3.40,4.70,2.95,18731
flux,4.17,4.18,2.54,,3.02,17010
fly,6.06,4.90,4.64,6.00,4.93,872
flyboy,4.70,4.33,3.79,,2.67,25460
flyer,4.95,3.76,4.19,,3.53,8698
foam,5.25,2.90,4.85,4.72,3.55,8526
focal,4.85,3.94,2.09,,2.77,22917
focus,6.48,4.45,2.35,,4.47,1961
foe,3.15,4.71,2.96,,3.27,12417
fog,5.77,3.67,4.66,,3.98,4561
foggy,4.65,3.68,3.80,5.34,3.12,15104
foil,4.57,3.70,4.48,4.88,3.09,15637
fold,5.19,3.00,4.13,5.83,3.94,4817
folder,5.70,2.33,4.93,6.06,3.22,13293
foliage,5.68,4.25,4.67,,2.74,23718
folk,6.17,2.45,3.57,4.19,3.86,5460
folklore,6.32,4.10,2.50,,2.95,18526
follow,4.82,3.76,3.26,5.88,5.09,654
follower,4.86,3.40,3.15,,2.84,21286
folly,4.11,4.56,1.92,3.42,3.17,14196
fond,6.79,3.26,1.68,4.91,4.09,3761
fondle,4.32,5.18,3.42,,2.71,24525
fondness,7.68,3.55,1.66,,2.72,24116
fondue,6.00,3.71,4.79,,2.97,18107
font,5.09,3.38,3.93,,2.98,17898
food,7.52,4.69,4.80,6.87,5.19,573
fool,3.56,4.86,3.19,5.84,4.95,830
foolhardy,3.86,5.05,1.69,,2.63,26447
foolish,3.00,4.57,1.84,5.53,4.24,2928
foolishness,4.10,4.60,2.33,,3.32,11598
foolproof,5.82,4.36,1.79,,3.27,12417
foot,4.68,2.77,4.90,6.62,4.81,1082
foot stool,5.27,3.41,,,,
footage,5.33,3.12,3.42,,3.92,4942
football,6.52,5.65,4.73,6.24,4.57,1623
foothold,5.20,3.83,4.03,,2.77,22917
footing,5.13,2.95,3.57,,3.02,17194
footlocker,5.05,4.25,4.58,,2.92,19434
footloose,6.05,4.62,2.15,,2.93,19207
footprint,6.00,2.96,4.37,,3.04,16682
footwear,6.43,4.00,4.66,,2.90,19680
footwork,5.74,3.96,3.32,,2.97,18107
forbid,2.82,4.85,1.96,,3.93,4838
forbidding,3.82,5.05,2.22,,2.61,27018
force,4.17,5.35,3.00,5.66,4.85,1007
forceful,3.70,5.36,2.07,4.88,2.95,18731
forceps,3.80,4.57,4.79,,2.84,21286
forces,5.58,4.33,2.69,,4.32,2574
ford,5.79,2.85,4.19,3.17,4.06,3968
fore,5.05,4.32,2.52,,3.43,10048
forearm,5.58,3.75,4.69,,3.00,17531
foreboding,3.53,5.30,1.54,,2.67,25460
forecast,4.89,3.70,2.78,,3.28,12244
foreclose,2.00,6.00,3.04,,2.84,21286
foreclosure,1.75,5.90,3.30,,2.72,24116
forefront,4.95,4.69,3.00,,2.61,27018
forego,4.89,4.33,2.37,,2.77,22917
foregone,5.06,3.32,1.52,,2.63,26447
foreground,5.47,2.68,2.93,,2.65,25937
forehead,5.04,3.14,4.90,5.82,3.89,5131
foreign,4.86,5.43,2.50,5.72,4.35,2446
foreigner,4.68,3.24,3.32,5.00,3.47,9440
foreman,4.89,3.55,4.37,,3.75,6425
foremost,5.27,3.81,2.00,,3.23,13008
forensic,4.42,5.06,2.62,,3.60,7979
forensics,5.86,4.36,2.13,,3.58,8185
foreplay,6.40,6.71,3.22,,3.40,10367
foresee,5.67,3.64,2.08,,3.00,17531
foresight,5.79,3.50,1.79,,2.88,20159
forest,6.68,4.44,4.76,5.75,4.28,2761
forevermore,6.48,4.30,1.69,,2.74,23718
forfeit,3.68,4.74,2.63,,3.49,9160
forge,5.00,4.16,4.04,3.47,3.51,8887
forger,3.95,5.05,3.71,,2.80,22203
forgery,2.60,4.86,3.03,,3.30,11968
forget,3.73,4.43,2.04,6.21,5.44,371
forgetful,3.59,4.45,2.28,5.78,2.88,20159
forgetfulness,3.80,4.55,1.82,,2.74,23718
forgive,7.06,3.62,1.92,,4.88,943
forgiveness,6.86,4.04,1.44,,3.90,5089
forgiving,6.74,3.95,1.78,,3.40,10424
fork,5.47,3.35,4.90,6.42,3.95,4757
forklift,4.74,4.17,4.79,,2.99,17712
forlorn,3.95,4.08,1.76,,2.63,26447
form,5.64,3.85,3.13,5.67,4.63,1484
formal,5.37,4.48,2.70,,3.92,4932
formaldehyde,2.90,3.85,4.61,,2.84,21286
formality,4.90,3.45,1.67,,3.34,11315
format,5.19,2.73,2.90,,3.03,16856
formation,5.58,4.00,3.23,4.90,3.60,7905
formidable,5.52,3.96,1.76,,3.24,12929
formula,5.30,3.61,4.11,,3.90,5121
formulate,5.22,2.64,2.59,,2.78,22564
fornicate,4.67,5.43,3.46,,2.71,24525
fornication,5.95,6.65,3.66,,2.95,18731
forsake,3.58,3.32,1.96,,2.96,18305
forte,5.70,3.57,2.39,,2.78,22564
forthcoming,5.10,4.09,2.03,,3.14,14627
forthright,6.30,3.43,1.53,,2.84,21286
fortitude,6.26,4.59,2.04,,2.82,21557
fortnight,5.50,3.05,2.71,,2.96,18305
fortress,4.82,3.77,4.80,4.19,3.53,8728
fortuitous,6.55,5.05,1.67,2.51,2.61,27018
fortunate,7.33,3.81,2.04,5.72,3.92,4971
fortune,7.24,5.80,2.90,5.78,4.47,1943
forty,5.00,3.32,4.14,5.70,4.02,4211
forum,5.05,4.47,4.00,5.03,3.31,11732
forwarding,5.23,3.73,2.41,,3.05,16508
fossil,6.00,4.10,4.90,,3.19,13696
foul,3.00,4.09,2.40,5.03,4.16,3352
foundation,5.86,2.41,3.74,,4.16,3348
founder,5.45,3.95,3.66,,3.33,11461
founding,5.42,2.75,2.30,,3.25,12772
foundry,5.32,3.23,,,2.63,26447
fountain,6.26,3.10,4.77,5.59,3.84,5588
four,5.26,3.39,3.37,,5.41,388
foursome,4.14,5.17,4.00,,2.82,21557
fourteen,5.42,3.62,3.04,,3.82,5797
fowl,4.57,4.05,4.64,3.77,2.85,21003
fox,5.52,4.36,4.97,5.61,4.33,2494
foxhole,5.35,5.00,4.50,,2.98,17898
foxtrot,5.83,5.00,4.25,,3.04,16682
foxy,6.00,4.75,2.19,4.42,3.49,9225
foyer,5.95,3.55,4.52,,2.95,18526
fraction,5.21,3.95,3.10,,3.31,11732
fracture,3.62,5.27,4.03,,3.72,6709
fragile,4.67,3.05,2.86,,3.71,6751
fragment,4.59,3.55,4.10,,3.28,12244
fragrance,6.67,4.72,4.03,5.56,3.08,15898
fragrant,7.05,4.85,3.35,4.97,2.86,20727
frail,3.55,2.65,2.55,5.51,3.21,13489
frame,5.32,4.04,4.30,5.22,4.15,3407
framework,5.74,3.11,3.24,,2.61,27018
franc,5.21,3.71,,,2.92,19434
franchise,5.00,4.10,3.07,4.06,3.38,10715
frantic,3.79,5.39,2.10,5.16,3.36,10983
frat,4.29,3.64,3.30,,3.50,9099
fraternity,4.89,4.64,2.46,,3.53,8747
fraud,2.05,5.18,1.68,4.56,4.00,4369
fraught,2.94,4.32,2.22,,2.85,21003
fray,4.26,4.50,3.18,,2.98,17898
frayed,4.05,3.20,3.79,,2.67,25460
freak,3.73,6.30,2.93,5.55,4.56,1650
freakish,3.71,5.12,2.17,,2.71,24525
freaky,4.26,6.05,2.00,4.62,3.70,6868
freckle,5.53,3.36,4.56,5.34,2.78,22564
free,8.25,5.38,2.04,6.40,5.25,525
freebie,7.30,6.10,2.67,,2.92,19434
freedom,7.72,5.67,2.34,6.15,4.52,1798
freelance,6.05,4.20,1.92,,3.33,11461
freelancer,5.89,4.05,3.08,,2.89,19918
freeman,6.62,4.42,3.32,,3.41,10321
freestyle,6.42,5.45,2.73,,3.05,16508
freeway,5.32,4.67,4.70,,3.74,6440
freeze,4.64,4.00,3.96,5.70,4.51,1844
freezer,5.32,2.70,4.87,,3.71,6724
freezing,3.33,5.84,4.04,,4.12,3541
freight,4.21,3.78,4.21,,3.59,8089
freighter,4.83,3.70,4.42,,3.33,11377
french horn,5.95,4.05,5.00,,,
frenzy,4.20,5.96,2.31,,3.31,11792
frequency,5.19,4.87,2.69,,3.82,5751
frequent,5.57,4.05,2.25,,3.44,9821
fresh,6.67,2.35,1.97,6.03,4.74,1226
freshen,6.56,4.68,2.17,,3.41,10231
freshener,5.71,4.17,3.82,,2.61,27018
freshman,5.05,3.82,3.79,,3.87,5349
freshness,7.43,4.10,2.12,,2.77,22917
freshwater,7.29,2.82,4.29,,2.85,21003
fret,3.73,5.89,2.65,,3.27,12325
friar,5.20,3.26,3.88,,3.24,12846
friction,4.00,5.05,3.00,4.47,3.10,15529
fridge,6.29,4.60,4.92,6.91,3.99,4425
fried,5.82,4.09,4.11,,4.01,4342
friend,6.79,4.29,3.07,6.77,5.62,272
friendless,3.15,4.18,2.30,,2.69,24968
friendly,7.84,4.27,2.32,6.66,4.42,2164
friendship,7.76,5.20,2.39,6.47,4.36,2404
fright,3.26,5.00,2.52,5.25,3.44,9781
frighten,2.95,4.85,3.07,,3.80,5893
frightened,2.45,5.61,2.27,5.90,4.37,2372
frightening,2.58,4.73,2.15,5.74,3.76,6260
frightful,2.95,5.20,2.21,,3.07,16056
frigid,3.77,3.87,3.28,4.31,3.15,14512
fringe,5.16,4.52,3.38,,3.23,13116
frisbee,6.35,3.33,4.70,,3.27,12325
frisk,4.80,6.60,2.79,,3.19,13696
frisky,6.57,6.05,2.40,,3.23,13008
frivolous,4.65,4.22,2.43,,3.08,15770
frock,4.67,4.48,,3.71,2.94,18951
frog,5.84,4.07,5.00,5.43,4.07,3890
froggy,5.71,3.36,,,2.78,22564
frolic,6.05,4.17,3.04,,2.93,19207
frontal,5.95,4.09,3.38,,3.28,12244
frontier,6.53,3.95,3.30,,3.52,8847
frostbite,2.10,7.05,4.33,,2.95,18526
frosted,6.60,3.92,4.00,,2.92,19434
frosting,7.33,4.40,4.86,,3.16,14406
frosty,6.15,4.61,3.90,,3.38,10715
frown,3.35,3.61,4.08,6.09,3.31,11732
fruit,7.00,4.09,4.81,,4.34,2485
fruit punch,6.95,4.75,4.82,,,
fruitcake,5.29,3.43,4.62,,3.32,11666
fruitful,7.11,4.14,2.38,,2.97,18107
fruitless,2.95,3.25,2.07,,2.67,25460
fruity,6.71,5.26,2.69,,3.12,15104
frustrated,2.55,5.40,2.47,5.94,3.70,6868
frustrating,2.57,5.48,1.81,,3.40,10484
frustration,2.45,5.94,2.06,6.22,3.48,9366
fry,5.95,5.00,4.37,,3.92,4905
fryer,4.89,4.30,4.50,,2.82,21557
fuchsia,5.14,3.78,4.17,,2.67,25460
fuck,5.23,7.14,3.19,6.72,5.58,288
fucker,3.52,6.32,2.61,5.82,4.12,3579
fucking,5.09,6.86,3.43,,5.51,325
fudge,7.62,4.91,4.89,,3.56,8366
fuel,4.10,3.96,4.30,5.67,4.23,2961
fugitive,2.74,5.26,3.93,,3.72,6709
fulfill,7.33,3.67,1.78,,3.59,8000
fulfillment,6.37,5.56,2.07,,3.02,17194
full,6.00,3.48,3.59,6.36,5.22,546
fullback,4.62,4.19,4.00,,2.65,25937
fullness,6.19,3.20,2.58,,2.69,24968
fumble,3.70,5.00,3.47,,2.90,19680
fun,8.37,6.32,1.97,6.42,5.37,424
function,5.55,4.10,1.92,5.73,4.04,4077
functional,5.58,3.85,2.55,,3.44,9870
fund,6.55,4.59,3.18,5.50,4.03,4198
fundamental,4.95,3.56,1.57,,3.52,8847
fundamentalist,4.47,4.14,2.08,,2.72,24116
funding,5.45,3.95,3.17,,3.50,9025
fundraiser,5.68,4.29,4.19,,3.28,12186
fundraising,5.63,4.85,2.63,,2.87,20435
funeral,2.07,4.10,3.83,5.58,4.52,1791
fungus,2.79,4.67,4.59,4.63,3.34,11188
funk,3.20,4.52,1.92,,3.50,9066
funky,5.85,4.90,2.04,4.55,3.71,6805
funnel,5.32,2.95,4.52,,3.05,16508
funny,7.59,5.38,2.50,6.46,5.34,453
fur,5.65,3.64,4.69,5.81,3.92,4942
furious,2.57,6.09,2.31,5.60,3.78,6096
furlong,4.58,3.72,2.79,,2.80,22203
furlough,4.95,3.35,3.12,,2.85,21003
furnace,5.11,3.24,4.69,,3.43,9916
furnish,5.65,3.86,3.75,,2.98,17898
furnishings,6.25,3.22,4.31,,2.69,24968
furniture,5.79,3.05,4.89,5.97,4.18,3268
furry,6.63,3.70,3.96,5.68,3.38,10678
fury,2.73,6.12,2.89,4.94,3.58,8105
fuse,5.05,3.77,4.55,5.10,3.69,7003
fuselage,4.50,3.06,4.79,,3.02,17194
fusion,5.60,5.00,3.30,4.13,3.42,10135
fuss,3.32,4.77,2.43,5.64,3.85,5468
fussy,2.71,3.61,2.61,,3.19,13696
futile,3.82,4.71,1.52,3.64,3.21,13394
futility,3.80,4.45,2.10,,2.71,24525
futon,5.52,2.82,4.79,,2.84,21286
future,6.68,5.33,1.86,5.93,5.01,738
fuzz,4.64,3.90,4.37,,3.27,12325
fuzzy,6.53,3.95,3.96,,3.77,6223
gab,5.20,3.78,2.87,,2.85,21003
gad,5.15,3.15,,,2.72,24116
gadget,5.74,3.86,4.60,5.85,3.39,10593
gaff,3.89,3.90,,,2.81,21885
gag,4.43,3.59,4.37,4.51,3.85,5504
gaga,4.58,5.80,,,3.02,17194
gaggle,5.16,3.95,3.78,,2.67,25460
gaiety,5.52,4.61,,2.03,2.67,25460
gain,5.90,4.33,2.24,5.62,4.14,3481
gal,5.27,4.43,4.52,,4.15,3381
gala,6.16,4.67,3.89,3.56,3.25,12695
galactic,7.00,5.80,2.57,,3.05,16508
galaxy,5.95,5.61,3.66,5.42,3.82,5725
gall,4.30,3.50,2.60,,3.30,11908
gallant,6.38,5.55,1.92,3.12,3.52,8847
gallbladder,4.35,2.75,4.63,,2.87,20435
gallery,6.90,3.32,4.44,6.25,3.93,4857
galley,4.56,3.71,4.07,2.52,3.21,13394
gallon,5.67,3.40,3.92,,3.36,10983
gallop,6.21,4.41,4.17,,2.98,17898
gallows,3.05,5.05,4.35,,3.26,12629
galore,5.95,3.86,1.78,,2.87,20435
gamble,4.81,5.32,3.17,,3.95,4718
gambler,4.15,5.80,4.03,,3.66,7242
gambling,2.89,5.91,3.54,,4.22,3040
game,6.79,5.05,4.50,6.32,5.37,428
gaming,5.67,5.23,3.50,,3.41,10231
gamma,6.25,4.80,3.24,,3.55,8526
gander,5.55,2.86,3.38,,3.04,16682
gang,2.71,6.55,4.43,,4.48,1925
gangland,3.24,4.26,3.40,,2.74,23718
gangrene,2.50,5.38,4.16,,2.96,18305
gangster,2.59,6.36,3.93,,3.73,6595
gangway,4.50,4.28,3.89,,3.36,10983
gap,4.91,3.60,3.92,,3.63,7574
gaping,4.52,5.84,2.78,,2.93,19207
garage,5.50,4.10,4.96,,4.43,2083
garbage,2.88,3.84,4.69,4.41,4.42,2160
garbled,4.00,3.72,1.96,,2.96,18305
garden,7.25,3.71,4.73,6.53,4.42,2125
gardener,6.35,2.95,4.50,4.94,3.62,7660
gardening,6.86,3.20,3.86,,3.39,10639
gargle,5.10,3.48,4.31,,2.78,22564
gargoyle,3.95,4.38,4.85,,2.74,23718
garlic,5.67,4.12,4.89,6.09,3.78,6096
garment,5.57,3.50,4.78,3.97,3.15,14512
garnet,6.11,4.24,4.24,,3.00,17531
garnish,5.85,3.70,4.11,,2.74,23718
garrison,4.67,4.04,,,3.66,7262
garter,5.47,4.35,4.78,3.16,3.12,14978
gas,4.06,4.40,4.29,,4.83,1051
gash,3.89,4.90,4.39,4.00,2.85,21003
gasket,4.45,3.42,4.44,,2.84,21286
gasoline,4.63,4.57,4.72,,3.82,5797
gasp,4.50,5.61,4.15,5.09,3.24,12846
gassy,3.21,3.50,2.89,,2.65,25937
gastric,3.91,4.16,3.21,4.22,2.93,19207
gate,5.32,4.50,4.96,5.94,4.51,1850
gatekeeper,5.40,3.90,4.21,,2.85,21003
gateway,5.75,3.81,4.07,,3.30,11908
gather,5.72,3.70,2.75,5.50,4.19,3180
gator,4.14,5.95,4.84,,3.56,8390
gatorade,5.70,3.95,,,,
gaudy,3.55,4.33,2.39,,2.63,26447
gauge,5.17,3.50,4.00,,3.34,11188
gauntlet,4.76,4.43,4.43,,2.89,19918
gauze,4.50,3.20,4.62,,3.16,14304
gavel,4.30,2.72,4.88,,2.89,19918
gay,6.11,4.05,2.52,5.55,4.77,1167
gaze,6.15,4.15,3.43,5.55,3.41,10321
gazebo,6.52,3.50,4.79,,2.96,18305
gazelle,6.47,4.05,4.72,4.28,3.09,15637
gazette,5.05,4.18,4.15,,3.16,14304
gazillion,5.95,5.57,,,,
gear,5.19,3.17,4.28,5.56,4.20,3128
geek,5.56,3.82,3.71,,3.84,5579
geeky,5.55,3.80,2.36,,2.69,24968
geezer,3.65,3.29,4.04,,3.14,14727
geisha,5.74,4.24,4.42,,3.46,9588
gel,5.67,3.21,4.72,,3.22,13293
gelatin,4.35,4.05,4.79,,2.71,24525
gelding,4.89,3.59,,,2.63,26447
gem,7.35,4.44,4.88,4.84,3.40,10484
gender,5.05,4.05,3.33,6.12,3.45,9706
genealogy,5.85,3.94,2.37,,2.63,26447
general,5.32,3.71,1.62,6.12,5.06,685
generate,6.14,4.00,2.23,,3.39,10593
generation,6.08,4.24,1.96,5.70,4.08,3813
generator,5.65,3.62,4.23,,3.76,6323
generic,4.50,2.50,2.63,,3.19,13804
generosity,7.55,4.29,1.84,,3.53,8747
generous,7.43,5.70,2.25,5.97,4.22,3023
genetic,4.79,3.83,2.73,,3.88,5250
genetics,4.84,4.27,3.19,,3.25,12695
genie,6.10,4.41,3.25,,3.54,8555
genital,4.45,5.86,4.19,,2.74,23718
genitalia,4.16,5.77,4.69,,2.87,20435
genius,7.52,6.20,3.00,5.59,4.54,1727
genocide,1.62,5.83,2.34,3.97,3.09,15637
genome,5.84,3.41,3.39,,2.72,24116
genre,6.00,3.59,2.37,,3.03,16856
gent,5.86,3.05,3.80,,3.21,13394
genteel,5.09,2.38,,,2.75,23331
gentile,5.29,3.09,2.68,,2.72,24116
gentle,7.42,3.17,2.53,6.12,4.22,3047
gentleman,7.50,4.14,3.57,5.70,4.62,1511
gentlemanly,6.77,3.91,2.21,,2.63,26447
gentry,5.45,2.57,,,3.13,14853
genuine,7.11,4.27,2.03,,3.91,4982
geographic,6.21,3.05,3.21,,3.12,14978
geographical,6.21,3.18,2.92,,2.80,22203
geography,5.40,2.56,3.11,,3.36,10934
geological,6.43,3.95,2.67,,2.93,19207
geologist,6.62,3.75,4.41,4.44,3.01,17381
geology,5.89,4.30,2.90,4.19,2.97,18107
geometric,5.24,4.21,3.40,,2.67,25460
geometry,4.57,3.09,3.00,,3.27,12417
gerbil,5.20,2.59,4.71,5.59,2.88,20159
geriatric,3.58,2.55,2.93,,2.74,23718
germ,2.50,4.10,3.89,,3.10,15382
germs,2.68,5.28,3.63,5.85,3.48,9293
gesture,5.75,4.36,3.00,5.70,3.87,5308
get,6.09,3.67,2.38,,6.66,38
getaway,5.47,3.60,3.11,,3.59,8089
getup,5.53,4.36,2.73,,2.94,18951
ghastly,3.05,5.00,2.00,3.94,3.32,11598
ghetto,3.16,7.05,3.82,3.94,3.74,6440
ghost,4.23,5.70,3.19,5.62,4.56,1658
ghostly,4.14,5.71,1.97,,3.00,17531
ghoul,2.84,4.95,2.70,3.33,3.02,17194
gi joe,5.68,4.82,,,,
giant,5.41,5.10,4.30,5.79,4.43,2092
gibberish,4.30,4.62,2.33,,3.27,12325
giddy,6.17,5.32,2.17,,3.26,12629
gift,7.27,4.64,4.56,6.30,4.81,1087
gifted,6.62,4.43,1.85,,3.65,7350
gig,6.48,5.75,2.89,,4.05,4047
gigantic,5.35,5.89,2.57,,3.57,8234
giggle,7.95,5.39,3.72,5.88,3.24,12929
gigolo,4.40,4.32,3.07,,3.22,13293
gilded,4.94,3.15,3.57,,2.85,21003
gimmick,3.89,4.63,2.34,,3.04,16682
gimp,2.90,3.29,3.88,,2.98,17898
gin,5.82,4.19,4.46,5.31,4.05,4030
ginger,5.79,4.43,4.92,,3.81,5855
gingerbread,7.00,4.18,4.88,5.36,2.82,21557
ginseng,5.79,4.05,4.54,,2.61,27018
giraffe,6.52,2.91,4.73,5.24,3.18,14005
girder,4.53,3.53,,,2.61,27018
girdle,3.94,4.35,4.63,3.15,3.19,13696
girl,7.15,5.23,4.85,6.58,5.75,206
girlfriend,7.56,5.05,4.25,,4.88,949
girlie,5.35,4.95,2.93,,3.50,9128
girlish,6.22,3.45,2.21,,2.67,25460
girly,5.32,4.45,2.46,5.80,3.13,14853
girth,4.65,4.39,3.48,,2.65,25937
gist,5.20,4.05,1.81,5.03,3.05,16508
give,7.73,4.57,2.83,6.57,6.07,121
giveaway,6.17,5.48,2.90,,2.90,19680
giver,7.14,3.83,3.38,,3.07,16056
gizmo,6.26,4.18,3.61,,3.22,13293
gizzard,3.86,3.86,4.45,,2.67,25460
glacier,5.50,3.88,4.70,4.82,2.88,20159
glad,7.55,3.71,2.36,6.28,5.23,538
glade,6.32,2.82,3.96,,2.61,27018
gladiator,5.21,5.05,4.82,,2.90,19680
glamorous,6.58,4.81,2.52,5.21,3.47,9402
glamour,6.00,5.05,2.11,4.77,3.50,9128
glance,5.71,2.63,3.48,5.29,3.54,8638
gland,4.39,4.14,4.14,,3.18,13906
glare,3.70,4.05,3.83,,3.21,13394
glass,5.48,3.14,4.82,6.37,4.78,1136
glaucoma,2.47,3.45,4.23,,2.80,22203
glaze,5.63,3.56,4.00,,2.95,18526
glazed,6.70,4.36,4.04,,3.00,17531
gleam,5.95,3.65,3.28,,3.00,17531
gleaming,6.22,4.95,2.52,,2.86,20727
glee,6.95,4.76,2.27,4.24,3.06,16177
glide,6.10,4.58,3.93,,3.37,10772
glider,5.89,3.73,4.32,,2.85,21003
glimmer,6.68,4.58,3.26,,2.90,19680
glimpse,5.67,3.59,3.08,5.39,3.53,8747
glisten,6.50,5.28,3.52,,2.65,25937
glitch,4.11,3.91,3.03,,3.31,11792
glitter,6.15,4.86,4.43,5.97,3.31,11732
gloat,3.68,3.75,2.30,4.30,3.20,13601
global,5.57,3.70,2.93,5.94,3.80,5930
globe,6.15,3.36,4.59,5.72,3.72,6687
gloom,2.89,3.90,1.86,4.37,3.07,16056
gloomy,3.15,3.32,2.52,5.69,3.39,10639
glorified,5.90,4.59,1.76,,3.09,15637
glorious,6.90,4.67,1.85,5.12,3.97,4608
glory,6.45,6.31,1.45,4.90,4.33,2505
gloss,6.00,4.82,3.80,,3.17,14196
glossy,5.42,4.33,3.48,,2.69,24968
glove,6.11,3.57,4.97,6.19,4.00,4350
gloves,5.20,3.17,,6.31,4.21,3086
glow,6.55,4.95,3.65,5.36,3.76,6273
glucose,3.59,4.25,3.96,,3.16,14304
glue,4.85,3.75,4.65,6.06,3.77,6180
glum,2.82,3.58,2.11,,3.02,17194
glutton,3.53,4.40,3.16,,2.80,22203
gnat,3.43,2.75,4.83,,2.65,25937
gnome,6.24,4.21,4.59,,2.81,21885
go,6.32,4.86,3.15,,6.58,48
goal,6.79,4.67,3.06,5.79,4.22,3017
goalie,5.71,3.21,4.48,,3.16,14304
goat,5.30,2.94,5.00,5.80,4.02,4220
goatee,5.48,3.48,4.89,,3.03,16856
gobble,5.50,4.96,3.37,,3.37,10772
goblin,3.16,4.70,4.38,3.79,2.98,17898
god,5.90,5.56,2.07,6.38,5.96,143
goddamn,3.81,5.81,1.43,,5.06,689
goddamned,3.36,6.05,1.44,,3.69,6979
goddess,6.63,4.55,2.63,4.97,3.94,4776
godfather,6.24,2.83,4.14,,3.74,6511
godforsaken,3.62,4.30,1.61,,3.17,14097
godless,3.65,4.76,1.54,,2.93,19207
godlike,6.15,5.64,2.32,,2.63,26447
godmother,6.52,4.95,3.72,,3.21,13394
godsend,6.80,3.75,1.54,,2.95,18526
godson,6.05,3.05,3.72,,2.98,17898
goggle,5.00,3.20,4.42,,2.74,23718
goggles,6.21,4.26,4.93,5.26,3.33,11528
gold,7.28,6.35,4.81,6.00,4.90,924
golden,7.79,4.25,3.12,5.16,4.37,2370
goldfish,6.62,2.95,4.79,6.00,3.48,9255
golf,5.67,3.68,4.52,5.50,4.41,2205
golfer,5.46,3.00,4.71,5.06,3.05,16508
golfing,5.55,3.11,4.30,,3.19,13696
gondola,5.48,4.09,4.92,,2.87,20435
goner,2.91,4.65,2.12,,3.19,13804
gonorrhea,1.65,4.52,3.92,,2.78,22564
goo,4.68,3.65,3.54,,3.33,11377
goober,6.09,4.29,,,3.17,14097
good,7.89,3.66,1.64,6.66,6.42,66
goodie,6.10,4.47,2.64,,2.71,24525
goodness,7.38,5.20,1.38,5.42,4.51,1827
goodwill,6.47,4.95,2.54,,3.52,8847
goody,6.73,3.33,2.04,,3.55,8467
gooey,5.29,4.68,3.64,,2.89,19918
goof,5.35,4.24,2.54,,3.35,11139
goofball,5.39,4.57,3.18,,2.75,23331
goofy,6.71,5.05,2.62,5.03,3.72,6687
goon,3.53,4.76,3.30,,3.36,10983
goop,4.21,3.55,4.31,,2.85,21003
goose,5.68,3.29,4.81,5.62,4.12,3602
gopher,5.37,3.58,4.67,,3.16,14406
gorge,4.50,4.26,4.15,3.94,3.12,14978
gorgeous,7.57,4.92,2.25,6.26,4.38,2309
gorilla,4.26,4.95,4.97,5.17,3.75,6425
gory,2.57,5.10,2.80,,2.87,20435
gospel,5.28,2.70,3.82,,3.50,9099
gossip,3.50,3.91,3.00,6.14,3.89,5155
gothic,4.70,4.95,2.83,4.62,2.98,17898
gouge,3.14,4.75,3.20,,2.85,21003
goulash,4.86,4.40,4.20,,2.92,19434
gourd,5.33,4.10,4.86,,2.69,24968
gourmet,7.25,6.00,3.07,,3.34,11241
gout,3.67,4.20,3.79,,3.15,14512
govern,4.52,3.91,2.21,4.80,3.09,15637
governess,5.53,2.82,3.89,,3.03,16856
government,3.78,3.75,2.88,6.00,4.81,1080
governmental,2.89,3.80,2.27,,2.75,23331
governor,5.32,3.65,4.07,,4.43,2105
gown,6.00,3.86,4.61,,3.82,5778
grab,5.44,4.50,3.52,6.31,4.85,1001
graceful,6.95,4.00,2.37,4.90,3.37,10883
gracious,7.23,3.23,2.17,,3.86,5460
grad,6.81,4.12,3.96,,3.47,9519
grade,5.18,4.75,3.00,5.94,4.47,1965
grader,5.26,3.38,3.37,,2.95,18731
gradual,5.10,2.95,1.90,5.51,2.88,20159
graduate,7.26,4.52,3.07,5.82,4.09,3794
graduation,6.47,5.83,3.79,6.09,3.99,4437
graffiti,4.24,5.43,4.73,,3.31,11792
graft,3.58,3.68,3.40,,3.22,13228
grail,5.05,4.08,4.23,,3.43,9962
grain,5.83,1.60,4.80,5.12,3.68,7083
gram,5.15,4.18,4.00,,3.42,10178
grammar,6.25,4.21,3.19,5.56,3.38,10678
grand,6.28,3.75,1.67,,4.80,1106
grand canyon,6.76,4.35,,,,
grand theft auto,3.82,5.62,,,,
grandchild,7.00,3.90,4.26,,3.19,13804
granddad,7.32,2.95,4.33,,3.35,11092
granddaddy,7.00,3.38,4.74,,3.36,10934
granddaughter,6.86,4.60,4.37,,3.81,5834
grandeur,6.42,4.77,2.00,,2.87,20435
grandfather,5.68,3.77,4.86,6.26,4.39,2291
grandiose,5.24,4.84,2.38,,2.63,26447
grandma,7.50,3.20,4.54,6.24,4.66,1410
grandmother,7.62,3.75,4.65,6.78,4.44,2045
grandpa,7.43,3.70,4.39,5.77,4.51,1822
grandson,6.22,3.36,4.30,,3.90,5070
grandstand,4.90,4.91,4.03,,2.80,22203
granite,5.05,3.76,5.00,4.63,3.21,13489
granny,5.71,2.38,4.24,6.16,3.93,4893
granola,6.05,3.14,4.85,,2.78,22564
grape,6.70,3.50,5.00,6.36,3.60,7877
grape juice,6.67,3.23,4.93,,,
grapefruit,5.77,3.68,4.96,,3.40,10484
grapevine,5.90,3.19,4.69,,2.97,18107
graph,5.20,3.45,4.66,6.19,2.88,20159
graphic,5.10,4.70,3.20,5.07,3.37,10828
graphics,6.67,4.65,4.59,,3.18,13906
graphite,5.05,3.78,4.58,,2.63,26447
grappling,5.11,4.90,3.12,,2.77,22917
grasp,5.45,4.05,3.63,5.56,3.66,7262
grass,6.47,3.39,4.93,6.28,4.22,3009
grasshopper,6.05,4.43,4.91,5.00,2.97,18107
grassy,6.00,3.09,4.32,,2.81,21885
grate,4.68,4.08,4.82,,3.02,17194
grateful,7.50,4.29,1.78,6.00,4.42,2122
gratification,7.71,4.53,1.78,,2.93,19207
gratifying,6.65,4.89,2.08,,3.04,16682
gratitude,6.67,5.09,2.56,5.24,3.89,5174
grave,2.40,4.54,4.56,4.93,4.42,2140
gravel,4.42,2.95,5.00,4.74,3.16,14304
graveyard,3.25,4.89,4.83,,3.73,6595
gravitational,4.91,5.00,2.79,,3.06,16358
gravity,5.81,4.85,2.86,5.90,3.84,5602
gravy,6.21,3.85,4.97,,3.72,6638
gray,3.68,2.81,3.46,,4.32,2547
graze,5.26,3.57,3.52,,2.89,19918
grease,3.90,3.62,4.61,5.12,3.84,5563
greased,5.23,4.64,3.93,,3.13,14853
greaser,4.67,4.60,,,2.63,26447
greasy,2.94,4.55,3.82,,3.59,8000
great,7.50,4.14,1.81,6.48,5.91,154
great aunt,6.85,3.83,,,,
great grandfather,6.67,3.88,,,,
great grandma,6.33,2.62,,,,
great grandmother,7.42,4.05,,,,
great grandpa,7.10,3.67,,,,
great uncle,5.60,3.05,,,,
greatness,7.76,4.43,1.69,,3.62,7679
greed,2.48,4.45,1.53,5.41,3.68,7049
greedy,2.10,4.76,2.64,6.03,3.82,5739
green,6.29,4.07,4.07,6.72,4.86,983
green bean,5.22,3.52,,,,
green pepper,5.70,3.52,,,,
green snake,4.65,5.70,,,,
greenhouse,6.40,3.60,4.76,,3.34,11188
greet,6.25,3.86,2.96,5.66,3.72,6652
greeting,5.89,4.94,3.62,,3.51,8956
grenade,3.51,6.86,4.90,4.67,3.66,7223
greyhound,5.95,3.90,5.00,,2.96,18305
grid,5.20,3.15,4.55,,3.74,6440
grief,2.33,4.95,2.70,5.47,4.03,4140
grievance,3.45,3.74,2.19,,2.96,18305
grieve,2.80,4.56,2.41,5.09,3.34,11188
grieving,2.90,5.05,2.28,,3.44,9870
grievous,3.14,3.92,1.88,,3.02,17010
grill,6.64,5.26,4.86,,3.65,7383
grilled,6.67,3.89,4.23,,3.35,11092
grim,2.41,4.48,1.82,4.72,3.68,7065
grimy,3.63,4.40,2.86,,2.72,24116
grin,7.66,5.65,4.17,5.61,3.43,9916
grind,5.20,3.43,3.97,4.77,3.57,8234
grinder,4.77,5.24,4.12,,3.11,15245
grindstone,4.14,4.70,4.48,,2.67,25460
gringo,4.11,3.61,,,3.26,12485
grip,5.14,3.64,4.30,,3.99,4484
gripe,3.42,4.24,2.15,2.91,2.90,19680
grisly,3.71,5.09,2.51,,2.96,18305
grit,4.55,4.22,3.33,,2.98,17898
grits,4.90,3.43,4.74,,3.21,13489
gritty,3.94,4.36,2.97,,2.67,25460
grizzly,4.45,5.00,3.17,,3.27,12325
groan,3.90,4.17,4.09,,2.97,18107
grocer,5.38,4.00,4.30,,2.85,21003
grocery,6.62,3.48,4.31,,3.74,6478
groggy,4.05,2.90,2.81,,2.96,18305
groin,5.10,5.50,4.58,,3.26,12560
groom,6.84,4.35,4.54,4.97,3.89,5141
groove,6.32,5.33,3.79,,3.62,7698
groovy,6.42,4.67,1.68,,3.58,8162
grope,3.95,5.76,3.78,,2.80,22203
gross,3.20,5.00,2.96,5.45,4.18,3242
grotesque,3.48,4.95,2.76,3.71,3.20,13601
grotto,5.86,2.50,4.21,,2.84,21286
grouch,3.57,4.60,2.73,,2.69,24968
grouchy,3.33,4.91,2.52,,2.95,18731
ground,5.28,2.35,4.77,6.39,4.86,983
groundhog,5.19,3.12,4.93,,3.18,14005
grounding,5.09,3.84,2.56,,2.75,23331
groundwork,5.71,2.86,2.82,,2.67,25460
group,5.78,3.43,4.12,,4.87,973
groupie,4.00,4.09,3.92,,3.13,14853
grouping,4.90,3.76,3.14,,2.61,27018
grouse,3.73,4.05,,,2.67,25460
grove,5.26,3.73,4.76,,3.59,8061
grovel,3.30,3.65,3.00,,3.08,15770
grow,6.28,2.60,3.03,6.04,4.77,1156
growl,4.43,3.95,4.30,4.79,3.00,17531
grownup,5.30,4.19,2.82,,3.15,14512
growth,6.00,4.95,2.89,,3.81,5840
grub,4.16,4.45,3.86,,3.44,9870
grubby,3.20,3.45,3.04,,2.77,22917
grudge,2.86,4.20,2.14,,3.65,7406
gruel,3.48,4.00,3.93,,2.67,25460
grueling,3.36,5.00,1.77,,2.84,21286
gruesome,2.89,6.62,2.72,,3.31,11732
gruff,4.05,4.25,2.41,,2.75,23331
grumpy,2.81,5.05,2.41,,3.37,10772
grunt,3.68,3.86,3.56,,3.35,11139
grunting,4.43,3.87,3.21,,3.71,6805
guacamole,5.47,4.76,4.89,,3.05,16508
guano,4.20,3.19,,,2.61,27018
guarantee,6.17,3.67,1.96,,4.34,2462
guard,5.89,3.60,4.04,5.27,4.76,1180
guardhouse,4.96,3.67,4.67,,2.86,20727
guardian,6.50,2.91,3.28,,3.85,5526
guardianship,5.21,3.10,2.68,,2.71,24525
guerrilla,5.30,5.59,4.24,,3.04,16682
guess,5.18,3.86,2.28,,5.66,253
guesser,4.32,4.39,3.14,,2.61,27018
guesswork,4.29,4.08,2.04,,2.65,25937
guest,6.14,4.15,3.83,5.96,4.60,1555
guesthouse,6.09,3.00,4.53,,2.88,20159
guidance,5.95,3.06,2.46,,3.87,5341
guide,5.43,3.33,3.70,5.58,4.25,2892
guidebook,5.92,2.78,4.83,,2.85,21003
guiding,5.73,4.77,2.54,,3.32,11598
guild,5.43,4.60,2.96,,3.31,11792
guillotine,1.63,5.64,4.64,,2.93,19207
guilt,2.29,4.48,1.93,6.00,4.17,3288
guilty,3.09,4.65,2.36,5.75,4.79,1119
guinea,5.50,3.48,3.70,,3.65,7383
guise,4.25,3.86,2.52,,2.75,23331
guitar,7.10,4.40,4.90,6.43,4.19,3191
guitarist,6.05,5.05,4.58,,2.86,20727
gull,5.67,3.80,4.08,,3.05,16508
gullet,4.35,5.25,,2.87,2.69,24968
gullible,4.16,4.06,1.78,5.03,3.10,15382
gully,5.05,3.62,4.33,,2.97,18107
gulp,4.70,3.48,4.19,,3.00,17531
gum,5.89,3.20,4.89,,4.13,3530
gumbo,6.21,4.00,4.39,,2.95,18526
gummy,5.29,4.00,3.70,,2.88,20159
gumption,5.48,4.65,1.74,,2.69,24968
gun,3.66,7.74,4.83,6.43,5.33,462
gunboat,3.58,5.86,4.36,,2.81,21885
gunfight,3.42,6.19,4.52,,3.06,16177
gunfighter,4.33,6.10,4.34,,3.16,14406
gunfire,2.79,6.91,4.66,,3.72,6687
gunk,3.62,3.80,3.46,,2.69,24968
gunman,3.00,5.62,4.48,,3.32,11598
gunner,3.95,5.88,4.35,,3.37,10772
gunnery,3.89,4.41,3.04,,2.95,18526
gunplay,2.95,5.38,3.39,,2.63,26447
gunpoint,2.11,6.91,3.48,,3.06,16358
gunpowder,5.37,5.20,4.79,,3.23,13116
gunshot,2.79,5.55,4.93,,4.01,4324
gunslinger,4.53,6.10,4.00,,2.63,26447
gurney,2.95,3.33,4.68,,3.40,10424
guru,5.76,3.76,3.60,,3.19,13804
gush,5.32,5.57,3.38,,2.86,20727
gusher,4.67,4.90,3.56,,2.61,27018
gust,4.86,4.46,3.85,,2.69,24968
gusto,5.67,4.43,2.25,,2.96,18305
gut,3.90,3.67,4.15,,3.99,4460
gutless,4.05,4.65,1.75,,3.02,17010
gutsy,5.53,5.57,1.69,,2.84,21286
gutter,4.05,3.81,4.85,,3.72,6666
guy,6.55,4.71,4.68,,5.88,164
guzzler,4.42,5.14,3.07,,3.15,14512
gym,5.84,5.00,4.83,6.29,4.26,2856
gymnasium,6.20,4.10,4.81,,3.15,14512
gymnast,5.22,4.55,4.85,5.60,2.78,22564
gymnastics,5.45,4.57,4.04,5.10,3.19,13804
gynecologist,3.33,4.10,4.39,,3.16,14406
habit,5.20,4.55,2.76,6.02,4.16,3352
habitat,5.85,3.06,3.90,,3.35,11092
habitual,4.20,3.33,2.00,,2.72,24116
hacienda,5.88,3.33,4.26,,2.81,21885
hack,3.95,5.48,3.10,,3.93,4838
hacker,4.50,5.24,3.74,,3.33,11461
hacksaw,3.86,4.55,4.96,,2.67,25460
hag,2.32,4.52,3.68,,3.26,12629
haggle,4.78,3.76,2.93,,2.87,20435
haiku,5.86,3.87,3.58,,2.69,24968
hail,4.81,3.83,4.32,,4.08,3840
hair,6.18,3.71,4.97,6.81,5.19,576
hairball,3.00,4.52,4.79,,2.78,22564
hairbrush,5.95,4.26,4.75,,2.87,20435
haircut,6.38,3.57,4.77,,3.93,4899
hairdo,5.37,4.35,4.07,,3.12,15104
hairdresser,5.71,3.91,4.79,,3.40,10484
hairdryer,5.52,2.61,4.97,6.26,2.37,33852
hairless,4.45,5.20,4.52,,2.78,22564
hairline,4.37,3.00,4.46,,3.09,15637
hairpin,5.05,3.71,4.83,,2.57,28200
hairspray,5.21,2.65,4.89,,2.88,20159
hairstyle,6.16,3.36,3.90,,2.85,21003
hairy,3.80,3.50,4.48,,3.80,5920
half dollar,6.25,4.09,4.86,,,
halfback,5.05,3.15,4.00,,2.74,23718
halftime,5.21,3.67,2.58,,3.13,14853
halibut,5.77,3.24,,,2.72,24116
hall,5.89,2.57,4.67,6.04,4.72,1279
hallmark,5.68,3.00,2.89,,3.11,15245
hallowed,5.45,3.45,1.86,,3.36,10934
hallucination,3.95,5.96,2.14,5.03,3.26,12629
hallway,4.78,2.89,4.74,5.97,3.98,4526
halo,6.63,3.27,4.03,,3.21,13394
halt,4.42,4.57,3.38,,4.05,4030
halter,4.33,3.26,3.50,,2.72,24116
ham,4.65,4.20,4.90,6.18,4.06,3953
hamburger,6.93,4.20,5.00,,3.89,5155
hammer,5.17,4.56,4.77,5.47,4.10,3727
hammerhead,4.63,4.43,4.28,,2.72,24116
hammock,6.95,2.90,4.89,4.68,3.15,14512
hamper,5.15,3.14,4.21,,3.16,14406
hamster,5.88,4.00,4.86,6.00,3.33,11377
hand,5.90,3.98,4.72,6.88,5.45,368
handbag,4.68,3.94,4.93,6.47,3.42,10088
handball,5.43,3.23,4.48,,2.75,23331
handbook,5.30,3.36,4.64,,3.02,17194
handcuff,3.35,5.00,4.79,,3.02,17194
handful,5.45,3.83,3.48,5.97,3.76,6303
handgun,4.95,6.78,5.00,,3.12,15104
handheld,6.26,3.61,3.93,,2.61,27018
handicap,2.67,3.45,3.07,,3.44,9870
handicapped,3.04,3.95,3.66,4.58,3.43,10007
handiwork,6.47,3.36,3.11,,2.88,20159
handkerchief,5.79,3.05,5.00,5.03,3.62,7660
handle,5.73,3.48,4.57,5.58,5.03,714
handler,4.86,3.60,3.21,3.73,3.44,9821
handmade,7.11,3.62,4.25,,2.96,18305
handout,3.85,3.75,3.52,,2.94,18951
handprint,5.63,4.24,4.97,,2.81,21885
handshake,6.21,4.32,4.52,,3.48,9255
handsome,7.15,4.41,2.63,5.88,4.52,1803
handwriting,5.76,2.65,4.59,,3.77,6158
handy,6.19,3.62,1.88,5.46,4.09,3794
handyman,6.23,4.09,4.12,,3.26,12485
hang,3.10,4.86,3.70,5.26,5.17,589
hangar,5.05,3.50,4.50,,3.53,8698
hanger,4.76,2.92,4.81,,3.14,14727
hangman,3.95,5.35,4.46,,3.12,15104
hangout,6.45,4.81,3.92,,2.88,20159
hangover,2.50,6.00,3.57,,3.59,8000
hankering,5.52,4.20,2.19,3.35,2.82,21557
hanky,5.18,3.57,4.76,3.94,2.93,19207
haphazard,3.28,4.67,2.48,3.42,2.33,35038
hapless,3.63,4.10,1.74,,2.61,27018
happen,5.50,3.43,1.78,,5.40,391
happiness,8.48,6.50,2.60,6.64,4.39,2281
happy,8.47,6.05,2.56,6.60,5.52,320
harass,2.95,6.10,2.67,,3.13,14853
harassment,2.45,5.15,2.58,,3.77,6180
harbor,5.86,3.14,4.57,,4.04,4090
hard,4.35,4.50,3.76,6.70,5.49,338
hardball,5.10,4.81,3.08,,3.02,17010
hardcore,4.84,6.10,2.40,,3.49,9225
harden,4.29,3.70,3.36,,2.75,23331
hardened,4.52,4.15,2.63,,3.06,16177
hardheaded,3.58,4.38,2.37,,2.69,24968
hardship,2.80,5.10,1.79,5.13,3.18,13906
hardware,6.11,4.41,4.62,,3.83,5638
hardwood,5.65,3.68,4.40,,2.82,21557
hardworking,6.58,3.81,2.48,,3.18,13906
hare,6.61,2.74,4.88,,3.58,8105
harebrained,4.05,4.28,1.56,,2.67,25460
harem,4.20,3.94,4.38,,2.95,18526
hark,4.65,3.10,2.38,,3.23,13008
harlot,4.58,5.60,3.63,,2.90,19680
harm,1.91,5.90,2.62,5.41,4.50,1862
harmful,2.29,4.89,2.19,5.52,3.12,15104
harmless,6.59,3.50,1.90,,3.94,4811
harmonica,6.32,3.20,4.90,4.79,3.25,12772
harmonious,7.70,4.25,2.04,,2.61,27018
harmony,7.55,4.33,2.46,4.70,3.92,4971
harness,4.47,3.89,4.14,4.39,3.42,10135
harp,5.40,3.26,4.85,4.60,3.42,10088
harpoon,4.16,4.67,4.67,,2.95,18731
harrowing,4.60,3.86,2.37,,2.74,23718
harsh,3.44,5.63,2.23,5.41,3.85,5484
harvest,6.57,3.76,4.00,4.17,3.58,8105
hash,3.95,4.45,4.10,,3.55,8498
hassle,2.95,3.83,2.18,,3.42,10135
haste,4.12,4.58,2.29,,3.32,11598
hasten,4.90,3.86,2.22,,2.87,20435
hasty,4.25,5.35,2.70,,3.55,8526
hat,5.69,2.88,4.88,6.25,4.81,1092
hatch,5.26,4.90,4.46,4.46,4.11,3651
hatchet,4.43,5.14,4.93,,3.30,11968
hate,1.96,6.26,1.97,6.11,5.33,461
hateful,1.90,5.71,2.07,,3.30,11850
hater,2.33,4.14,2.21,,2.81,21885
hatred,2.38,5.22,2.00,5.84,3.73,6534
haughty,4.16,4.36,1.67,,2.63,26447
haul,4.95,3.18,3.81,,3.85,5496
haunt,4.05,4.87,2.03,,3.55,8442
have,5.86,3.52,2.18,6.38,6.79,25
haven,6.36,2.90,3.38,4.64,5.57,293
havoc,3.85,5.43,2.18,,3.14,14727
haw,4.35,3.72,,,2.94,18951
hawk,6.46,4.83,4.93,5.70,4.11,3670
hay,5.41,2.43,4.87,5.38,3.81,5883
hayride,6.67,3.81,3.93,,2.86,20727
haystack,5.86,3.58,4.87,,3.14,14627
haywire,4.55,4.29,2.50,,3.10,15382
hazard,2.90,5.77,3.67,5.32,3.59,8061
hazardous,2.80,5.25,3.10,,3.27,12417
haze,4.83,3.91,4.04,4.34,3.18,13906
hazmat,3.62,5.54,3.81,,2.92,19434
hazy,3.79,2.73,3.15,,2.92,19434
head,5.86,4.45,4.75,6.76,5.57,291
headache,2.22,4.27,3.90,6.19,4.15,3407
headband,5.16,3.33,5.00,,2.63,26447
header,5.33,3.33,3.93,,2.71,24525
headless,2.95,5.10,4.42,,3.12,14978
headlight,5.29,4.75,4.97,,2.87,20435
headline,5.00,4.14,4.04,,3.42,10178
headliner,5.80,4.11,3.72,,2.65,25937
headlock,3.60,4.39,4.21,,2.61,27018
headmaster,4.89,3.44,4.12,,3.34,11188
headphones,6.47,3.00,4.79,6.80,3.20,13601
headquarter,5.14,3.81,3.83,,2.69,24968
headquarters,4.95,4.04,4.14,5.09,4.22,3061
headset,5.37,4.10,4.83,,2.93,19207
headstone,2.45,4.18,4.39,,3.01,17381
headstrong,4.84,6.00,2.14,,2.96,18305
headway,5.20,3.95,2.30,,2.82,21557
heady,5.00,3.52,1.59,,2.61,27018
heal,7.41,4.32,3.03,5.83,4.05,4015
healer,7.38,3.95,3.52,,3.22,13228
healing,7.63,3.67,2.76,,3.81,5869
health,6.85,3.48,2.28,6.61,4.60,1550
healthcare,4.76,4.56,3.24,,2.77,22917
healthy,7.76,4.19,3.31,6.32,4.39,2264
heap,4.38,3.42,3.90,,3.69,6979
hear,6.68,3.62,3.66,6.62,5.74,207
hearsay,3.82,4.59,1.82,,3.19,13804
hearse,2.78,3.64,4.85,,3.21,13489
heart,6.95,5.07,4.52,6.58,5.39,407
heart disease,2.09,5.80,3.56,,,
heartache,3.23,5.24,2.20,,3.17,14196
heartbeat,6.24,4.43,4.08,,3.75,6408
heartbreak,2.45,5.65,2.15,,3.34,11188
heartbreaker,3.76,4.45,2.14,,2.81,21885
heartbreaking,2.91,4.86,2.04,,3.08,15770
heartbroken,1.95,6.60,2.37,,3.26,12485
heartburn,2.90,4.00,3.39,,2.88,20159
hearted,6.00,4.50,,,2.67,25460
heartfelt,6.70,3.83,1.89,,3.16,14406
hearth,5.86,3.61,4.38,3.16,2.84,21286
heartland,6.00,4.32,2.31,,2.75,23331
heartless,2.80,4.82,1.79,,3.55,8526
hearty,7.25,3.71,2.55,,3.29,12042
heat,4.77,5.75,3.79,,4.60,1553
heater,6.57,3.26,4.80,6.00,3.44,9870
heathen,3.71,4.20,3.04,,3.21,13489
heating,5.85,3.61,3.34,,3.43,9962
heave,4.10,4.00,3.67,,3.56,8348
heaven,7.50,4.23,1.81,5.84,4.75,1196
heavenly,7.89,4.95,1.50,,3.74,6440
heavy,4.78,3.65,3.37,6.32,4.67,1371
heavy metal,4.61,4.86,3.70,,,
heavyweight,4.37,3.83,3.52,,3.54,8555
heck,4.29,3.12,,,4.26,2865
hectic,2.80,4.45,1.96,,3.27,12417
hedge,5.14,3.39,4.54,,3.19,13696
heed,4.77,4.44,1.93,,3.26,12560
heel,4.63,4.55,4.86,5.38,3.87,5334
hefty,3.85,4.05,3.07,,3.09,15637
heifer,4.29,4.55,4.22,,3.08,15770
height,5.83,3.85,3.86,,3.97,4598
heightened,6.37,4.59,2.38,,2.94,18951
heinous,2.77,5.38,1.71,,3.21,13394
heir,6.29,4.00,3.21,3.65,3.72,6687
heiress,5.68,4.60,3.89,,3.06,16177
heirloom,6.35,4.55,3.73,,2.94,18951
heist,4.16,6.40,3.30,,3.50,9099
helicopter,5.55,6.11,4.62,5.94,4.20,3163
helipad,4.52,5.09,,,2.63,26447
heliport,5.63,4.14,4.70,,2.63,26447
helium,6.35,3.57,3.96,,3.16,14304
helix,5.75,3.50,,,2.61,27018
hell,2.55,6.26,2.41,5.50,5.67,247
hellfire,2.85,5.10,2.52,,2.89,19918
hellhole,2.10,6.33,3.00,,3.19,13804
hellish,2.67,4.48,2.16,,2.89,19918
helmet,5.26,3.71,4.92,,3.98,4554
helmsman,5.19,3.00,4.28,,2.72,24116
help,6.95,4.29,2.56,6.06,5.96,140
helper,6.71,3.22,3.39,,3.31,11792
helpful,7.43,3.88,1.76,5.88,4.08,3813
helpless,2.24,4.91,2.07,5.55,4.05,4054
hem,5.47,3.05,4.43,,2.93,19207
hematoma,3.11,4.62,3.33,,3.06,16358
hemisphere,5.33,3.32,3.58,,3.18,14005
hemlock,4.65,3.86,4.88,,2.81,21885
hemoglobin,5.32,3.09,4.08,,2.75,23331
hemorrhage,2.32,5.00,3.59,,3.24,12929
hemostat,4.65,3.92,,,2.71,24525
hen,6.14,3.39,4.90,5.18,3.51,8991
henhouse,4.60,3.91,4.70,,2.61,27018
hepatitis,2.33,3.83,3.96,,3.19,13696
herald,4.89,3.85,2.87,,3.42,10178
herb,6.72,3.26,4.57,5.88,3.70,6883
herbal,6.14,3.87,3.57,5.13,3.21,13394
herbs,6.09,3.96,4.79,,3.44,9781
herd,5.67,3.33,4.11,4.64,3.85,5504
hereditary,5.25,4.05,2.00,,3.08,15898
heresy,4.47,4.70,2.04,,3.01,17381
heretic,3.55,5.36,3.23,,2.78,22564
heritage,6.86,3.77,2.34,,3.41,10321
hermit,4.10,3.88,4.29,,3.08,15898
hernia,2.48,5.42,3.58,3.71,3.26,12629
hero,7.44,6.35,3.07,5.94,4.70,1319
heroic,7.45,5.48,1.85,,3.66,7242
heroin,2.74,4.62,4.57,5.03,3.99,4433
heroine,4.86,5.43,4.21,4.35,3.17,14196
heroism,7.05,5.96,2.67,4.46,3.05,16508
herpes,1.57,5.58,3.88,,3.12,15104
herring,4.90,3.35,4.68,4.39,3.48,9366
hertz,5.00,3.50,2.63,,2.81,21885
hesitant,3.48,2.83,1.88,5.03,2.63,26447
hesitate,4.00,3.96,2.46,5.66,3.74,6495
hesitation,3.67,3.61,2.59,5.26,3.27,12417
hetero,4.94,4.05,2.52,,2.61,27018
heterosexual,6.62,5.10,3.00,,3.24,12846
hex,2.47,4.77,2.16,,3.12,15104
hiatus,5.65,3.71,2.07,,2.61,27018
hibernation,6.05,3.55,3.26,,2.78,22564
hiccup,4.50,3.95,4.31,,2.74,23718
hick,3.67,4.24,3.45,,3.30,11850
hickey,5.14,5.04,4.55,,3.14,14627
hickory,5.90,2.95,4.34,,3.14,14727
hide,4.90,3.52,3.21,6.22,4.84,1025
hideaway,5.76,3.57,3.56,3.77,3.02,17194
hideous,3.14,4.95,2.61,,3.73,6563
hideout,4.55,4.67,3.83,,3.20,13601
hierarchy,4.95,4.11,2.59,4.47,2.81,21885
hieroglyphics,6.14,3.33,4.08,,2.65,25937
high,5.77,4.10,3.46,6.27,5.29,491
high heels,6.11,5.20,,,,
highball,5.33,4.48,4.08,,2.84,21286
highland,5.90,4.95,3.86,,3.21,13489
highlight,6.58,3.80,3.11,,3.19,13696
highness,5.65,4.77,2.44,,4.20,3157
hightail,4.95,4.73,2.29,,2.71,24525
highway,5.19,4.28,4.72,4.88,4.25,2891
hijack,1.84,6.10,3.33,,3.19,13696
hijacker,1.85,6.75,4.03,,2.72,24116
hike,6.68,4.32,4.14,,3.82,5797
hiking boot,5.19,3.78,,,,
hilarious,7.80,6.11,2.39,6.49,3.76,6245
hill,5.41,3.15,4.93,6.26,4.57,1622
hillside,6.27,4.28,4.78,,3.09,15637
hilltop,6.15,3.09,4.76,,2.75,23331
hilly,5.70,3.43,3.88,,3.09,15637
hilt,5.15,3.35,,,2.75,23331
hind,4.70,2.71,3.96,,3.39,10540
hinder,3.90,3.43,2.78,4.22,2.87,20435
hindsight,5.19,4.28,2.07,,2.96,18305
hinge,5.21,3.25,4.57,,2.77,22917
hint,6.05,4.75,2.33,5.61,3.96,4632
hip,5.86,3.80,4.21,,4.19,3225
hip hop,4.84,4.50,3.33,,,
hippie,4.60,3.91,4.07,4.56,3.44,9870
hippo,5.68,5.09,4.93,5.62,3.16,14406
hippopotamus,6.38,4.17,4.93,5.11,2.75,23331
hire,7.09,5.65,3.11,,4.41,2205
hiss,3.65,4.29,3.60,,2.97,18107
historian,6.00,2.76,3.90,,2.95,18526
historic,6.20,4.12,1.93,,3.56,8366
historical,6.57,2.59,1.93,4.73,3.72,6638
history,6.00,3.38,2.96,5.94,4.92,881
hit,3.95,5.48,4.11,6.15,5.44,372
hitch,5.29,4.22,3.93,,3.61,7787
hitchhike,4.74,5.05,3.44,,2.98,17898
hitchhiker,3.60,4.35,4.83,,3.00,17531
hitter,3.05,4.55,3.96,,3.19,13696
hiv,1.53,5.10,,,,
hive,4.00,4.28,4.83,,3.00,17531
hoard,3.70,4.82,3.33,,2.67,25460
hoarse,3.85,3.17,3.07,,2.71,24525
hoax,3.85,5.05,2.67,,3.39,10639
hobbit,6.28,4.25,4.17,,3.16,14304
hobby,6.67,3.05,2.93,,3.84,5563
hobo,3.94,4.50,4.12,,3.26,12629
hock,4.59,3.38,3.29,,3.34,11315
hockey,5.32,4.06,4.31,5.04,4.06,3964
hoe,4.80,5.40,4.74,,2.97,18107
hog,4.55,2.90,4.66,4.31,3.71,6772
hogwash,4.42,5.76,2.37,,2.78,22564
hoist,5.00,4.79,4.00,,3.32,11666
hokey,5.71,4.75,2.00,,2.78,22564
hold,6.05,4.86,3.68,6.10,5.64,264
holder,5.17,2.85,3.74,,3.21,13394
holdup,3.29,4.96,3.04,,3.42,10178
hole,5.28,2.95,4.81,,4.76,1179
holiday,7.18,4.93,2.86,6.18,4.33,2528
holiness,5.18,3.48,1.56,,3.50,9128
holistic,6.33,3.00,2.08,,2.61,27018
holler,3.68,4.75,3.57,,3.77,6158
hollow,4.67,3.41,3.61,4.66,4.09,3805
holly,6.67,4.30,4.50,,4.03,4161
hologram,6.22,4.23,4.35,,2.82,21557
holographic,6.33,4.23,3.11,,3.02,17010
holster,4.44,5.35,4.59,,3.34,11241
holy,6.06,3.37,1.67,4.91,4.83,1048
homage,5.65,3.48,2.17,,3.12,14978
hombre,5.09,4.05,3.92,,3.22,13228
hombres,6.37,3.73,3.96,,2.61,27018
home,7.48,3.78,4.11,6.75,5.89,163
homeboy,5.67,3.50,3.62,,3.39,10593
homecoming,6.95,4.14,3.08,,3.75,6394
homeland,5.37,4.19,3.45,,3.68,7065
homeless,2.21,4.38,3.04,,4.03,4186
homely,4.70,3.45,2.32,,2.97,18107
homemade,7.38,4.08,2.90,,3.46,9588
homeowner,6.90,4.65,3.93,,3.08,15898
homeroom,4.67,3.88,4.30,,3.07,16056
homesick,3.00,4.05,2.86,,3.39,10639
homestead,5.84,3.45,4.07,,3.07,16056
hometown,6.80,3.52,3.33,,3.59,8000
homeward,6.37,4.24,2.14,,2.89,19918
homework,3.32,4.74,4.50,,4.30,2635
homey,5.68,3.41,2.00,,3.53,8747
homicidal,2.00,6.24,1.76,,3.31,11792
homicide,1.50,6.10,3.82,4.58,4.19,3238
homing,5.05,3.83,2.00,,3.15,14512
hominy,4.35,3.33,,,2.71,24525
homo,3.11,3.36,,,3.57,8265
homophobic,2.70,5.14,2.50,,2.87,20435
homosexual,4.65,3.67,3.85,,3.68,7120
homosexuality,5.11,4.05,3.03,,2.99,17712
honcho,5.00,3.05,,,2.97,18107
hone,5.42,3.76,2.52,,2.87,20435
honest,8.16,4.00,1.66,6.42,4.86,987
honesty,7.43,3.32,1.59,5.97,3.86,5425
honey,7.27,4.38,4.88,5.97,5.48,347
honeycomb,6.55,3.95,4.72,5.42,2.61,27018
honeymoon,7.53,5.91,3.59,5.29,4.21,3095
honk,4.95,3.96,4.52,,3.38,10678
honky,3.45,3.76,2.35,,3.21,13394
honor,6.90,4.63,1.68,,4.98,783
honorable,7.68,4.78,1.78,,3.86,5418
honorary,6.42,3.90,1.75,,3.18,13906
hooch,4.19,4.36,4.22,,3.02,17010
hood,4.95,3.33,4.88,5.94,4.19,3226
hoodlum,3.90,5.35,4.03,,3.12,15104
hoof,4.74,3.23,4.89,4.93,3.24,12846
hook,4.00,4.00,4.79,4.85,4.58,1609
hooker,3.42,4.91,4.50,4.69,4.07,3909
hookup,5.78,4.81,3.48,,2.90,19680
hooky,4.40,4.24,2.29,,2.94,18951
hooligan,3.10,5.50,3.59,,2.87,20435
hoop,6.26,3.15,4.74,,3.43,9962
hoopla,5.23,5.19,,,2.86,20727
hoot,6.00,4.91,3.88,,3.42,10135
hooter,4.70,3.96,3.75,,2.75,23331
hop,5.89,3.71,3.80,,4.28,2729
hope,7.48,5.29,1.25,6.36,5.51,329
hopeful,7.44,4.84,1.70,5.87,3.48,9366
hopeless,2.20,4.52,1.59,,3.95,4718
horde,4.21,5.05,3.70,,3.06,16177
horizon,6.48,4.25,4.44,,3.65,7361
horizontal,5.86,4.25,3.46,,3.18,13906
hormonal,4.10,5.41,2.66,,2.94,18951
hormone,4.86,4.87,3.33,,3.14,14727
horn,5.00,4.22,5.00,4.88,4.32,2551
horned,4.20,4.61,4.00,,2.74,23718
hornet,3.37,5.73,4.96,,3.13,14853
horny,6.84,6.28,2.87,,3.92,4905
horoscope,5.29,3.95,3.29,,3.08,15898
horrendous,2.58,5.81,2.07,,3.02,17194
horrible,2.33,5.95,2.20,5.92,4.63,1494
horrid,2.68,6.00,2.14,5.26,3.39,10540
horrific,2.20,6.00,2.50,,3.14,14627
horrifying,2.68,6.29,2.52,,3.20,13601
horror,3.38,6.13,2.50,5.34,3.96,4641
horse,6.05,4.16,5.00,5.71,4.97,807
horseback,5.85,5.20,4.41,,3.27,12325
horseman,5.95,3.42,4.30,,3.08,15770
horsepower,5.57,4.52,2.48,,3.09,15637
horseradish,4.68,3.74,4.81,,2.71,24525
horseshit,2.95,4.17,4.52,,3.36,10983
horseshoe,4.91,4.15,5.00,,3.02,17194
horsey,5.52,4.48,3.54,,2.93,19207
hose,5.00,4.54,4.87,,3.91,5038
hospice,3.53,4.22,3.93,,2.84,21286
hospitable,7.00,3.62,1.81,,2.93,19207
hospital,3.52,5.07,4.64,6.19,5.09,649
hospitality,7.27,3.33,2.15,,3.66,7303
host,5.70,3.21,3.63,5.23,4.18,3276
hostage,2.74,5.73,4.26,4.91,4.16,3338
hostel,4.00,4.27,3.90,,2.77,22917
hostess,6.70,4.18,4.12,4.82,3.57,8265
hostile,2.35,5.39,2.62,5.07,3.95,4718
hostility,2.95,6.74,2.24,,3.44,9870
hot,5.73,4.76,4.31,,5.28,501
hot sauce,6.32,5.04,4.89,,,
hotdog,6.21,3.85,5.00,,2.61,27018
hotel,6.60,4.55,4.93,5.91,5.01,741
hothead,3.89,4.41,2.96,,2.88,20159
hotline,5.52,4.62,3.00,,3.19,13696
hotshot,4.38,3.83,2.52,,3.55,8526
hound,5.30,4.27,4.48,4.81,3.70,6835
hour,5.05,3.38,3.10,6.12,5.21,556
hourglass,5.61,3.10,4.93,,2.99,17712
hourly,5.55,2.67,2.50,,2.87,20435
house,7.19,3.95,5.00,6.62,5.71,220
houseboat,6.15,5.75,4.74,,2.90,19680
houseboy,4.20,3.06,4.26,,2.86,20727
housebroken,5.65,4.23,3.04,,2.77,22917
houseguest,5.20,3.67,4.21,,2.69,24968
household,6.67,3.96,3.86,,3.84,5563
housekeeper,5.32,3.64,4.36,,3.77,6207
housekeeping,5.55,3.43,3.40,,3.48,9337
housewarming,6.26,4.23,2.57,,2.86,20727
housewife,5.42,3.73,4.43,,3.55,8498
housework,3.94,3.59,4.10,,3.10,15382
housing,5.85,2.73,4.00,,3.61,7807
hovel,3.82,3.69,,,2.71,24525
hover,5.50,4.17,3.17,4.66,3.07,16056
hovercraft,5.94,4.25,4.58,3.60,2.72,24116
howl,5.29,5.60,3.83,,3.32,11666
hub,4.95,3.40,3.59,,3.49,9225
hubby,5.62,4.32,4.27,,3.01,17381
huckleberry,6.48,3.21,4.25,,2.95,18731
huddle,5.32,3.68,4.21,,3.34,11241
hue,6.26,3.40,3.66,,3.15,14512
huff,4.40,4.25,3.32,,3.12,14978
huffy,4.24,3.77,2.26,,2.61,27018
hug,8.23,4.85,4.14,6.69,4.29,2713
huge,5.72,4.24,3.54,,4.68,1346
hugger,6.81,4.80,4.14,,2.63,26447
hulk,5.45,4.90,3.39,,3.61,7787
hull,5.05,2.67,4.29,3.64,3.63,7629
human,6.45,3.62,4.93,6.48,5.10,646
humane,6.88,3.21,1.79,5.22,3.26,12485
humanitarian,6.75,2.85,2.57,3.52,3.27,12325
humanity,6.78,4.35,2.36,5.68,3.99,4478
humankind,6.95,4.83,3.33,,2.85,21003
humanoid,4.52,3.89,3.68,,2.93,19207
humble,6.52,3.18,1.73,5.73,3.99,4437
humbug,4.84,5.14,1.57,,2.99,17712
humdrum,4.24,2.64,,,2.65,25937
humid,3.42,3.36,3.48,,2.95,18526
humidity,3.86,4.19,3.00,,3.13,14853
humiliate,2.60,5.05,2.07,5.39,3.62,7679
humiliating,2.16,5.50,1.86,,3.77,6180
humiliation,2.27,5.43,1.96,5.47,3.67,7167
humility,5.65,3.95,1.75,,3.38,10678
hummer,5.81,3.71,4.12,,3.14,14627
hummingbird,6.74,4.68,4.96,4.38,2.80,22203
humongous,4.91,5.39,3.42,,2.86,20727
humor,7.75,5.11,2.26,,4.22,3028
humorous,7.81,5.33,2.23,6.19,3.17,14097
hump,4.75,5.16,4.36,,3.65,7423
humpback,5.10,3.64,4.69,,2.63,26447
hunch,5.38,4.64,2.00,,3.88,5270
hunchback,3.70,3.89,4.32,,3.00,17531
hundred,6.50,3.70,3.20,,4.90,928
hunger,3.20,4.80,3.30,,3.77,6180
hungry,3.54,5.60,2.90,,4.89,938
hunk,5.55,4.83,3.79,,3.71,6724
hunky,4.90,4.57,2.42,,2.93,19207
hunt,3.84,5.10,3.81,,4.41,2182
hunting,4.75,3.71,3.96,,4.33,2540
huntress,4.61,4.16,4.12,,2.61,27018
hurdle,4.30,4.05,3.97,4.73,2.87,20435
hurl,3.32,4.43,4.10,,3.14,14727
hurricane,3.16,5.75,4.59,5.39,3.94,4776
hurry,4.32,5.62,2.63,6.12,5.24,531
hurt,2.45,4.72,3.61,6.22,5.39,405
hurtful,3.09,5.41,2.65,,3.06,16177
husband,7.41,4.38,4.11,6.21,5.29,492
hushed,5.21,3.76,2.39,,2.71,24525
husk,5.00,3.14,4.86,,2.63,26447
husky,5.29,3.71,3.59,,3.21,13489
hussy,4.40,6.05,2.54,,3.10,15529
hustle,4.52,5.74,2.96,,3.90,5114
hustler,4.26,5.65,3.67,,3.47,9402
hut,5.10,2.91,4.65,,4.12,3564
hyacinth,6.00,4.40,4.50,,2.63,26447
hybrid,5.47,3.81,3.21,,3.31,11732
hydrant,6.26,3.50,4.76,3.53,3.02,17194
hydrate,5.74,3.50,3.32,,2.71,24525
hydraulic,5.05,4.11,3.66,,3.06,16177
hydraulics,4.50,3.82,3.71,,2.75,23331
hydrogen,5.04,3.83,3.32,,3.43,10007
hydroponics,5.42,4.09,3.20,,2.61,27018
hyena,4.64,4.63,4.57,,3.16,14406
hygiene,6.38,4.63,3.11,,3.33,11461
hygienic,5.91,3.86,2.55,,2.74,23718
hygienist,5.95,3.70,4.24,,2.81,21885
hymen,4.90,5.35,4.66,,2.71,24525
hymn,6.14,2.73,4.04,4.32,3.22,13293
hype,5.41,5.90,1.75,,3.22,13293
hyper,5.11,5.52,2.00,,2.95,18526
hyperactive,4.47,6.60,2.73,,2.61,27018
hyperspace,5.42,4.64,2.54,,2.75,23331
hypertension,2.84,4.59,2.89,,2.78,22564
hyperventilate,2.88,5.86,3.86,,2.74,23718
hypnosis,5.72,4.10,2.78,,3.30,11908
hypnotic,5.25,3.73,1.96,,3.12,14978
hypnotist,5.10,3.83,4.07,,2.92,19434
hypnotize,5.70,5.05,2.48,,2.80,22203
hypochondriac,2.89,5.29,2.96,,2.61,27018
hypocrisy,2.62,3.96,2.00,,3.22,13228
hypocrite,3.25,4.77,2.55,,3.51,8887
hypocritical,3.17,4.50,2.30,,3.10,15382
hypodermic,2.90,4.78,3.58,,2.84,21286
hypothalamus,5.30,4.04,,,2.86,20727
hypothermia,2.57,5.78,3.55,,2.89,19918
hypothesis,5.78,3.29,2.12,5.50,2.95,18731
hypothetical,4.94,4.43,1.30,,3.39,10540
hysterectomy,2.95,5.22,3.83,,2.80,22203
hysteria,3.79,5.59,2.86,,3.36,10983
hysterical,4.58,6.33,2.65,,3.85,5484
ibuprofen,5.75,3.83,4.48,,2.69,24968
ice,6.06,3.30,4.89,6.33,4.90,916
ice tea,6.58,3.25,4.56,,,
iceberg,5.05,5.12,4.96,5.00,3.26,12560
icebox,5.67,3.39,4.71,,3.39,10593
icebreaker,5.68,3.82,3.17,,2.63,26447
iced,5.75,4.00,3.79,,3.63,7574
icing,6.05,4.32,4.66,5.43,3.15,14512
icky,3.53,4.36,2.00,,3.08,15770
icon,6.05,3.04,3.46,,3.24,12846
icy,5.73,5.47,4.22,,3.43,10048
id,5.50,2.94,2.39,,3.52,8802
idea,7.05,4.66,1.61,6.14,5.55,297
ideal,6.63,3.78,1.37,5.73,3.87,5362
idealism,5.95,4.67,1.64,,2.81,21885
idealist,6.55,4.19,1.52,,2.84,21286
idealistic,6.50,4.15,1.21,,2.92,19434
identical,5.30,4.40,3.50,,3.74,6440
identification,5.76,4.45,3.40,,3.90,5049
identify,6.00,4.16,2.64,,4.21,3100
identity,5.84,4.40,2.00,5.50,4.11,3618
ideology,5.52,3.96,1.62,,2.82,21557
idiocy,3.10,4.16,1.75,,2.77,22917
idiot,3.03,4.85,3.32,6.27,4.82,1068
idiotic,3.24,4.56,1.88,6.21,3.59,8031
idle,4.29,4.10,2.79,4.34,3.44,9781
idol,5.40,4.38,3.63,4.32,3.44,9781
idyllic,6.11,4.10,1.73,,2.67,25460
iffy,3.81,4.50,1.68,,2.72,24116
ignite,4.70,5.86,4.04,,3.01,17381
ignition,5.81,4.33,3.37,,3.62,7698
ignorance,2.84,3.76,1.60,,3.56,8390
ignorant,3.24,4.18,1.62,5.62,3.80,5952
ignore,3.33,3.80,2.22,6.23,4.27,2793
iguana,5.23,4.33,4.83,,2.90,19680
illegal,2.53,5.55,2.37,,4.37,2353
illegitimate,2.79,4.00,1.82,,3.13,14853
illicit,2.68,4.77,1.89,,2.86,20727
illiterate,3.53,4.42,2.92,,3.00,17531
illness,1.95,5.11,3.54,6.03,3.86,5392
illogical,3.50,4.78,1.38,,2.77,22917
illuminate,6.58,5.74,3.55,,2.93,19207
illuminating,6.56,5.38,2.79,,2.69,24968
illumination,6.84,4.00,3.28,,2.84,21286
illusion,5.16,4.50,2.48,5.06,3.92,4952
illustrate,6.24,3.78,3.31,,2.90,19680
illustration,6.37,4.00,4.36,5.66,2.69,24968
illustrious,6.21,4.09,1.65,,3.16,14406
image,5.58,3.48,3.85,5.78,4.35,2419
imagery,6.86,4.55,2.48,,3.17,14196
imaginable,6.85,3.00,1.79,,2.98,17898
imaginary,6.22,3.80,1.74,,3.64,7485
imagination,7.22,4.41,1.69,6.15,4.24,2945
imaginative,6.65,5.18,1.82,5.85,3.14,14627
imagine,7.20,4.46,1.53,6.38,4.91,904
imaging,5.95,4.90,2.79,,3.10,15382
imbalance,3.90,4.58,2.22,,3.03,16856
imbecile,3.00,5.17,3.00,,3.46,9549
imitate,5.44,3.95,2.66,,3.26,12560
imitation,4.54,4.46,2.83,,3.44,9870
immaculate,6.53,4.85,2.48,,2.90,19680
immaterial,4.68,3.08,2.08,,2.95,18526
immature,3.17,4.21,2.35,5.61,3.52,8847
immediate,5.85,4.64,2.10,,4.05,4047
immense,5.48,5.85,2.21,5.70,3.21,13394
immigrant,5.43,5.05,3.72,,3.19,13696
immigration,4.00,4.22,3.03,,3.40,10367
imminent,5.25,3.45,1.89,,3.39,10639
immobile,2.89,4.38,2.86,,2.71,24525
immoral,2.79,5.42,1.59,4.82,3.42,10135
immorality,4.32,5.81,2.11,,2.65,25937
immortal,6.24,5.30,2.00,,3.71,6786
immortality,5.42,4.90,1.52,,3.30,11850
immune,6.38,4.50,2.43,5.53,3.64,7504
immunity,6.14,3.67,2.07,4.91,3.63,7610
impact,5.76,5.85,2.59,5.90,3.97,4574
impair,3.26,3.90,1.73,4.06,2.25,37666
impart,5.63,3.76,2.00,,2.74,23718
impartial,5.22,3.89,1.81,,3.01,17381
impatience,3.63,4.22,1.93,,2.85,21003
impatient,3.53,4.61,2.38,,3.61,7830
impeach,3.45,5.74,2.11,,2.63,26447
impeachment,3.08,4.16,2.69,,2.77,22917
impeccable,5.90,4.88,2.12,,3.21,13489
impede,3.95,4.70,2.73,,2.72,24116
impediment,4.50,4.85,2.56,,2.78,22564
impending,3.68,4.55,1.48,,3.04,16682
impenetrable,4.95,4.61,2.62,,3.02,17194
imperative,5.21,3.67,1.36,,3.40,10424
imperfect,4.10,5.05,2.18,,2.99,17712
imperial,4.50,4.67,2.52,,3.40,10484
imperialist,4.29,4.17,2.36,,2.72,24116
impersonal,3.85,4.21,1.69,,2.95,18731
impersonate,4.73,4.12,2.88,,2.82,21557
impersonation,5.50,4.39,2.46,,2.67,25460
impersonator,4.21,3.95,3.50,,2.75,23331
impertinence,4.37,3.35,2.28,,2.78,22564
impertinent,4.24,3.88,1.76,,3.04,16682
impervious,5.21,4.36,2.04,,2.80,22203
impetuous,4.55,4.39,1.73,,3.06,16177
implant,4.39,4.15,4.31,,3.33,11377
implement,5.05,3.82,2.33,,3.10,15529
implicate,4.48,4.35,1.68,,3.05,16508
implication,4.77,3.71,1.61,,2.98,17898
implore,4.47,4.57,1.61,,3.02,17010
implosion,3.32,5.82,3.36,,2.88,20159
imply,4.79,4.00,1.86,,3.43,9962
impolite,3.10,5.25,1.96,,3.12,15104
import,5.28,3.95,2.52,5.09,3.34,11241
importance,6.39,4.15,1.75,,3.88,5212
important,6.82,4.71,2.14,6.60,5.32,471
impose,3.86,4.89,1.93,4.24,3.46,9629
imposition,3.35,3.76,1.68,,2.89,19918
impossibility,3.67,3.83,1.52,,2.85,21003
impossible,3.50,4.52,1.66,6.09,4.77,1166
impostor,3.47,4.60,3.14,,3.30,11908
impotence,3.10,4.61,3.07,,2.82,21557
impotent,2.95,3.71,2.38,3.77,3.32,11598
impound,2.68,4.23,3.89,,3.23,13116
impoverished,2.43,4.64,2.22,,2.77,22917
impractical,3.77,4.53,1.60,,2.95,18526
impregnable,4.68,3.95,2.52,,2.77,22917
impregnate,4.50,6.21,3.29,,2.65,25937
impress,6.25,4.82,2.07,6.00,4.01,4324
impressed,6.66,4.90,,,4.28,2745
impression,6.00,3.86,2.23,5.70,4.27,2811
impressionable,5.40,4.00,1.40,,2.94,18951
impressive,7.05,4.10,2.07,5.71,4.23,2987
imprint,5.24,2.43,3.96,,3.10,15382
imprison,2.48,4.70,3.35,,2.61,27018
imprisonment,3.10,5.14,3.46,,3.26,12485
improbable,4.05,3.95,1.85,,2.87,20435
impromptu,5.81,4.45,2.04,,2.94,18951
improper,3.55,4.80,1.69,,3.06,16358
impropriety,3.84,3.27,2.38,2.48,2.71,24525
improve,6.14,4.61,1.82,6.24,3.91,5016
improvement,6.53,4.95,2.60,5.88,3.59,8031
improvisation,5.52,4.62,2.00,,2.61,27018
improvise,5.78,4.15,2.07,,3.40,10424
impudence,4.85,3.95,1.55,,2.72,24116
impudent,4.58,3.80,,,2.87,20435
impulse,5.16,5.33,2.52,5.39,3.72,6638
impulsive,4.67,6.00,2.25,5.35,3.43,9962
impure,3.68,4.38,2.00,,2.92,19434
inability,3.00,3.50,2.00,,3.21,13489
inaccessible,3.82,4.05,2.30,,2.61,27018
inaccurate,3.35,3.95,2.33,,2.72,24116
inactive,4.24,3.05,3.17,,2.84,21286
inadequate,2.57,4.30,1.96,,3.27,12325
inadmissible,3.57,4.19,1.96,,2.84,21286
inalienable,6.10,4.40,,,2.61,27018
inane,4.32,3.30,,2.71,2.65,25937
inanimate,4.55,3.05,3.24,,2.88,20159
inappropriate,3.70,4.95,1.59,,3.82,5739
inaudible,3.61,3.33,2.29,,2.77,22917
inaugural,5.00,3.78,2.21,,2.61,27018
inbound,5.11,4.05,3.03,,3.09,15637
inbred,3.25,3.57,2.26,,2.85,21003
incantation,4.63,3.60,2.89,,2.75,23331
incapable,3.55,3.90,1.64,,3.53,8698
incarceration,2.05,5.26,3.28,,2.90,19680
incarnate,4.62,4.70,2.11,,2.65,25937
incense,5.79,3.95,4.04,,3.26,12560
incentive,7.05,4.61,2.26,5.49,3.30,11968
inception,5.68,5.73,1.78,,2.63,26447
incessant,3.21,4.71,2.42,,2.67,25460
incest,2.16,4.36,2.24,4.66,2.95,18731
inch,5.40,3.29,4.37,5.71,4.09,3753
incident,4.20,5.65,2.86,5.51,4.24,2949
incidental,5.19,3.27,1.74,,2.75,23331
incinerator,3.20,5.67,4.78,,2.88,20159
incision,2.95,4.90,4.07,,3.38,10715
incite,4.76,4.77,2.47,,2.63,26447
inclination,4.89,4.10,2.03,,2.93,19207
inclined,4.95,3.79,2.64,,3.52,8802
include,6.39,3.05,2.48,,4.05,4054
incoherent,3.81,2.96,2.39,,2.74,23718
income,6.26,3.82,3.07,,3.87,5326
incoming,5.62,4.15,2.50,,3.79,6002
incomparable,4.71,3.00,1.48,,2.98,17898
incompatible,3.20,3.61,1.82,,2.75,23331
incompetence,2.26,5.17,2.18,,3.18,14005
incompetent,2.77,4.50,2.03,4.41,3.58,8134
incomplete,3.55,4.12,2.21,,3.33,11377
incomprehensible,3.48,5.00,1.33,,2.93,19207
inconceivable,5.05,4.41,1.38,,2.96,18305
inconclusive,3.79,4.05,1.50,,2.93,19207
inconsequential,3.74,3.15,1.56,,2.65,25937
inconsiderate,2.58,5.05,2.14,,3.16,14304
inconsistent,3.32,3.20,2.17,,3.04,16682
inconspicuous,5.05,3.55,2.07,,2.82,21557
inconvenience,3.05,6.26,1.73,,3.65,7406
inconvenient,2.73,4.83,1.46,,3.22,13293
incorporate,5.37,2.71,2.15,,2.89,19918
incorrect,3.09,3.62,2.07,,3.35,11139
incorrigible,4.00,4.78,2.11,,2.89,19918
increase,5.90,5.06,2.61,,3.93,4838
incredible,7.59,6.35,1.93,6.18,4.58,1615
incriminate,2.84,5.95,2.07,,2.88,20159
incriminating,3.00,5.27,2.10,,3.10,15529
incubation,4.45,3.14,3.32,,2.63,26447
incubator,3.90,3.33,4.65,,3.01,17381
incumbent,4.05,3.19,3.18,,2.84,21286
incur,4.80,4.00,2.00,,2.75,23331
incurable,1.90,4.90,1.88,,3.02,17194
indebted,3.21,4.25,2.18,,3.07,16056
indecent,4.52,5.40,1.86,,3.26,12629
indecision,3.85,4.10,1.62,,2.65,25937
indecisive,3.52,4.81,2.00,,2.74,23718
indefinite,4.55,4.80,1.36,,2.61,27018
independence,7.53,5.27,1.87,6.37,3.60,7877
independent,6.86,6.75,2.04,6.54,3.97,4594
indescribable,5.05,5.70,1.50,,2.71,24525
indestructible,5.95,4.32,2.46,,3.17,14196
indicate,5.05,3.32,2.39,,3.92,4923
indication,5.00,3.83,1.97,,3.55,8467
indicative,4.71,3.71,1.75,,2.75,23331
indicator,5.47,2.86,2.73,,2.95,18731
indict,3.67,3.76,2.60,,2.95,18526
indictment,3.89,5.25,2.74,,3.40,10484
indie,5.57,4.10,2.36,,2.69,24968
indifference,4.35,3.61,1.85,,3.04,16682
indifferent,4.28,3.19,1.89,5.29,3.06,16177
indigenous,4.75,4.22,2.24,,3.06,16358
indigent,4.70,4.19,1.79,,2.69,24968
indigestion,2.48,3.30,3.57,,3.27,12325
indignant,3.32,4.50,1.71,,2.67,25460
indignation,4.33,4.05,2.37,,2.69,24968
indignity,3.37,4.65,1.56,,2.61,27018
indirect,3.58,3.77,2.57,,2.63,26447
indiscreet,3.84,4.38,1.80,,2.71,24525
indiscretion,4.11,4.22,1.61,,3.02,17010
indispensable,6.37,4.15,2.07,,2.88,20159
indisposed,4.52,4.60,1.75,,3.05,16508
indistinct,4.32,4.39,1.68,,3.69,6915
individual,6.17,3.47,3.52,,4.07,3922
individuality,6.95,5.67,2.07,,2.94,18951
indivisible,5.38,4.10,2.26,,2.63,26447
indoor,6.29,2.86,3.64,6.25,3.13,14853
induce,5.00,3.17,2.34,4.09,3.21,13394
induction,5.32,4.09,2.62,,2.87,20435
indulge,6.33,5.20,2.56,,3.46,9549
indulgence,5.74,5.29,1.81,,2.99,17712
indulgent,4.86,4.68,1.55,,2.61,27018
industrial,4.65,4.72,3.00,4.84,3.66,7262
industrialist,4.37,4.77,3.00,,2.72,24116
industry,5.07,4.25,3.29,5.81,4.07,3922
ineffective,3.11,3.75,1.57,,2.78,22564
ineffectual,3.79,3.50,2.12,,2.67,25460
inefficient,4.05,3.96,2.00,5.26,2.63,26447
inept,4.10,4.20,1.74,,2.94,18951
inertia,5.35,5.32,2.43,,2.80,22203
inevitable,4.10,4.27,1.54,,3.75,6359
inexcusable,3.68,3.59,1.57,,2.94,18951
inexpensive,7.63,4.74,2.22,,2.87,20435
inexperienced,3.50,3.67,1.90,,3.06,16177
inexplicable,4.55,5.00,1.21,,2.88,20159
infallible,5.86,3.79,1.88,,2.81,21885
infamous,4.86,4.32,1.76,,3.35,11092
infamy,4.36,5.05,1.75,,2.65,25937
infant,6.65,4.10,4.93,5.47,3.63,7629
infantile,4.30,3.60,2.52,,2.88,20159
infantry,3.70,4.05,4.00,,3.45,9660
infatuated,6.00,6.00,1.70,,2.87,20435
infatuation,5.74,5.77,2.24,4.36,2.94,18951
infect,2.84,4.00,2.88,6.13,3.09,15637
infection,2.00,4.95,4.10,5.31,3.94,4784
infectious,2.63,5.14,2.30,5.06,3.11,15245
infer,4.79,3.82,2.15,,2.77,22917
inferior,3.43,4.55,1.70,5.36,3.49,9225
inferiority,3.09,3.47,1.93,,2.90,19680
infernal,4.14,6.30,1.96,,3.08,15898
inferno,3.24,6.14,3.72,,2.97,18107
infertility,3.00,4.80,2.93,,2.61,27018
infestation,2.30,5.83,3.55,,2.85,21003
infidel,3.90,4.52,2.03,,3.04,16682
infidelity,2.10,5.70,2.07,,3.12,14978
infield,4.75,3.87,4.00,,2.69,24968
infiltrate,4.41,5.13,2.71,,3.23,13116
infiltration,3.70,4.78,2.23,,2.90,19680
infinite,6.05,4.60,1.59,4.82,3.54,8555
infinity,6.74,4.00,1.36,5.38,3.23,13008
infirmary,3.52,4.13,4.55,4.53,3.47,9440
inflammation,2.76,4.46,3.36,,2.82,21557
inflammatory,3.00,4.67,2.60,,2.81,21885
inflatable,4.79,2.80,3.07,,2.87,20435
inflate,4.30,3.30,3.34,,2.71,24525
inflated,5.13,3.55,3.93,,2.72,24116
inflation,2.91,4.50,2.54,,3.02,17010
inflict,3.35,3.71,2.75,,3.14,14727
influence,5.53,4.30,2.11,,4.17,3303
influential,5.94,4.33,1.86,,3.21,13489
influenza,2.86,4.91,3.79,,2.71,24525
info,5.95,3.72,2.39,,3.57,8265
infomercial,3.52,4.35,4.15,,2.80,22203
inform,5.18,3.33,2.25,,4.10,3697
informal,5.05,3.24,2.22,,3.23,13008
informant,4.50,4.30,3.27,,3.62,7679
information,6.33,2.30,2.87,,4.95,829
informative,5.94,3.89,1.54,,2.85,21003
informer,4.25,4.81,3.15,,3.10,15529
infraction,3.86,5.05,2.50,,2.84,21286
infrared,4.39,4.41,3.34,,3.48,9255
infrastructure,5.14,4.16,3.38,,3.08,15898
infuriating,2.63,5.90,2.55,,2.71,24525
infuser,5.05,4.20,3.38,,3.05,16508
ingenious,5.61,5.45,1.89,,3.33,11461
ingenuity,6.52,4.39,1.68,,2.97,18107
ingest,5.00,3.56,3.79,,2.67,25460
ingrate,3.50,4.47,2.38,,2.88,20159
ingredient,5.86,2.45,3.84,,3.42,10135
inhabit,5.38,3.65,3.21,,2.82,21557
inhabitant,5.11,3.57,3.32,4.00,2.25,37666
inhalation,5.25,3.33,3.67,,2.82,21557
inhale,5.36,4.43,3.84,,3.37,10772
inhaler,4.43,3.46,4.71,,3.08,15898
inherent,5.95,3.71,1.64,,2.78,22564
inherit,7.11,4.35,2.04,,3.55,8467
inheritance,6.80,5.00,3.10,,3.50,9025
inhibition,3.95,4.29,1.93,,2.65,25937
inhibitor,4.43,5.45,2.81,,3.12,14978
inhospitable,2.65,4.36,1.92,,2.63,26447
inhuman,3.18,5.24,2.14,,3.26,12629
inhumane,3.10,5.43,2.11,,2.67,25460
iniquity,4.25,3.38,,,2.72,24116
initial,5.38,4.09,3.03,,3.81,5883
initiate,6.10,3.52,2.71,,3.52,8775
initiation,5.09,4.29,2.17,,3.13,14853
initiative,6.68,4.09,2.03,,3.44,9821
inject,3.32,4.14,4.28,,3.39,10639
injection,2.89,5.67,3.86,,3.62,7720
injunction,4.18,4.26,2.41,,3.12,15104
injure,3.74,5.90,3.48,,3.01,17381
injury,2.32,5.56,4.00,5.90,4.01,4324
injustice,2.45,6.45,1.40,,3.51,8991
ink,5.65,3.73,4.56,5.40,3.88,5274
inkling,5.63,3.90,2.25,3.60,2.85,21003
inlet,5.57,2.75,4.08,,2.67,25460
inmate,2.67,4.73,4.19,,3.43,9962
inn,5.71,3.26,4.64,4.58,3.92,4905
innards,3.11,3.29,3.96,,2.61,27018
innate,5.14,2.95,1.73,4.34,2.89,19918
inner,5.11,3.50,2.86,,4.00,4392
innermost,5.25,3.57,1.93,,2.87,20435
inning,5.14,3.40,3.25,,3.40,10367
innkeeper,5.06,3.05,4.00,,2.65,25937
innocence,6.73,3.65,1.89,,3.82,5765
innocent,6.55,4.40,1.54,5.85,4.74,1226
innocuous,5.28,3.70,2.08,,2.69,24968
innovation,6.95,6.42,1.97,,2.84,21286
innovative,6.38,4.17,2.17,,3.02,17194
innuendo,4.65,4.68,1.88,,2.96,18305
inoperable,2.50,5.05,2.82,,2.82,21557
input,5.05,3.00,2.50,4.86,3.48,9366
inquest,3.77,3.71,,,2.92,19434
inquire,5.32,3.73,2.38,,3.23,13008
inquiry,5.09,3.67,2.70,,3.54,8555
inquisitive,6.00,5.33,1.83,,3.01,17381
inquisitor,4.00,5.14,3.21,,2.67,25460
insane,2.55,5.14,1.77,6.09,4.59,1586
insanity,2.70,7.79,2.34,5.68,3.89,5200
insatiable,4.26,5.48,1.81,,3.00,17531
inscription,6.14,4.85,4.15,,3.24,12929
inscrutable,4.10,4.33,1.74,,2.69,24968
insect,4.43,4.67,4.89,6.06,3.50,9066
insecticide,3.86,5.09,4.44,4.09,2.74,23718
insecure,2.30,4.57,1.84,5.88,3.61,7807
insecurity,2.24,4.81,1.52,5.79,3.04,16682
insemination,3.65,4.68,3.63,,2.81,21885
insensitive,3.55,4.32,1.66,,3.58,8210
inseparable,5.67,4.32,3.03,,3.01,17381
insert,5.10,3.68,2.57,,3.44,9781
insertion,4.47,5.05,2.56,,2.81,21885
insider,4.50,4.39,3.07,,2.86,20727
insidious,3.55,4.68,1.72,,2.95,18526
insight,6.76,3.96,1.72,,3.45,9706
insightful,5.43,4.27,1.77,,3.00,17531
insignia,5.57,2.83,4.27,,2.92,19434
insignificant,3.64,3.70,1.90,,3.42,10088
insinuate,4.09,5.22,1.77,,2.82,21557
insipid,4.16,2.90,,,2.80,22203
insist,4.42,4.55,2.14,,4.25,2892
insistence,5.00,5.63,2.25,,2.63,26447
insistent,4.75,3.91,1.72,,2.94,18951
insolence,3.50,3.83,1.80,,2.95,18526
insolent,2.74,5.43,1.73,3.76,3.08,15770
insomnia,2.67,4.91,2.68,,3.24,12846
inspect,5.26,4.05,3.31,5.79,3.41,10274
inspection,4.32,4.05,3.12,5.24,3.77,6180
inspector,4.33,3.61,4.62,4.94,4.34,2460
inspiration,6.53,4.77,2.18,6.32,3.85,5484
inspirational,6.95,4.00,1.56,,3.09,15637
inspire,7.42,5.90,1.74,5.79,3.59,8031
inspired,6.89,5.56,1.55,5.91,3.88,5212
instability,2.75,4.89,2.00,,3.02,17194
install,5.95,3.72,3.19,6.00,3.43,9916
installation,5.06,3.42,3.71,,3.16,14406
installment,4.42,4.43,2.54,,2.71,24525
instant,5.84,4.33,2.70,5.79,4.03,4149
instantaneous,5.16,4.72,2.28,,2.80,22203
instinct,5.67,4.44,2.00,5.76,3.88,5212
instinctive,5.81,4.04,1.56,,2.63,26447
institute,4.95,3.50,3.41,,3.51,8887
institution,4.00,4.09,3.33,5.00,3.89,5167
instruct,5.81,4.25,2.48,,3.23,13116
instruction,5.22,2.62,3.37,,3.31,11792
instructive,6.26,4.05,1.74,,2.65,25937
instructor,6.15,5.05,4.26,5.25,3.67,7139
instrument,6.68,3.88,4.27,6.00,3.91,5016
instrumental,6.76,3.92,2.89,,3.19,13804
insubordination,3.47,6.29,1.84,,3.10,15382
insufferable,3.85,3.65,1.54,,2.99,17712
insufficient,3.24,3.57,1.75,5.32,3.03,16856
insulation,5.37,3.71,4.33,,3.01,17381
insulin,4.52,4.92,4.37,,3.33,11528
insult,2.62,5.30,2.79,5.73,4.10,3718
insulting,1.89,4.70,2.29,5.70,3.73,6563
insurance,3.76,3.80,2.86,5.91,4.58,1598
insure,5.67,3.76,2.41,,3.03,16856
intact,6.00,3.18,2.64,,3.80,5893
intake,5.53,4.00,3.34,,3.12,15104
intangible,5.70,3.19,1.30,,2.74,23718
integral,5.19,3.65,2.03,,2.87,20435
integrate,5.78,3.37,2.08,,2.90,19680
integration,5.29,4.38,1.89,,2.82,21557
integrity,6.11,3.36,1.44,,3.86,5435
intellect,6.62,4.41,2.36,5.53,3.33,11377
intellectual,7.65,4.53,1.81,6.09,3.66,7242
intelligence,7.65,6.32,2.24,6.47,4.28,2718
intelligent,7.60,5.67,2.46,6.19,4.13,3514
intend,5.75,3.39,1.71,5.34,4.37,2376
intense,5.65,6.60,2.41,5.74,4.01,4324
intensity,5.19,7.05,2.14,,3.40,10424
intensive,4.25,4.38,2.33,,3.34,11188
intent,5.86,4.32,1.52,,3.75,6380
intention,5.58,3.91,1.70,,4.04,4102
intentional,5.37,3.89,2.10,,3.17,14097
interact,6.00,3.78,2.88,,3.16,14304
interaction,5.62,4.35,2.74,,3.08,15898
interactive,5.89,4.28,2.50,,2.75,23331
intercede,5.24,4.04,2.07,,2.71,24525
intercept,4.64,4.59,3.18,,3.63,7629
interception,5.41,4.23,2.70,,2.77,22917
interchangeable,5.37,3.77,2.03,,2.61,27018
intercom,5.26,2.86,4.67,,3.33,11528
intercourse,7.22,6.50,3.93,5.44,3.58,8162
interest,6.66,4.36,1.80,6.21,4.71,1302
interested,6.83,4.45,2.19,,4.93,861
interesting,6.78,5.10,1.60,6.06,4.94,851
interface,5.32,3.35,2.81,,3.18,13906
interfere,3.94,4.33,2.59,,3.98,4530
interference,4.71,3.84,2.93,,3.67,7197
intergalactic,6.32,5.91,2.86,,2.89,19918
interim,4.68,3.68,2.50,3.15,2.85,21003
interior,5.79,3.86,3.59,,3.72,6666
interject,4.29,3.52,2.00,,2.67,25460
interlude,5.47,3.96,2.04,,2.65,25937
intermediate,5.05,3.28,1.93,,2.67,25460
intermission,5.20,5.00,2.85,,3.14,14727
intermittent,4.65,3.60,2.61,,2.75,23331
intern,5.14,3.62,3.86,,3.66,7284
internal,5.18,3.67,2.41,,3.99,4425
international,5.65,3.95,2.82,,4.15,3381
internet,6.68,5.44,3.64,,3.82,5778
internship,5.90,6.25,3.00,,3.48,9366
interoffice,4.32,3.67,2.78,,2.67,25460
interpret,5.20,4.43,2.34,,3.39,10540
interpretation,5.60,4.21,1.40,,3.41,10274
interpreter,5.80,3.14,3.67,,3.26,12629
interpretive,5.16,2.90,1.70,,2.63,26447
interrogate,2.76,4.80,2.48,,3.29,12112
interrogation,2.21,5.41,3.33,,3.75,6337
interrupt,3.26,4.36,3.00,,4.27,2781
interruption,3.81,3.88,2.75,,3.28,12244
intersection,4.58,4.45,4.14,,3.36,10983
interstate,5.00,4.38,3.93,,3.34,11315
interstellar,5.95,4.95,2.63,,2.82,21557
interval,5.05,3.43,2.57,,2.95,18526
intervene,5.21,4.48,2.57,,3.16,14406
intervention,4.14,4.74,2.85,,3.56,8348
interview,4.68,6.35,3.36,6.23,4.47,1954
interviewer,5.00,4.52,4.47,,2.65,25937
intestinal,3.30,3.82,3.82,,2.81,21885
intestine,3.37,4.50,4.55,,3.02,17194
intimacy,7.00,6.00,1.96,,3.52,8847
intimate,7.22,6.02,2.07,6.16,3.84,5555
intimidate,2.84,5.27,1.75,,3.24,12929
intimidating,3.00,4.33,2.21,,3.14,14627
intimidation,3.79,4.67,2.11,,2.75,23331
intolerable,3.14,5.41,1.93,,3.14,14727
intolerance,2.95,5.35,2.00,,2.84,21286
intolerant,3.43,4.05,2.14,,2.95,18731
intoxicating,5.58,5.81,2.50,,2.99,17712
intracranial,4.62,4.45,2.85,,2.67,25460
intravenous,4.29,4.09,3.19,,2.81,21885
intrepid,5.37,3.95,1.93,,2.80,22203
intricate,5.11,4.48,2.36,,3.02,17010
intrigue,6.05,5.18,2.00,,3.18,13906
intriguing,6.53,5.44,1.59,,3.41,10274
intro,5.15,4.48,2.97,,3.30,11850
introduce,5.91,4.55,2.62,5.73,4.54,1728
introduction,5.81,3.90,3.00,6.23,3.63,7574
intrude,3.10,5.20,2.81,,3.41,10321
intruder,2.46,5.66,4.14,4.94,3.56,8348
intrusion,3.37,4.90,2.25,,3.40,10424
intrusive,3.05,5.77,1.42,,2.80,22203
intubation,4.10,4.04,,,2.99,17712
intuition,6.42,4.81,1.67,,3.54,8638
intuitive,6.00,4.28,1.23,,3.03,16856
invade,3.32,6.00,3.28,,3.49,9225
invader,2.23,5.67,4.11,4.97,2.75,23331
invalid,3.52,3.70,2.48,,3.24,12846
invaluable,5.60,5.21,2.18,,3.12,15104
invasion,2.45,6.59,3.65,,3.93,4857
invasive,3.10,6.28,2.10,,3.07,16056
invent,6.64,6.16,2.66,,3.66,7223
invention,6.40,4.24,3.48,,3.78,6057
inventive,6.29,4.22,1.96,,2.96,18305
inventor,6.21,4.62,3.82,4.71,3.36,10934
inventory,4.95,3.58,3.74,,3.67,7167
inverted,4.91,3.85,3.25,,2.90,19680
invest,6.16,3.95,2.47,5.46,3.68,7120
investigate,5.68,4.09,2.27,,3.98,4554
investigation,4.36,5.70,2.52,5.58,4.47,1968
investigative,5.50,5.80,2.03,,3.21,13394
investigator,4.95,4.35,4.37,,3.79,6045
investment,5.14,4.73,3.59,4.71,3.99,4460
investor,5.42,3.39,4.30,,3.11,15245
invincible,6.32,5.30,1.86,,3.48,9293
invisibility,5.32,4.32,2.27,,2.84,21286
invisible,5.00,3.95,2.83,,4.09,3756
invitation,7.05,4.94,3.65,,4.17,3291
invite,5.68,5.10,3.00,,4.47,1951
invoice,4.60,3.68,4.37,4.70,3.02,17010
invoke,5.05,4.85,1.64,,3.01,17381
involuntary,4.05,3.75,1.70,,3.02,17194
involve,5.44,3.60,2.43,,3.81,5834
involvement,5.81,2.95,1.46,,3.69,6979
invulnerable,6.05,3.85,2.18,,2.86,20727
iodine,4.90,4.21,4.41,,3.10,15382
ion,5.10,4.19,3.00,,2.61,27018
iota,5.16,2.76,,,2.67,25460
irate,2.90,4.71,2.36,,2.80,22203
iris,6.85,4.20,4.54,,3.72,6625
iron,5.03,3.24,4.59,5.91,4.25,2879
ironclad,5.14,3.77,2.59,,2.72,24116
ironic,5.42,4.39,1.57,,3.79,6035
irony,5.19,4.09,1.59,5.39,3.66,7262
irrational,3.50,5.12,1.79,,3.47,9479
irregular,4.05,4.86,2.43,,3.41,10321
irregularity,4.26,3.94,1.86,,2.61,27018
irrelevant,3.35,3.71,1.50,,3.71,6751
irreparable,4.05,5.05,2.22,,2.84,21286
irreplaceable,5.59,4.62,1.67,,2.94,18951
irresistible,6.58,5.71,2.00,5.79,3.51,8927
irresponsible,2.50,5.00,2.04,,3.67,7197
irreversible,3.61,4.09,2.14,,2.92,19434
irrigate,5.23,3.77,3.53,,2.80,22203
irrigation,3.82,4.65,4.00,,2.94,18951
irritable,2.85,6.37,2.15,,3.17,14196
irritate,3.19,5.85,2.43,5.51,2.98,17898
irritating,2.63,4.91,2.10,5.72,3.34,11241
irritation,3.38,5.50,2.57,5.27,2.81,21885
island,7.18,4.25,4.96,5.62,4.60,1564
isle,6.05,3.24,3.89,5.17,3.09,15637
isolate,4.35,4.60,2.67,,3.46,9549
isolation,3.77,3.00,2.54,,3.49,9160
isotope,5.35,2.73,3.50,,2.71,24525
issue,3.95,4.55,2.37,5.61,4.53,1745
itch,3.11,5.00,3.15,,3.62,7679
itchy,2.53,4.90,3.21,5.71,3.36,10983
item,5.29,2.90,4.41,6.06,4.09,3768
itinerary,6.10,3.27,3.93,,3.23,13116
ivory,5.20,2.33,4.76,3.89,3.15,14512
jab,3.81,4.85,4.11,,3.53,8747
jabber,4.38,3.78,2.67,,2.71,24525
jack daniels,5.38,4.78,,,,
jackal,4.65,4.58,4.39,3.56,3.21,13489
jackass,4.05,6.57,3.66,,3.83,5645
jacket,5.86,3.35,4.86,6.41,4.52,1777
jackhammer,3.90,4.70,4.89,,2.74,23718
jackpot,7.10,5.62,3.41,,3.57,8265
jackrabbit,5.95,3.61,4.66,,2.82,21557
jade,6.25,3.43,4.38,,3.71,6805
jaded,3.62,3.79,2.07,,2.90,19680
jagged,3.95,6.05,3.74,,2.77,22917
jaguar,5.63,5.55,4.90,5.00,3.38,10715
jail,1.91,4.47,4.83,5.77,4.85,1009
jailbird,2.38,4.48,4.04,,2.84,21286
jailbreak,3.50,5.60,3.28,,2.72,24116
jailer,2.61,4.95,4.48,3.89,3.18,13906
jailhouse,2.57,4.50,4.37,,3.14,14727
jalopy,5.15,3.94,,,2.86,20727
jam,5.81,3.95,4.71,6.09,4.13,3510
jamboree,6.14,5.28,3.41,,2.74,23718
jammer,5.19,4.22,3.64,,2.71,24525
janitor,4.86,2.30,4.68,,3.76,6292
janitorial,4.87,3.86,2.63,,2.65,25937
jar,5.71,2.77,5.00,,3.92,4932
jargon,4.85,3.95,2.07,4.50,2.80,22203
jarhead,4.16,4.41,3.69,,2.67,25460
jasmine,6.74,3.70,4.55,,3.74,6511
java,5.90,5.05,3.82,,3.19,13804
javelin,5.24,3.89,4.90,,2.69,24968
jaw,4.41,4.09,4.87,,3.85,5468
jawbone,4.63,4.19,4.96,,2.63,26447
jaws,4.42,5.91,4.46,,3.42,10135
jazz,6.57,6.05,3.90,5.50,4.08,3867
jazzy,6.81,4.74,2.77,,2.71,24525
jealous,2.38,5.90,2.17,6.00,4.58,1601
jealousy,2.58,5.45,1.80,5.71,3.76,6273
jean,6.05,2.41,4.69,,4.25,2904
jeans,5.47,3.95,5.00,6.57,3.82,5751
jeep,5.53,4.05,4.80,4.88,4.01,4297
jeering,2.52,5.57,3.27,,2.61,27018
jelly,5.90,3.63,4.93,5.31,3.85,5476
jellybean,6.40,4.77,4.90,,2.67,25460
jellyfish,4.90,3.73,4.93,5.62,3.17,14196
jeopardize,3.10,6.15,1.74,,3.46,9549
jeopardy,3.84,4.23,1.93,4.23,3.54,8638
jerk,2.43,6.45,3.26,,4.52,1795
jerky,4.74,4.00,3.74,,3.36,10983
jest,6.20,4.21,2.15,,3.13,14853
jester,4.53,4.75,4.64,,3.36,10934
jet,6.74,5.26,4.77,5.47,4.15,3401
jewel,6.68,3.83,4.96,5.12,3.86,5418
jeweler,5.95,3.73,4.61,,3.02,17010
jewelry,7.00,3.38,4.82,,4.04,4080
jib,5.53,4.57,,,2.86,20727
jiff,5.21,4.17,,,2.72,24116
jiffy,6.09,4.89,2.33,,3.20,13601
jig,4.95,4.95,3.85,,3.24,12929
jiggle,6.15,5.22,3.52,,3.09,15637
jigsaw,5.05,4.00,4.78,5.71,3.27,12325
jihad,2.32,5.35,2.73,,2.89,19918
jingle,5.16,4.33,3.70,,3.71,6817
jinx,3.59,4.95,2.03,,3.60,7877
jittery,3.35,4.89,3.17,,2.63,26447
jive,6.32,5.68,2.54,,3.23,13008
job,5.64,4.00,3.19,6.40,5.62,275
jockey,4.95,4.84,4.59,4.34,3.69,7017
jockstrap,3.50,4.33,4.97,,2.65,25937
jog,5.81,3.43,3.63,5.85,3.39,10639
jogger,5.11,3.50,4.68,,2.69,24968
join,5.83,3.90,2.86,,4.92,886
joint,5.32,4.50,4.37,5.18,4.44,2061
joke,7.88,5.73,2.90,6.35,4.86,978
joker,5.67,4.21,3.93,,3.66,7262
jolly,7.47,5.95,2.34,4.82,3.88,5274
jolt,4.43,6.63,3.41,,3.14,14627
jot,4.79,4.00,3.30,,2.87,20435
jour,5.74,2.95,,,2.84,21286
journal,5.91,3.23,4.63,5.34,3.95,4741
journalism,4.95,4.22,2.37,,3.58,8105
journalist,5.30,3.86,4.04,,3.79,6045
journalistic,5.55,3.20,2.25,,2.85,21003
journey,6.65,4.89,2.57,,4.30,2651
joust,4.90,5.61,4.03,,3.06,16177
joy,8.21,5.55,2.37,6.09,4.46,2003
joyful,8.21,5.53,2.12,5.59,3.18,14005
joyous,7.45,6.62,2.19,,3.14,14727
joyride,6.10,3.71,3.27,,2.95,18526
jubilee,7.05,5.20,2.29,,2.92,19434
judge,3.89,4.50,3.75,5.22,4.90,915
judgment,4.65,4.27,1.68,,4.22,3061
judgmental,3.00,5.05,1.79,,3.18,13906
judicial,4.00,4.59,2.12,,3.14,14727
judo,5.79,4.50,4.32,,2.99,17712
jug,5.45,3.73,4.96,5.81,3.42,10088
juggle,5.84,5.14,4.04,4.97,3.17,14196
juggler,6.30,4.05,4.50,4.31,2.69,24968
jugular,5.20,4.56,4.19,,3.15,14512
juice,6.90,4.60,4.89,,4.43,2103
juicer,5.84,4.44,4.48,,2.61,27018
juicy,7.05,4.70,3.96,,3.63,7548
juju,4.73,4.12,,,2.78,22564
juke,5.00,3.30,,,2.69,24968
jukebox,6.76,4.90,4.93,,3.36,10983
jumbo,4.90,4.24,3.24,,3.45,9660
jump,6.44,5.14,4.52,,4.84,1021
jump rope,5.74,4.70,5.00,,,
jumper,4.55,3.76,4.03,6.32,3.36,10934
jumpsuit,5.10,3.62,4.82,,2.86,20727
jumpy,4.80,5.45,2.63,,3.49,9160
junction,5.21,3.86,3.96,,3.47,9440
juncture,5.25,4.08,3.00,,2.90,19680
jungle,5.70,4.06,4.66,5.32,4.35,2425
junior,5.36,4.15,3.50,,4.55,1685
juniper,6.33,3.27,4.41,,2.69,24968
junk,3.57,3.95,3.88,5.42,4.19,3230
junket,4.22,3.50,,,2.94,18951
junkie,2.50,4.62,3.85,,3.72,6699
junky,3.05,4.30,3.07,,2.67,25460
junkyard,4.05,3.95,4.47,,3.43,9962
jurisdiction,4.68,3.95,2.07,,3.73,6614
juror,4.65,4.50,4.29,,3.41,10231
jury,4.23,5.20,4.64,4.91,4.63,1483
justice,6.80,5.40,1.45,5.70,4.57,1626
justifiable,6.10,3.58,1.86,,2.74,23718
justification,5.68,4.09,1.52,,2.97,18107
justify,6.17,3.20,1.45,5.64,3.70,6851
juvenile,3.74,3.85,3.31,,3.71,6772
kale,5.79,3.29,4.81,,2.75,23331
kamikaze,3.58,4.68,3.38,,3.13,14853
kangaroo,6.45,4.27,4.86,4.58,3.37,10883
kappa,5.65,2.79,,,3.02,17010
kaput,3.95,4.45,2.15,,3.01,17381
karaoke,6.29,5.00,4.27,,3.52,8775
karate,6.26,4.60,4.14,,3.88,5240
karma,6.28,4.18,1.93,,3.54,8614
karmic,5.63,4.22,,,2.71,24525
kayak,5.68,3.77,4.70,,2.72,24116
kazoo,5.76,5.05,4.85,,2.80,22203
kebab,5.95,3.65,4.85,,2.80,22203
keel,4.64,4.15,3.48,,3.08,15770
keen,6.72,3.21,1.61,5.33,3.65,7361
keep,6.32,3.43,2.37,,5.85,176
keeper,5.89,3.81,3.00,,3.61,7787
keepsake,6.73,4.43,3.89,,2.86,20727
keg,5.65,4.52,4.75,3.79,3.54,8638
kelp,5.00,3.46,4.90,,3.10,15529
kennel,4.64,3.67,4.73,,3.06,16358
kerchief,5.31,2.95,4.85,,2.59,27607
kernel,5.23,3.87,4.21,,2.85,21003
kerosene,3.86,4.00,4.96,,3.12,15104
ketchup,6.03,3.85,5.00,6.38,3.78,6057
kettle,5.67,3.10,4.75,,3.45,9706
key,6.22,3.90,4.89,6.40,4.94,848
keyboard,5.17,3.59,4.93,6.49,3.26,12560
keyhole,5.39,3.96,4.63,,3.02,17010
keynote,5.67,3.10,2.97,,2.82,21557
keypad,5.65,3.00,4.81,,2.74,23718
keyword,5.60,3.67,2.89,,2.74,23718
khaki,5.05,2.64,4.19,,2.93,19207
kibble,5.50,3.70,4.29,,2.92,19434
kick,4.55,5.10,4.33,6.29,4.87,975
kickboxing,5.33,4.45,4.59,,2.65,25937
kicker,5.11,4.85,3.88,,3.03,16856
kickoff,4.95,5.00,4.41,,3.02,17010
kid,7.23,4.71,4.56,,5.53,318
kidder,6.38,3.25,3.12,,2.95,18731
kiddo,5.65,4.68,3.16,,3.93,4869
kidnap,2.19,5.59,3.83,5.36,3.81,5816
kidnapper,1.77,6.52,4.29,,3.61,7830
kidnapping,2.05,5.36,3.47,,4.08,3822
kidney,4.90,3.95,4.96,5.39,3.99,4484
kids,6.48,5.69,4.61,6.30,5.48,346
kill,1.81,6.81,3.90,5.34,5.66,255
killer,1.74,7.05,3.31,5.53,4.80,1109
killing,1.95,5.52,3.43,,4.89,936
killjoy,3.84,4.14,2.42,,2.69,24968
kilo,4.29,3.26,3.17,,3.20,13601
kilometer,5.52,4.10,4.07,,2.61,27018
kilt,5.12,4.74,4.71,5.11,2.80,22203
kimono,5.90,3.77,4.43,,3.04,16682
kin,5.85,3.00,4.10,4.28,3.63,7574
kind,7.78,3.19,2.07,6.45,5.77,198
kindergarten,6.62,3.09,3.90,,3.58,8105
kindling,5.45,4.05,3.76,,2.77,22917
kindness,7.65,3.96,1.74,,3.96,4692
kindred,6.47,3.23,1.86,,2.95,18526
kinesiology,4.90,3.89,,,1.89,48961
kinetic,5.11,4.95,2.24,,2.81,21885
king,6.00,4.45,4.10,6.21,5.11,637
king snake,3.26,6.64,,,,
kingdom,6.74,4.20,3.76,4.93,4.19,3220
kingpin,4.37,5.14,3.48,,3.01,17381
kink,5.29,4.80,3.57,,2.84,21286
kinky,5.71,5.52,2.31,5.36,3.48,9366
kinship,7.53,4.65,2.21,,2.65,25937
kiosk,5.00,3.35,4.58,,2.67,25460
kiss,7.78,6.05,4.48,6.38,5.08,663
kisser,7.33,5.85,3.70,,3.53,8672
kissy,7.06,5.32,3.46,,2.61,27018
kit,6.10,3.68,4.47,,4.25,2910
kitchen,6.17,3.52,4.97,,4.77,1177
kite,6.90,4.20,5.00,5.47,3.36,10934
kitten,7.58,3.19,4.86,6.03,3.68,7120
kiwi,6.11,3.65,4.86,4.67,2.90,19680
klutz,3.81,4.08,2.44,,2.97,18107
knack,5.68,3.77,2.05,,3.40,10424
knapsack,5.30,3.86,4.90,,2.82,21557
knee,4.70,4.25,5.00,,4.17,3321
kneecap,4.55,3.74,4.70,,2.77,22917
kneel,4.00,3.18,4.31,5.71,3.73,6595
knick,5.00,3.45,,,2.61,27018
knickers,5.74,3.70,4.54,,3.11,15245
knife,4.33,4.86,4.90,6.47,4.67,1384
knighthood,6.20,4.86,2.78,,2.72,24116
knit,5.85,3.35,4.41,4.72,3.28,12186
knob,5.21,3.05,4.75,,3.39,10540
knock,5.44,3.95,4.24,6.36,4.81,1084
knockoff,3.55,4.22,2.85,,2.67,25460
knockout,4.95,5.91,3.56,,3.52,8775
knoll,5.09,3.68,4.27,,2.74,23718
knot,4.57,3.84,4.87,5.32,3.57,8301
know,6.82,3.24,1.68,6.62,6.76,30
knowledge,7.28,4.86,1.73,6.23,4.41,2205
knowledgeable,7.95,4.65,1.92,,2.90,19680
knuckle,4.68,4.32,4.93,5.44,3.12,15104
knucklehead,3.79,4.82,2.19,,3.04,16682
koala,6.65,3.73,4.77,4.69,2.80,22203
kook,4.50,3.38,,,2.89,19918
kooky,6.42,5.67,1.96,,2.85,21003
kool-aid,6.60,4.09,,,,
kosher,4.68,3.06,3.07,,3.43,9962
kraut,4.72,3.55,,,3.19,13696
kryptonite,5.21,5.86,2.96,,2.92,19434
kudos,6.95,4.27,2.00,,2.95,18731
kumquat,6.10,2.75,4.88,,2.69,24968
lab,4.57,4.35,4.69,,4.60,1561
label,4.79,3.38,4.46,5.77,3.84,5602
labor,4.74,5.23,3.08,,4.09,3805
laboratory,5.14,4.38,4.46,,3.81,5816
laborer,4.71,4.08,4.28,,2.67,25460
labyrinth,4.84,4.24,4.22,,2.92,19434
lace,6.58,3.75,4.85,5.59,3.57,8265
laceration,3.43,6.67,4.20,,3.08,15898
lack,3.68,2.24,2.04,,4.25,2902
lackey,4.32,4.00,3.26,,2.82,21557
lacquer,4.95,3.30,4.28,,2.65,25937
lacrosse,5.29,3.70,4.28,,3.02,17010
lactose,4.44,3.44,4.18,,2.78,22564
lad,6.19,3.60,4.28,5.76,4.16,3360
ladder,5.32,4.09,5.00,5.94,3.97,4619
laddie,5.50,4.32,,,3.29,12112
ladle,5.11,2.82,4.90,,2.88,20159
lady,6.91,4.05,4.33,6.27,5.34,455
lady bug,7.00,3.38,,,,
ladybug,6.90,3.45,4.92,,2.61,27018
ladylike,5.68,3.77,2.18,,2.94,18951
ladyship,6.24,3.45,,,3.02,17010
lag,3.90,4.00,3.04,,3.17,14097
lager,5.40,3.11,4.64,5.73,2.71,24525
lagoon,6.23,3.56,4.50,4.27,3.21,13489
lair,5.00,5.35,3.76,,3.39,10639
lake,7.13,2.64,4.88,5.71,4.56,1674
lamb,6.30,3.32,4.97,5.59,4.03,4191
lame,3.20,2.74,2.52,,4.04,4117
lament,4.16,3.33,1.75,,2.99,17712
lamp,5.74,2.71,4.97,6.44,4.11,3634
lamppost,5.29,2.76,4.66,,2.75,23331
lance,4.70,3.60,4.07,2.97,4.04,4129
lancer,4.58,3.25,4.00,,2.65,25937
land,6.61,3.05,4.57,6.04,4.94,841
landfall,4.95,3.45,3.46,,2.71,24525
landfill,3.14,3.65,4.69,,3.12,15104
landing,5.09,3.62,3.87,5.70,4.21,3121
landlady,4.10,4.90,4.22,,3.32,11598
landlord,3.50,3.95,4.66,,3.73,6595
landmark,6.00,4.15,4.10,,3.10,15382
landscape,7.00,3.75,4.34,5.66,3.40,10424
landscaping,6.58,4.00,4.21,,3.10,15382
landslide,4.76,5.89,4.36,,2.93,19207
lane,5.29,3.95,4.66,5.65,4.52,1777
language,6.38,3.70,2.35,6.36,4.54,1713
lanky,5.71,4.32,3.12,,2.65,25937
lantern,5.37,3.21,5.00,5.09,3.31,11792
lap,5.89,3.45,4.11,,4.13,3519
lapdog,6.45,3.20,4.31,,2.63,26447
lapel,5.74,3.17,4.56,3.12,2.71,24525
lapse,4.35,3.11,2.85,,3.14,14627
laptop,6.95,4.62,4.96,,3.54,8593
larceny,3.10,5.44,2.60,,3.35,11139
lard,3.55,2.95,4.88,,3.23,13008
large,5.77,5.35,3.37,6.57,4.62,1522
lark,5.19,3.52,4.28,3.25,3.22,13293
laryngitis,3.14,3.56,4.37,,2.67,25460
larynx,4.45,4.00,4.50,,3.06,16177
lasagna,7.10,5.04,4.89,,3.56,8421
laser,5.64,5.09,4.50,,3.93,4863
lash,4.63,4.65,3.79,,3.23,13116
lass,5.42,4.24,,,3.43,10007
lasso,5.33,4.67,4.74,,2.95,18526
lasting,6.67,3.33,2.30,,3.37,10772
latch,5.00,3.09,4.79,,3.29,12112
late,3.32,5.57,2.60,,5.43,376
latent,4.48,3.04,1.81,3.45,2.89,19918
lateral,5.43,4.11,3.50,,3.19,13804
latex,3.95,3.72,4.77,,3.17,14196
lather,5.57,4.39,3.77,,2.75,23331
latitude,4.82,3.74,2.54,,3.21,13489
latrine,4.00,3.82,4.62,,3.47,9479
latte,6.45,4.79,4.64,,3.39,10639
laugh,7.56,6.62,4.21,6.65,4.80,1109
laughable,6.21,5.60,2.07,,2.72,24116
laughingstock,3.77,5.16,2.78,,3.02,17194
laughter,8.05,5.39,4.22,6.29,4.14,3467
launch,6.40,5.26,3.70,4.90,4.30,2649
launcher,5.38,4.39,3.87,,2.93,19207
launder,5.15,3.57,3.18,,2.84,21286
laundering,5.30,3.71,2.82,,3.14,14627
laundry,5.15,4.50,4.93,,4.28,2745
lava,4.33,5.26,4.82,,3.54,8614
lavatory,5.18,4.21,4.81,,2.99,17712
lavender,6.90,3.81,4.52,,3.31,11732
lavish,6.79,4.88,2.31,4.13,2.89,19918
law,4.55,3.55,2.57,5.93,5.07,683
lawful,6.26,3.70,2.46,,3.34,11241
lawless,3.10,4.17,3.03,,2.65,25937
lawlessness,2.61,4.73,2.58,,2.72,24116
lawman,4.79,4.14,4.44,,3.06,16177
lawn,6.05,2.62,4.93,4.48,4.09,3756
lawnmower,5.48,2.92,4.97,,2.69,24968
lawsuit,2.84,5.39,2.94,4.47,3.79,6045
lawyer,3.94,3.95,4.70,5.79,4.90,917
lax,4.43,3.12,2.36,,3.24,12929
laxative,3.10,4.14,4.07,,2.94,18951
lay,6.18,3.70,3.86,,4.76,1178
layaway,5.29,3.90,2.83,,3.17,14196
layer,5.20,3.45,3.52,,3.57,8265
layman,5.10,3.48,2.96,,2.98,17898
layout,4.95,3.52,3.38,,3.54,8555
layover,3.37,4.10,2.93,,2.71,24525
laziness,3.90,2.76,2.21,,2.69,24968
lazy,3.05,3.05,2.67,6.26,4.06,3953
lead,5.56,3.95,4.10,5.21,4.92,887
leaded,4.52,3.52,2.64,,2.67,25460
leader,6.24,4.96,3.89,6.11,4.49,1890
leadership,6.00,4.76,2.43,,3.69,6979
leaf,6.16,3.05,5.00,6.21,3.72,6699
leafy,5.95,3.57,3.89,,2.69,24968
league,5.35,4.25,3.46,4.81,4.27,2796
leak,4.00,5.43,4.28,,4.01,4345
leakage,3.52,5.23,3.44,,2.75,23331
leaky,3.95,4.33,3.57,,3.05,16508
lean,6.35,3.32,3.00,5.38,4.02,4269
leap,4.80,4.00,3.86,,3.82,5713
learn,6.85,4.80,2.20,6.00,5.07,673
learner,6.40,4.23,3.28,,3.08,15770
lease,4.75,3.23,3.52,,3.80,5939
leash,5.25,3.00,4.89,,3.63,7548
leather,5.84,3.57,4.82,5.81,4.13,3504
leave,4.68,4.48,2.53,,5.75,204
lecherous,3.33,3.79,,,2.63,26447
lecture,4.00,3.16,3.79,6.58,4.02,4234
lecturer,4.42,3.48,4.34,6.21,2.92,19434
ledge,5.24,4.95,4.72,5.45,3.55,8526
ledger,5.33,3.24,4.36,,3.09,15637
leech,2.43,4.09,4.33,,3.25,12772
leeway,5.26,3.88,1.96,,2.75,23331
leftover,4.59,4.27,4.15,,3.08,15770
leftovers,5.29,3.40,4.48,,3.40,10424
lefty,5.70,3.33,3.32,,3.49,9160
leg,6.22,2.75,4.83,6.59,4.75,1198
legacy,7.38,4.75,1.40,,3.70,6851
legal,5.24,3.35,1.79,6.03,4.55,1688
legend,6.86,5.13,2.96,5.53,4.23,2965
legendary,6.86,6.61,2.04,,3.61,7859
legion,5.32,4.18,2.69,3.22,3.40,10484
legislation,3.55,4.09,3.14,5.03,3.02,17194
legislature,3.55,3.22,2.54,,2.90,19680
legit,6.85,4.80,2.29,,3.43,10007
legitimacy,5.55,4.09,2.07,,2.72,24116
legitimate,5.70,3.94,1.63,,3.88,5263
lego,6.14,5.05,4.73,,,
legwork,4.86,3.50,3.19,,2.84,21286
leisure,7.40,4.48,2.03,5.50,3.41,10321
leisurely,6.92,3.60,1.90,,2.77,22917
lemon,6.37,4.52,5.00,6.33,4.08,3840
lemonade,7.05,4.63,4.83,5.41,3.74,6462
lend,4.95,3.22,3.07,5.64,4.07,3933
length,5.21,3.41,4.07,6.27,3.85,5526
lengthy,4.40,3.39,3.24,,2.87,20435
leniency,5.80,3.78,1.71,,2.65,25937
lenient,5.52,3.61,1.96,,2.96,18305
lens,5.42,2.95,4.64,,3.67,7167
leopard,6.43,6.26,5.00,5.28,3.73,6534
leotard,5.10,3.95,4.74,,2.61,27018
leper,3.30,4.24,3.74,,3.10,15529
leprechaun,6.00,5.11,3.97,,3.19,13696
leprosy,2.25,4.38,4.10,3.00,2.87,20435
lesbian,5.76,6.04,4.21,6.18,3.98,4537
lesion,2.95,5.62,4.38,,2.78,22564
lessen,4.50,4.08,2.23,,2.78,22564
lesson,5.57,3.80,2.79,6.26,4.51,1840
let,5.95,2.71,2.26,,6.38,68
lethal,2.48,5.64,3.04,,3.75,6337
letter,5.68,3.19,4.70,5.97,4.92,892
letterhead,4.68,3.27,4.31,,2.63,26447
lettering,5.14,3.12,4.41,,2.67,25460
lettuce,5.84,3.64,4.97,6.38,3.53,8698
leukemia,1.47,5.75,3.57,,3.28,12186
levee,5.09,4.26,,,2.72,24116
level,5.72,2.15,2.86,,4.71,1286
lever,4.50,2.56,4.77,,3.51,8991
leverage,4.90,4.08,2.60,,3.44,9870
levitate,5.40,6.10,3.37,,2.63,26447
lewd,3.58,4.41,2.24,,3.11,15245
liability,3.45,4.58,1.96,,3.49,9160
liable,4.00,4.32,2.04,,3.86,5418
liaison,5.05,3.35,2.89,,3.44,9870
liar,2.41,6.60,3.43,6.17,4.55,1708
libel,3.68,5.00,2.21,,3.05,16508
liberate,5.79,5.32,2.29,,3.07,16056
liberating,7.75,5.30,1.81,,2.99,17712
liberation,6.74,5.29,2.21,,3.37,10883
liberty,7.20,4.50,1.85,5.16,4.22,3028
libido,6.86,5.68,2.63,,3.06,16358
librarian,6.38,1.75,4.40,5.58,3.46,9549
library,6.33,2.52,4.80,6.62,4.36,2393
lice,2.24,5.20,4.73,4.04,3.33,11377
license,5.91,4.70,4.00,,4.51,1848
lick,6.38,6.20,4.52,,4.04,4102
licorice,4.58,4.14,4.97,,2.95,18731
lid,5.14,2.91,4.96,6.12,3.69,6935
lie,2.39,4.81,3.11,6.38,5.08,668
liege,4.60,3.32,,,3.06,16358
lieutenant,4.91,4.10,4.41,,5.02,733
life,6.68,5.59,2.69,6.74,5.90,158
lifeboat,5.84,3.96,4.48,,3.15,14512
lifeguard,6.35,4.64,4.47,,3.23,13116
lifeless,2.24,3.55,3.03,,3.10,15382
lifelike,6.16,4.32,2.74,,2.80,22203
lifeline,5.77,4.46,3.28,,2.95,18731
lifelong,6.76,4.32,1.92,,3.18,13906
lifer,3.74,4.55,3.28,,2.77,22917
lifesaver,7.24,4.92,4.28,,3.09,15637
lifestyle,5.95,5.52,2.14,,3.69,6915
lifetime,7.30,4.52,2.15,,4.26,2853
lift,5.32,4.90,3.89,5.81,4.53,1745
liftoff,4.70,6.17,3.70,,2.82,21557
ligament,4.19,3.16,4.33,,2.71,24525
ligature,4.05,4.12,3.81,,2.87,20435
light,6.55,3.52,4.21,6.52,5.22,549
light year,6.24,4.79,2.41,,,
lightbulb,5.55,3.07,5.00,6.56,,
lighten,6.21,3.14,2.93,,3.77,6158
lightheaded,4.89,3.96,2.57,,2.75,23331
lighthouse,6.24,3.67,4.96,4.91,3.49,9198
lighting,6.52,4.92,4.38,5.97,3.80,5907
lightness,6.37,4.50,2.60,,2.61,27018
lightning,5.34,6.75,4.59,5.94,4.15,3401
lightweight,5.90,3.05,2.93,,3.07,16056
likable,6.83,4.23,1.93,,2.94,18951
like,7.44,4.40,1.89,6.73,6.60,46
likelihood,5.74,2.90,1.73,,3.06,16177
likely,6.90,4.42,1.76,,4.41,2186
likeness,6.60,4.27,2.22,,3.29,12112
lilac,6.95,3.64,4.69,4.46,2.89,19918
lily,7.05,2.64,4.69,,4.43,2104
limb,4.42,2.70,4.64,5.06,3.67,7167
limber,6.45,3.41,3.21,3.44,2.93,19207
limbo,4.53,4.10,2.65,,3.38,10715
lime,6.10,3.83,4.96,5.70,3.52,8824
limelight,6.05,5.47,2.54,,2.88,20159
limestone,5.05,2.83,4.59,,2.74,23718
limey,4.86,3.55,,,2.88,20159
limit,4.53,4.29,2.28,5.74,4.11,3608
limitless,7.11,5.83,1.71,,2.86,20727
limo,6.14,4.15,4.70,,3.93,4869
limousine,6.14,5.65,4.63,4.47,3.45,9660
limp,2.81,3.00,4.15,5.16,3.57,8328
line,4.82,3.24,4.50,5.74,5.31,474
lineage,5.32,3.37,3.15,,2.94,18951
linear,5.05,3.20,3.45,4.67,2.75,23331
linebacker,5.42,4.41,4.69,,2.78,22564
linen,6.00,2.95,4.80,,3.47,9479
liner,4.79,3.71,4.20,,3.09,15637
lineup,4.45,4.47,3.79,,3.45,9660
linger,4.42,4.05,2.41,,3.17,14196
lingerie,6.89,5.18,4.87,,3.45,9660
lingering,4.95,4.48,1.85,,2.95,18526
lingo,5.33,3.30,2.27,,3.07,16056
linguini,5.45,4.09,4.56,,2.65,25937
linguist,5.00,3.71,3.72,,2.74,23718
linguistics,6.37,2.76,2.63,,2.71,24525
link,5.90,3.15,3.43,5.30,4.08,3862
linoleum,4.47,2.77,4.85,,2.74,23718
lint,4.30,2.44,4.96,,3.13,14853
lion,5.84,5.29,4.96,5.84,4.19,3234
lip,6.38,4.60,4.96,6.38,4.03,4161
liposuction,4.68,4.05,4.10,,2.90,19680
lipstick,6.35,4.00,4.90,5.71,3.95,4764
liqueur,4.74,5.05,4.64,,2.75,23331
liquid,5.35,3.67,4.72,6.12,3.89,5174
liquidate,3.95,4.36,2.79,,2.89,19918
liquor,4.85,5.85,4.73,5.62,4.24,2950
lira,5.60,3.10,,,2.81,21885
lisp,3.90,3.78,3.86,,2.63,26447
list,5.89,2.55,4.43,6.28,4.91,908
listen,6.91,3.76,3.47,,5.74,212
listener,6.10,3.83,3.46,,3.16,14406
listing,5.67,2.90,3.15,,3.28,12244
listless,3.84,3.33,2.07,3.39,2.29,36270
liter,4.37,3.65,4.24,,3.25,12772
literacy,7.55,3.95,2.04,,2.71,24525
literal,5.84,4.35,1.53,,3.14,14727
literary,5.95,3.90,2.32,,3.41,10274
literature,6.43,3.70,4.10,5.82,3.81,5869
lithium,4.75,3.50,4.13,,3.08,15898
litigation,3.80,4.33,2.96,,3.17,14196
litigator,3.52,4.43,3.55,,2.77,22917
litter,2.58,3.80,4.47,6.06,3.60,7979
little,5.91,4.20,3.67,6.41,6.16,106
live,7.95,4.71,3.57,6.09,5.54,307
livelihood,6.21,4.60,2.38,,3.18,14005
lively,7.12,6.10,2.36,5.66,3.61,7807
liven,6.10,5.84,1.88,,2.96,18305
liver,4.19,3.27,4.68,,4.16,3371
livery,4.59,5.11,3.87,,3.11,15245
livestock,5.95,2.95,4.70,,3.30,11850
livid,3.42,5.38,2.52,,2.65,25937
lizard,5.43,5.50,4.68,5.68,3.69,7017
llama,5.43,4.04,4.78,4.34,3.16,14406
load,4.43,4.55,3.63,5.69,4.47,1972
loader,4.48,2.96,3.43,,2.67,25460
loaf,5.75,2.45,4.79,5.69,3.65,7361
loafer,4.05,3.63,4.20,,2.61,27018
loan,4.19,3.30,3.72,5.71,4.30,2659
loathe,2.68,5.18,2.04,,3.32,11598
loathing,2.42,4.50,1.89,,2.71,24525
loathsome,2.89,4.45,2.19,,3.02,17010
lobby,4.76,4.65,4.70,,4.10,3679
lobbyist,3.32,3.73,3.71,,2.65,25937
lobe,4.52,3.92,4.44,,3.27,12325
lobotomy,2.45,5.32,3.15,,3.04,16682
lobster,6.43,4.67,4.86,5.03,3.87,5362
local,6.77,3.80,3.04,,4.62,1517
localized,5.05,2.40,2.47,,2.61,27018
locate,5.58,3.67,2.97,5.03,4.01,4297
location,5.77,4.58,3.00,6.22,4.39,2260
locator,5.14,2.83,3.18,,2.98,17898
loch,5.67,3.89,,,3.24,12846
lock,4.56,3.00,4.65,5.94,4.75,1197
locker,4.79,3.35,4.67,5.68,4.20,3130
locket,5.71,3.39,4.82,5.25,3.24,12929
locksmith,5.48,3.83,4.54,,3.02,17194
lockup,3.19,4.11,3.12,,3.14,14727
loco,4.53,4.80,1.88,,3.30,11908
locomotive,5.95,5.50,4.82,,2.92,19434
locust,3.16,4.24,4.80,,2.95,18731
lode,5.24,3.45,,,2.92,19434
lodge,6.43,3.33,4.00,,3.83,5703
loft,5.96,3.42,4.32,,3.56,8348
lofty,5.65,2.95,1.89,,2.90,19680
log,4.94,4.29,4.96,5.75,4.08,3856
logic,6.58,3.67,1.72,,3.83,5688
logical,6.38,3.83,2.11,,3.87,5334
logistics,5.05,3.76,2.48,,2.86,20727
logo,5.53,3.32,4.40,,3.26,12560
lollipop,7.29,3.88,4.96,,3.26,12629
lone,3.75,3.84,1.59,,3.72,6652
loneliness,2.35,4.09,2.37,,3.70,6868
lonely,2.67,4.37,2.19,6.48,4.62,1518
loner,3.50,3.94,3.36,,3.49,9160
lonesome,3.35,3.45,1.83,,3.85,5538
longboat,5.35,3.72,4.60,,2.63,26447
longevity,6.57,4.75,1.90,,2.75,23331
longitude,4.76,2.91,2.93,,2.93,19207
longtime,5.50,3.36,2.30,,2.74,23718
look,5.95,3.76,2.96,,6.29,84
looker,6.05,4.88,3.36,,3.02,17010
lookout,4.43,4.32,4.04,,3.65,7383
loom,4.94,3.65,4.50,,2.63,26447
loon,4.74,3.85,4.26,,3.16,14406
loony,4.48,4.04,2.15,,3.39,10639
loop,5.26,3.52,4.26,5.53,3.83,5660
loophole,4.84,4.71,2.63,4.00,3.02,17194
loopy,4.67,4.25,2.46,,2.82,21557
loose,4.52,4.30,3.18,4.93,4.62,1515
loosen,5.00,4.00,3.24,,3.74,6440
loot,4.43,5.15,4.50,,3.55,8467
lop,4.80,4.55,3.32,,2.65,25937
lopsided,4.19,4.42,3.56,,2.65,25937
lord,5.59,3.81,3.04,4.47,5.14,615
lordship,5.20,4.42,3.00,,3.51,8927
lore,6.42,4.50,2.35,,2.84,21286
lose,3.59,5.43,2.25,6.06,5.22,552
loser,2.85,3.94,2.35,5.49,4.43,2090
loss,2.90,5.20,2.19,,4.46,1977
lost,2.53,5.11,2.67,6.34,5.44,373
lotion,5.52,3.55,4.79,,3.51,8887
lottery,6.33,6.05,4.19,5.68,3.83,5669
lotto,6.05,6.00,3.64,,3.23,13116
lotus,6.24,3.77,4.35,,3.31,11732
loudmouth,3.24,5.21,3.16,,3.02,17010
loudspeaker,4.67,4.30,4.82,,2.97,18107
lounge,5.95,2.64,3.96,,3.90,5121
louse,3.34,3.61,,3.03,3.23,13008
lousy,3.14,4.28,1.93,4.24,4.37,2338
lovable,8.26,5.41,1.97,5.94,3.26,12629
love,8.00,5.36,2.07,6.91,6.05,124
loved,7.65,5.59,,,5.04,704
loveless,2.59,4.46,1.86,,2.67,25460
loveliness,7.50,5.65,2.07,,2.92,19434
lovely,7.55,3.95,2.29,6.24,4.98,789
lovemaking,7.95,6.14,4.00,,3.05,16508
lover,8.05,7.45,3.68,6.27,4.43,2116
lovesick,3.63,5.81,2.09,,2.85,21003
low,4.39,2.21,3.34,5.94,4.77,1165
lowdown,3.74,4.00,2.38,,3.04,16682
lowlife,2.68,4.29,3.27,,3.32,11666
lowly,4.00,3.95,1.71,,3.24,12929
lox,4.74,3.86,,,2.96,18305
loyal,7.31,3.65,1.69,5.88,4.08,3845
loyalty,7.18,4.52,1.57,5.65,4.07,3933
luau,6.05,4.59,4.04,,3.19,13696
lube,5.10,4.17,4.00,,2.85,21003
lubricant,5.32,5.38,4.52,5.06,2.85,21003
lucid,5.35,4.78,2.30,,3.11,15245
luck,6.73,4.57,1.33,5.88,5.19,575
lucky,7.32,5.30,1.76,6.08,5.16,600
lucrative,6.81,5.15,1.69,,3.12,15104
ludicrous,3.95,4.78,1.68,,3.22,13228
lug,4.58,3.45,3.78,,3.42,10178
luggage,5.19,3.75,4.83,5.24,4.05,4066
lukewarm,4.50,2.61,3.64,,2.69,24968
lull,4.05,3.76,2.32,,3.08,15898
lullaby,7.57,3.79,3.83,,3.24,12846
lumbar,4.47,3.28,3.96,,3.02,17194
lumber,5.65,3.32,4.56,3.97,3.40,10484
lumberjack,5.79,3.81,4.75,,2.75,23331
luminous,6.29,3.73,3.12,,2.89,19918
lump,3.07,3.74,4.56,5.46,3.55,8467
lumpy,3.75,3.94,3.59,,3.25,12772
lunacy,4.58,5.20,1.76,,3.01,17381
lunar,6.15,5.50,3.56,,3.32,11666
lunatic,3.47,5.64,3.27,,3.93,4863
lunch,6.64,3.57,4.31,6.75,5.02,731
lunchbox,6.64,4.19,4.75,,2.61,27018
luncheon,7.19,4.12,3.92,,3.52,8847
lunchtime,7.26,4.95,3.79,,3.39,10540
lung,4.84,2.64,4.82,,3.92,4964
lunge,4.27,4.73,4.16,,2.69,24968
lurch,3.90,4.09,3.41,,2.94,18951
lure,4.65,4.48,3.59,4.55,3.63,7595
lurk,3.48,4.43,2.85,,2.63,26447
luscious,6.91,5.75,1.93,3.55,3.11,15245
lush,6.48,4.24,2.80,4.64,3.08,15898
lust,6.26,6.44,2.15,5.78,3.75,6408
lustful,5.53,6.60,2.23,,2.61,27018
lusty,5.80,5.59,1.96,,2.80,22203
luxurious,7.58,4.73,2.93,,3.06,16358
luxury,7.25,4.71,2.59,5.40,3.78,6088
lycra,4.50,3.39,,,,
lye,4.26,4.29,3.92,,2.80,22203
lymphoma,2.60,4.59,3.76,,2.75,23331
lynching,1.67,4.92,4.28,,2.97,18107
lyric,6.53,3.57,3.61,,3.05,16508
lyrical,6.84,3.81,2.15,,2.72,24116
lyrics,6.42,4.95,3.86,6.00,3.71,6805
macadamia,6.33,3.80,4.67,,2.80,22203
macarena,6.52,4.24,3.81,,,
macaroni,7.75,5.09,4.97,5.35,3.51,8887
mace,4.14,5.43,4.81,,3.54,8555
mach,5.35,3.95,,,3.27,12325
machete,4.13,6.18,4.82,,3.02,17010
machine,5.00,4.39,4.25,5.66,4.85,1013
machinery,4.65,3.89,4.75,,3.57,8328
macho,4.84,3.96,1.90,,3.58,8210
mackerel,4.78,3.45,4.89,,3.33,11461
macro,5.20,3.85,2.31,,2.75,23331
mad,2.47,5.59,2.76,6.32,5.05,691
madam,5.17,3.05,3.77,,4.64,1456
madden,4.75,5.17,,,2.77,22917
mademoiselle,6.35,4.50,3.67,,3.91,4990
madhouse,3.11,5.77,3.10,,3.12,14978
madman,3.45,6.09,3.63,4.73,3.72,6638
madness,2.86,6.25,1.97,5.56,3.93,4883
maestro,6.14,3.70,4.16,,3.48,9366
mafia,3.11,7.05,3.66,,3.67,7167
magazine,6.24,4.20,5.00,5.89,4.52,1791
magenta,5.95,4.58,3.81,,2.81,21885
maggot,2.00,5.60,4.97,4.24,3.21,13489
magic,7.17,6.05,2.90,6.06,4.72,1263
magical,8.23,5.88,2.30,5.76,3.96,4664
magician,5.68,4.73,4.21,,3.88,5212
magistrate,4.71,3.68,3.82,,3.14,14627
magna,5.09,4.63,,,2.80,22203
magnesium,4.95,2.86,4.07,,2.96,18305
magnet,5.65,3.38,4.70,,3.44,9821
magnetic,6.17,3.55,3.40,,3.63,7629
magnetism,6.00,4.56,2.54,,2.99,17712
magnification,6.65,4.38,3.52,,2.74,23718
magnificence,7.47,3.95,1.83,,2.82,21557
magnificent,6.95,4.52,1.86,5.29,4.12,3564
magnify,4.86,4.41,3.71,,2.78,22564
magnifying,6.11,3.58,3.50,,2.99,17712
magnitude,5.10,5.11,2.43,4.66,3.16,14304
magnolia,6.80,4.19,4.71,,2.86,20727
magpie,5.50,3.08,,,2.69,24968
mahi mahi,5.52,5.16,,,,
mahjong,5.55,3.61,3.92,,3.25,12772
mahogany,6.48,2.67,4.50,,2.88,20159
maid,5.38,3.19,4.64,5.03,4.36,2404
maiden,5.65,4.05,4.24,3.72,3.74,6440
mail,6.28,3.81,4.69,6.15,4.57,1647
mailbox,6.05,2.29,5.00,,3.62,7698
mailing,5.33,3.14,3.63,,3.12,14978
mailman,5.32,3.32,4.57,,3.46,9549
maim,3.14,4.56,3.36,,2.65,25937
main,5.27,4.10,2.41,6.35,4.63,1485
mainframe,5.00,3.95,3.86,,3.31,11792
mainland,5.30,3.67,4.31,,3.48,9293
mainstream,4.55,3.38,1.81,,3.10,15529
maintain,6.29,2.75,2.32,,4.11,3623
maintenance,5.95,2.81,3.07,,3.84,5627
majestic,7.14,4.16,2.04,,3.14,14627
majesty,6.86,4.70,1.94,,4.56,1659
major,5.52,4.24,2.16,5.18,5.02,726
majority,4.95,4.30,2.54,5.95,3.71,6772
make,6.09,3.67,2.67,6.24,6.14,109
makeover,5.76,5.13,3.64,,3.22,13293
maker,5.74,4.16,3.90,,3.69,6935
makeshift,5.32,4.79,2.83,,2.61,27018
makeup,5.21,4.10,4.45,,4.19,3213
malady,3.86,4.48,,2.12,2.65,25937
malaria,2.34,5.07,3.93,4.76,3.23,13116
malarkey,4.45,4.33,2.23,,2.67,25460
male,6.91,4.50,4.45,,4.53,1751
malfunction,2.68,4.62,2.74,,3.46,9549
malice,2.81,4.81,1.72,4.03,3.08,15898
malicious,2.32,4.95,2.33,4.67,3.20,13601
malignant,3.10,4.42,2.52,,3.10,15529
mall,4.45,5.30,4.83,3.81,4.28,2758
mallet,4.70,3.95,4.93,5.06,2.85,21003
malnutrition,2.48,3.50,3.10,,2.67,25460
malpractice,2.74,5.26,1.79,,3.19,13696
malt,6.14,3.75,4.57,,3.22,13228
mama,7.64,4.29,4.30,,5.02,737
mambo,5.52,5.05,,,3.41,10321
mammal,5.95,3.81,4.59,5.38,3.09,15637
mammoth,5.84,4.09,4.11,4.44,2.90,19680
mammy,5.10,3.82,,,3.37,10828
man,5.42,4.36,4.79,6.68,6.27,87
manage,4.71,3.52,2.00,,4.33,2510
manageable,5.33,3.05,2.10,,2.81,21885
management,4.95,3.24,2.72,5.90,4.07,3940
manager,4.82,4.15,4.14,6.25,4.60,1554
managerial,4.50,2.81,2.14,,2.63,26447
mandarin,6.15,3.91,3.67,,3.12,14978
mandate,3.76,4.32,3.08,,3.18,14005
mandatory,3.90,3.89,2.24,,3.40,10484
mandible,4.32,3.05,,,2.78,22564
mandolin,5.70,3.14,4.76,,2.69,24968
mane,5.32,4.17,4.73,,2.78,22564
maneuver,4.63,4.33,3.03,,3.45,9706
manger,5.50,3.05,4.56,,3.01,17381
mangle,2.90,5.00,3.34,3.68,2.47,31015
mango,6.57,3.05,5.00,,3.22,13228
mangy,4.30,4.86,3.24,,3.21,13489
manhole,4.80,4.09,4.70,,2.88,20159
manhood,6.50,5.27,2.59,,3.46,9588
manhunt,3.61,6.33,3.39,,3.09,15637
mania,3.62,4.74,2.42,,3.02,17194
maniac,3.50,5.77,3.10,4.70,3.97,4582
maniacal,3.30,6.00,1.96,,2.74,23718
manic,4.19,4.55,2.42,5.56,3.14,14627
manicure,6.15,4.23,4.39,,3.30,11908
manicurist,5.57,4.17,4.11,,2.80,22203
manifest,4.81,4.12,2.43,,3.57,8301
manifestation,4.38,4.21,2.39,,3.02,17010
manifesto,4.05,4.59,3.24,,2.87,20435
manifold,4.80,3.22,3.58,,2.71,24525
manipulate,3.21,4.76,2.55,,3.54,8593
manipulation,2.84,4.86,2.25,,3.14,14727
manipulative,2.90,4.44,2.21,,3.22,13293
mankind,6.59,4.89,2.97,4.07,3.94,4776
manly,6.09,5.63,2.03,,3.61,7830
manned,5.14,4.47,3.52,,3.12,15104
mannequin,5.35,3.90,4.53,,3.09,15637
manner,5.86,3.52,1.62,5.23,4.06,3964
manor,5.90,3.68,4.70,,3.53,8672
manpower,6.00,4.32,3.37,,3.32,11666
mansion,6.62,4.84,4.89,5.08,3.81,5840
mansions,6.21,4.95,4.46,,2.86,20727
manslaughter,2.05,5.67,3.37,,3.44,9821
mantel,4.74,2.93,4.64,,2.88,20159
mantis,4.95,3.25,4.85,,2.67,25460
mantle,5.35,2.45,4.57,,3.34,11315
mantra,5.47,3.48,2.73,,2.94,18951
manual,4.95,3.17,4.45,,3.90,5063
manufacture,5.00,4.41,3.07,,3.39,10593
manufacturer,4.00,3.61,3.69,,3.26,12629
manufacturing,5.00,4.50,3.52,,3.23,13008
manure,3.19,4.15,4.64,4.31,3.32,11598
manuscript,6.05,3.29,4.57,,3.43,9962
map,5.81,3.95,4.93,,4.50,1860
maple,6.09,3.77,4.46,,3.51,8927
mar,3.47,3.41,,,3.61,7859
marathon,5.48,5.04,3.96,,3.65,7361
marble,5.80,3.57,4.85,,3.72,6687
mare,5.62,3.64,4.75,,3.47,9519
margarine,4.85,3.14,4.58,,2.81,21885
margarita,6.33,5.20,5.00,,3.15,14512
margin,4.75,3.71,3.46,,3.30,11968
marginal,4.60,3.57,1.92,,2.75,23331
mariachi,5.95,4.43,,,2.93,19207
marijuana,3.63,4.36,4.89,,3.73,6614
marinara,5.95,3.00,4.62,,2.69,24968
marine,5.95,3.44,4.25,,4.15,3412
mariner,5.58,3.43,4.38,,2.65,25937
marital,5.24,4.91,2.04,5.07,3.32,11666
maritime,4.90,3.36,2.32,,2.87,20435
marker,5.80,4.05,4.62,,3.72,6666
market,6.21,3.55,4.70,5.84,4.56,1666
marketing,4.83,4.75,2.33,,3.68,7083
marketplace,6.25,4.32,4.28,,3.22,13293
marksman,5.05,4.59,4.12,,3.17,14196
marksmanship,5.19,4.96,3.15,,2.67,25460
marmalade,5.95,3.95,4.83,,3.02,17194
maroon,5.41,4.37,3.84,,3.08,15770
marooned,4.26,5.90,2.44,,2.80,22203
marquee,6.00,4.21,,3.97,2.74,23718
marquis,4.77,3.77,,,3.45,9660
marriage,7.56,4.95,2.51,6.03,4.89,940
marrow,4.29,3.65,4.48,,3.47,9402
marry,7.09,5.52,3.03,5.81,5.02,729
marshal,4.62,4.08,4.41,3.19,4.25,2910
marshmallow,6.84,4.70,4.85,,3.18,13906
mart,5.32,3.55,,,3.28,12186
martial,5.40,4.23,2.43,3.33,3.76,6233
martini,6.14,5.90,4.83,,3.90,5089
martyr,4.24,4.52,3.07,,3.42,10178
marvel,5.84,4.77,2.12,3.59,3.29,12042
marvelous,7.21,3.77,2.04,,4.12,3579
marzipan,5.40,3.91,,,2.61,27018
mascara,4.79,4.55,4.93,,3.10,15382
mascot,5.50,4.11,4.20,,3.22,13228
masculine,5.79,5.19,2.21,,3.39,10540
masculinity,5.75,4.70,2.67,,2.71,24525
mash,4.81,3.85,3.78,,3.64,7447
mashed,4.61,4.15,4.00,,3.57,8301
mask,4.81,3.26,4.96,5.97,4.30,2666
masked,5.14,4.00,3.81,,3.37,10772
masochist,3.39,4.77,2.73,,2.81,21885
masquerade,5.53,5.17,3.35,,3.21,13394
mass,5.15,3.56,3.44,5.10,4.24,2956
massacre,1.77,6.68,4.00,4.74,3.60,7931
massage,7.16,3.88,4.18,,4.04,4077
masses,4.41,4.11,3.14,,3.43,9916
masseur,5.73,4.68,4.39,,2.61,27018
masseuse,6.61,4.09,4.56,,3.16,14406
massive,5.18,5.79,3.21,6.22,4.00,4385
mast,4.85,3.71,4.92,3.59,3.22,13293
master,5.72,4.40,2.63,4.83,4.94,846
masterful,6.72,4.38,1.93,,2.61,27018
mastermind,5.15,5.58,3.00,,3.14,14727
masterpiece,7.14,4.70,3.11,,3.55,8498
mastery,6.55,5.68,2.69,,2.77,22917
masturbate,5.65,6.42,4.18,5.55,3.09,15637
masturbation,5.89,6.30,4.03,5.66,3.24,12929
mat,5.00,2.86,4.83,,3.54,8555
matador,5.00,4.35,4.33,,2.90,19680
match,5.61,3.05,4.14,5.77,4.69,1325
matchbook,5.05,3.65,4.80,,3.01,17381
matching,6.30,3.00,2.82,,3.66,7327
matchmaker,5.63,4.00,3.12,,2.92,19434
mate,7.18,5.95,4.34,5.88,4.47,1968
material,5.71,3.74,4.26,5.79,4.34,2453
materialism,3.52,3.52,1.70,,2.61,27018
materialistic,3.79,4.04,2.41,,2.67,25460
materialize,5.75,3.95,2.46,,2.71,24525
maternal,6.70,4.38,2.42,,3.17,14097
maternity,5.76,4.83,2.76,,3.39,10540
math,4.45,4.96,3.15,,4.21,3068
mathematical,5.29,3.48,2.90,,3.21,13489
mathematician,5.24,3.57,4.38,,2.99,17712
mathematics,4.89,4.33,2.52,6.49,3.49,9225
matinee,6.00,3.05,3.78,,3.06,16177
mating,5.76,6.35,3.53,,3.58,8134
matrimony,7.00,5.77,2.11,,3.43,10007
matrix,5.90,4.40,3.11,3.77,3.58,8134
matron,4.79,3.59,3.93,3.06,2.90,19680
matter,5.82,4.05,3.54,,5.57,292
mattress,5.74,3.45,5.00,6.03,3.82,5751
mature,5.95,3.48,1.86,,3.92,4971
maturity,6.53,3.55,1.81,,3.30,11850
maudlin,4.75,3.58,,,2.69,24968
mausoleum,4.50,3.87,4.23,,2.94,18951
mauve,5.10,2.88,4.00,2.73,2.74,23718
maverick,6.63,4.55,2.96,,3.42,10088
maxim,5.74,4.10,2.46,,3.11,15245
maximize,6.20,4.74,1.79,,2.95,18526
maximum,4.70,5.05,2.54,5.78,3.89,5167
may,5.55,3.19,3.00,,5.71,221
mayday,4.42,4.27,2.74,,3.77,6180
mayflower,5.29,2.91,4.36,,3.18,14005
mayhem,3.59,5.95,2.24,,3.33,11377
mayonnaise,5.65,3.90,4.90,,3.36,11038
mayor,4.59,4.15,4.37,,4.49,1883
maze,5.84,4.83,4.45,4.61,3.41,10274
meadow,7.30,2.62,4.86,4.71,3.36,10983
meager,3.35,4.63,2.08,,2.81,21885
meal,7.05,4.85,4.62,,4.46,1986
mean,2.43,4.81,2.50,6.07,6.09,116
meanie,3.17,4.85,2.43,,2.63,26447
meaning,6.45,4.05,1.85,,4.57,1632
meaningful,6.79,3.78,1.62,,3.54,8614
meaningless,2.95,3.05,1.86,,3.69,7003
meanness,3.09,5.19,2.21,,2.72,24116
meantime,4.44,3.90,1.87,,4.18,3268
measles,2.57,4.50,4.69,4.06,3.33,11528
measure,5.14,4.36,3.59,6.09,4.02,4220
measurement,5.11,3.09,3.26,,2.74,23718
measuring cup,5.75,3.62,4.94,,,
measuring tape,5.43,2.15,,,,
meat,6.62,4.30,4.90,6.42,4.64,1468
meatball,6.68,4.79,4.93,,3.42,10178
meathead,3.38,4.22,2.97,,2.78,22564
meatloaf,5.16,4.46,5.00,,3.37,10828
mechanic,5.45,4.45,4.38,5.51,3.71,6817
mechanical,5.67,5.40,3.17,,3.69,6960
mechanics,6.00,3.91,3.59,,3.39,10639
mechanism,4.90,3.64,3.67,5.26,3.57,8234
med,5.00,3.52,,,3.83,5669
medal,5.20,5.30,4.89,5.91,4.06,3957
medallion,5.85,3.25,4.68,3.40,3.13,14853
meddle,3.86,4.35,2.43,4.64,3.10,15529
medial,4.65,3.55,,,2.63,26447
median,4.50,3.23,4.00,,2.61,27018
mediation,5.50,2.85,2.60,,2.69,24968
medic,5.20,3.55,4.43,,3.76,6303
medical,5.22,4.05,3.07,,4.74,1229
medicate,4.15,4.14,3.04,,2.65,25937
medication,3.65,4.56,4.53,,4.11,3659
medicinal,5.45,5.87,2.10,,2.80,22203
medicine,5.90,4.00,4.79,6.33,4.53,1742
medieval,5.60,4.40,2.46,4.55,3.47,9402
mediocre,4.43,3.00,1.62,,3.15,14512
mediocrity,3.71,3.55,1.33,,2.86,20727
meditate,6.47,2.85,3.25,,3.02,17194
meditation,7.21,2.50,2.85,,3.22,13228
medium,4.85,3.00,3.00,5.59,3.85,5484
medley,6.60,4.48,2.93,,2.81,21885
meek,4.92,3.14,2.22,4.28,3.24,12846
meet,6.09,3.71,3.00,6.30,5.55,301
meeting,4.55,3.71,3.31,5.88,5.12,628
mega,5.60,5.11,2.07,,2.90,19680
melancholy,3.74,4.13,2.00,,3.34,11241
mellow,6.68,2.81,1.96,,3.48,9337
melodrama,4.25,4.83,2.14,,2.85,21003
melodramatic,4.21,5.79,2.08,,3.09,15637
melody,6.65,4.86,3.71,5.63,3.82,5751
melon,6.32,3.68,4.78,5.67,3.63,7574
melt,5.95,3.00,3.96,5.76,3.86,5372
meltdown,3.05,4.81,3.17,,3.31,11792
member,5.95,3.47,3.07,,4.46,1991
membership,5.61,4.45,3.04,,3.51,8927
membrane,4.95,3.23,3.97,,3.06,16358
memento,6.80,4.04,3.35,,3.11,15245
memo,4.70,2.39,4.25,,3.82,5751
memorabilia,6.55,3.77,4.15,,2.71,24525
memorable,6.54,4.83,1.79,,3.36,11038
memorandum,4.50,3.96,3.48,,2.74,23718
memorial,5.72,3.25,3.68,,3.85,5504
memories,7.00,4.19,,,4.35,2450
memorize,5.70,3.90,3.30,,3.47,9519
memory,6.58,4.08,2.38,6.42,4.69,1343
menace,3.13,4.89,2.30,4.03,3.57,8234
menacing,3.14,4.76,2.19,,2.75,23331
mend,6.53,3.76,3.50,,3.42,10135
menial,3.80,3.85,1.81,,2.72,24116
meningitis,2.55,5.41,4.11,,2.86,20727
menopause,1.89,3.55,3.19,,3.10,15529
menstrual,2.79,4.30,3.27,,2.74,23718
mental,4.58,3.68,2.04,,4.29,2685
mentality,4.76,4.62,2.00,,3.33,11461
menthol,4.90,2.90,3.85,,2.65,25937
mention,5.39,2.65,2.69,,4.77,1157
mentor,7.05,3.50,3.70,,3.54,8555
menu,6.30,4.17,4.67,,4.00,4385
meow,6.14,3.42,3.92,,3.47,9440
mercenary,3.89,5.14,4.30,,3.29,12112
merchandise,5.21,3.78,4.52,,3.68,7049
merchant,5.21,3.68,4.31,4.07,3.46,9588
merciful,7.00,4.22,1.63,4.37,3.54,8555
merciless,3.05,5.05,1.96,,3.08,15770
mercury,5.67,4.80,4.52,,3.58,8105
mercy,6.40,3.67,1.57,4.58,4.40,2226
mere,4.68,3.71,1.43,,3.90,5121
merengue,6.47,3.45,,,2.74,23718
merge,4.95,3.50,3.24,,3.15,14512
merger,4.09,4.22,2.34,,3.60,7931
meringue,6.57,4.04,,,2.82,21557
merit,6.94,3.16,1.66,,3.53,8698
mermaid,7.05,5.58,4.50,3.85,3.50,9066
merry,7.20,4.57,2.41,4.83,4.59,1575
mescaline,5.00,4.65,,,2.80,22203
mesh,5.25,3.11,4.41,,2.85,21003
mess,3.50,4.70,3.90,6.58,4.89,933
message,6.18,3.81,3.97,6.24,4.96,813
messenger,5.65,4.57,3.89,5.03,3.91,5038
messiah,6.67,3.75,3.26,,3.43,10007
messy,3.00,4.61,3.59,6.39,3.84,5611
metabolic,5.11,4.67,2.44,,2.90,19680
metabolism,5.40,4.17,2.27,,3.04,16682
metal,5.05,3.48,4.87,5.70,4.29,2696
metallic,5.26,4.32,4.03,,3.12,14978
metamorphosis,5.25,4.27,3.11,,2.75,23331
metaphor,6.11,4.14,1.94,,3.59,8031
metaphysical,5.48,4.00,1.54,,2.93,19207
meteor,5.10,5.62,4.96,,3.55,8498
meteorite,7.25,6.37,4.60,,2.92,19434
meter,5.53,3.25,4.70,,3.79,5974
meth,2.55,4.43,4.63,,3.37,10772
methadone,3.05,3.76,4.24,,2.87,20435
methane,3.48,3.73,4.32,3.94,3.06,16177
method,5.20,4.17,2.41,5.94,3.90,5114
methodical,5.11,3.76,1.93,,2.72,24116
methodology,4.84,3.41,1.76,,2.82,21557
meticulous,5.14,4.80,1.90,,3.02,17194
metric,4.95,3.67,3.14,4.76,2.71,24525
metropolis,4.95,4.95,3.89,3.38,3.02,17194
metropolitan,5.84,4.91,2.89,,3.18,14005
mew,6.05,4.62,,,2.67,25460
mezzanine,5.32,3.77,,,2.67,25460
micro,5.50,3.48,2.08,,2.77,22917
microchip,5.60,3.52,4.75,,3.17,14196
microfilm,5.53,3.50,4.37,,3.12,14978
microphone,5.11,4.19,4.88,5.73,3.66,7284
microscope,6.33,4.00,5.00,5.76,3.41,10321
microscopic,5.24,3.86,3.46,,3.06,16177
microwave,5.25,4.00,4.34,6.44,3.59,8000
mid,5.21,2.80,2.69,,3.10,15382
midair,5.00,5.23,3.32,,2.85,21003
midday,5.37,3.63,3.72,,2.93,19207
middle,5.22,2.85,3.69,6.47,4.95,832
middleman,4.24,3.92,2.79,,2.92,19434
middleweight,4.10,4.04,3.07,,2.94,18951
midget,4.58,4.00,4.40,3.85,3.66,7223
midlife,4.71,3.09,3.07,,2.85,21003
midline,4.79,3.36,3.42,,2.77,22917
midnight,6.18,4.05,3.14,,4.45,2015
midshipman,4.75,2.72,4.54,,2.87,20435
midst,5.25,2.62,2.33,4.55,3.54,8638
midsummer,6.24,4.80,3.36,,2.78,22564
midterm,4.14,4.82,4.11,,3.30,11908
midtown,5.83,4.20,3.46,,3.17,14097
midwife,5.65,3.14,4.56,5.26,2.77,22917
mighty,6.45,5.43,2.61,4.91,4.42,2122
mignon,5.57,3.37,,,2.87,20435
migraine,2.68,4.96,3.20,,3.27,12325
migrate,4.57,3.33,3.15,,2.63,26447
migration,4.52,3.54,3.55,,2.82,21557
mil,4.85,4.05,,,3.46,9588
mild,5.90,2.39,2.48,6.17,3.68,7049
mildew,2.61,4.14,4.57,2.68,2.65,25937
mile,4.78,3.43,3.63,6.03,4.32,2558
mileage,5.90,2.95,3.47,4.68,3.30,11908
milestone,6.85,4.56,3.22,,2.86,20727
militant,3.95,5.38,2.62,,2.95,18526
military,4.90,5.80,4.00,5.30,4.61,1526
militia,4.21,4.36,4.00,,3.36,11038
milk,6.74,2.33,4.92,6.54,4.63,1490
milkman,5.75,2.73,4.61,,2.98,17898
milkshake,7.26,4.05,4.97,,2.93,19207
milky,5.00,3.70,3.52,,3.27,12325
mill,5.39,2.21,4.72,4.03,3.98,4530
millennium,4.85,4.59,2.63,,3.63,7548
milligram,5.28,3.10,3.61,,2.75,23331
millimeter,4.86,3.62,4.38,,3.14,14627
million,7.55,5.38,2.90,6.16,5.08,667
millionaire,7.32,6.14,3.60,5.85,3.76,6303
millionth,5.42,4.64,2.70,,2.77,22917
millstone,4.86,3.12,3.92,,2.61,27018
mime,4.58,2.81,4.50,,3.06,16177
mimic,4.67,3.85,3.22,4.00,2.90,19680
mince,5.23,4.14,4.00,,2.74,23718
mincemeat,4.05,3.84,4.36,,2.65,25937
mind,6.70,5.05,2.50,5.81,5.68,238
mindful,6.70,6.00,1.48,,2.71,24525
mindless,3.00,3.10,1.63,,3.24,12929
minefield,3.65,5.50,4.43,,3.02,17194
miner,4.81,4.05,4.30,4.46,3.17,14196
mineral,6.05,2.86,4.41,,3.42,10178
mingle,5.21,4.41,3.17,4.85,3.43,9962
mini,5.86,3.00,2.89,,3.56,8390
miniature,6.11,3.95,3.46,,3.40,10367
minibus,4.89,3.56,4.55,,2.75,23331
minimal,4.62,3.41,2.00,,3.34,11315
minimize,5.16,4.19,2.37,,3.03,16856
minimum,4.80,3.27,2.25,5.88,3.91,4999
mining,4.50,4.57,4.03,,3.50,9066
minion,5.33,5.00,3.11,,2.97,18107
minister,5.00,3.85,4.22,4.74,4.27,2822
ministry,5.08,3.85,3.21,,3.59,8089
minivan,4.40,2.95,4.92,,3.21,13489
mink,5.86,3.24,4.58,3.21,3.57,8265
minor,4.81,3.26,2.61,5.06,4.11,3651
minority,4.75,3.10,2.65,5.39,3.35,11139
mint,6.55,4.90,4.54,5.69,3.74,6522
minty,7.00,3.19,4.11,,2.71,24525
minute,5.50,3.76,3.04,6.67,5.58,289
minx,6.63,3.95,,,2.80,22203
miracle,7.30,5.52,1.96,4.91,4.43,2115
miraculous,6.37,6.17,1.93,5.03,3.33,11528
mirage,4.47,3.80,3.32,3.94,3.19,13696
mire,4.20,3.94,,,2.65,25937
mirror,5.90,4.55,4.97,6.44,4.38,2301
misbehave,3.79,4.28,2.07,,2.78,22564
miscalculation,3.21,4.71,2.31,,2.67,25460
miscarriage,2.48,5.70,3.11,,3.06,16177
miscellaneous,5.38,4.00,2.04,,2.65,25937
mischief,4.78,5.77,1.90,5.30,3.33,11528
mischievous,4.48,4.88,2.37,5.88,2.65,25937
misconception,3.65,3.45,1.93,4.44,2.65,25937
misconduct,3.55,4.59,2.19,,2.90,19680
misdemeanor,2.76,5.24,2.48,,3.16,14304
misdirection,3.70,3.78,2.27,,2.69,24968
miser,3.45,3.88,2.36,2.52,2.71,24525
miserable,2.60,5.06,1.97,5.62,4.33,2505
misery,2.20,4.82,2.04,5.16,4.01,4283
misfire,2.63,4.64,3.31,,2.63,26447
misfit,4.19,5.09,2.72,,2.78,22564
misfortune,2.40,4.24,2.07,,3.43,10007
misguided,3.58,4.33,2.08,,3.23,13116
mishap,3.50,4.61,2.50,,3.02,17010
mislead,3.20,5.10,2.41,,2.88,20159
misleading,3.14,4.48,1.76,,2.94,18951
misplace,3.15,4.83,2.52,,2.67,25460
misread,3.59,3.79,2.07,,2.95,18731
miss,4.10,3.90,2.54,,5.67,248
missile,2.85,5.67,4.83,5.46,4.12,3587
mission,6.39,5.52,2.90,5.19,4.67,1376
missionary,5.33,4.24,3.71,,3.33,11377
missy,5.40,3.39,,,3.91,5016
mist,6.47,3.05,4.51,,3.55,8467
mistake,2.89,4.93,1.97,6.19,5.01,748
mister,5.56,3.20,3.15,,4.66,1409
mistletoe,7.10,4.77,4.85,,3.29,12112
mistress,3.86,5.96,4.22,5.27,4.08,3875
mistrial,4.15,3.29,2.12,,3.07,16056
mistrust,2.00,5.09,2.04,,2.81,21885
misty,5.14,2.50,3.37,,3.20,13601
misunderstand,4.05,5.09,1.85,,3.52,8824
misunderstanding,2.86,4.52,1.97,,3.92,4942
misuse,3.25,4.48,2.07,,2.75,23331
mite,3.90,4.68,4.30,,3.08,15898
miter,4.53,3.05,,,2.71,24525
mitigate,5.38,3.90,2.16,,2.63,26447
mitigating,4.47,3.85,2.50,,2.80,22203
mitt,5.48,2.75,4.76,,3.14,14627
mitten,5.60,2.33,4.89,,2.67,25460
mitzvah,4.47,4.22,,,3.54,8555
mix,5.71,2.86,3.82,,4.21,3073
mixer,4.90,4.17,4.33,,3.04,16682
mixture,5.90,3.52,3.79,,3.40,10484
mnemonic,5.10,3.45,,,2.69,24968
moan,4.05,5.52,3.72,,3.28,12244
moat,5.19,4.17,4.69,,3.08,15898
mob,3.70,4.86,3.88,4.15,4.11,3624
mobile,5.81,3.76,2.93,,3.87,5292
mobility,5.53,4.70,2.20,4.88,2.85,21003
mobilize,5.95,4.56,2.62,,3.02,17194
mobster,3.05,5.14,4.13,,2.94,18951
mocha,6.53,3.36,4.74,,3.12,15104
mock,3.81,4.95,2.43,5.42,3.73,6563
mockery,2.95,4.48,2.33,,3.27,12417
mockingbird,6.37,4.62,4.75,,3.08,15898
mod,5.57,3.65,,,3.12,15104
mode,5.25,3.43,2.46,4.22,3.71,6724
model,6.38,3.90,4.53,5.36,4.51,1848
modeling,5.67,3.92,3.48,,3.56,8366
modem,5.29,3.55,4.29,,3.04,16682
moderate,5.52,4.00,1.97,,3.10,15529
moderation,5.30,3.67,1.90,,2.87,20435
modern,6.05,5.40,2.31,,4.26,2850
modest,6.42,2.93,2.21,5.38,3.77,6180
modesty,6.19,4.41,2.23,,3.25,12695
modicum,4.95,3.33,,,2.61,27018
modification,5.05,4.10,2.79,,2.94,18951
modify,5.10,3.78,2.55,,3.00,17531
module,4.90,4.33,3.93,,3.43,10007
mogul,5.42,3.48,4.04,,2.97,18107
moist,5.53,4.20,4.00,5.18,3.26,12560
moisture,5.50,4.39,4.07,5.62,3.09,15637
moisturizer,6.35,2.95,4.67,,2.69,24968
molar,4.73,3.54,4.83,,2.72,24116
molasses,5.90,3.09,4.84,,3.02,17194
mold,2.71,3.77,4.85,,3.63,7548
moldy,1.95,4.35,3.93,,2.78,22564
mole,4.23,3.81,4.41,5.00,3.91,5038
molecular,5.50,3.52,3.09,,3.42,10088
molecule,5.37,3.70,3.27,4.67,2.90,19680
molest,1.89,6.43,3.03,,2.80,22203
molester,1.48,5.00,3.59,,2.94,18951
molten,4.75,4.26,3.20,,3.07,16056
mom,7.64,4.62,4.40,6.59,5.63,271
moment,6.10,4.05,1.61,5.83,5.27,508
momentary,4.95,3.73,1.93,,3.05,16508
momentous,6.35,4.90,1.70,,2.86,20727
momentum,6.10,4.14,2.50,5.58,3.24,12929
momma,7.45,3.45,4.29,,3.91,5033
mommy,7.39,3.70,4.07,,4.85,999
monarch,4.33,3.41,4.14,4.47,2.93,19207
monarchy,3.29,3.70,2.55,5.09,2.84,21286
monastery,4.75,2.50,4.75,,3.57,8265
monetary,6.32,4.46,2.96,,3.02,17194
money,7.10,6.86,4.54,6.74,5.81,189
mongoloid,4.23,4.28,,,2.72,24116
mongoose,4.95,3.55,4.89,,2.82,21557
mongrel,3.47,4.50,3.80,,2.95,18731
monitor,5.05,3.86,3.65,,4.12,3589
monk,4.90,2.61,4.35,3.93,3.87,5341
monkey,5.82,5.15,4.90,5.65,4.52,1769
mono,3.85,3.00,2.04,,2.87,20435
monogamous,7.05,4.40,2.58,,2.93,19207
monogamy,6.43,3.48,1.70,,2.96,18305
monogrammed,4.79,2.82,3.75,,2.78,22564
monolith,5.24,3.57,,,2.94,18951
monologue,5.43,3.05,3.30,,3.06,16177
monopoly,5.29,4.83,2.69,,3.44,9781
monotonous,3.05,2.68,1.55,,2.94,18951
monoxide,3.00,4.55,2.90,,3.06,16177
monsieur,5.50,3.30,3.54,,4.49,1896
monsoon,2.85,4.50,4.48,,2.90,19680
monster,2.55,5.55,3.72,5.56,4.59,1582
monstrosity,3.84,5.83,2.40,,2.88,20159
monstrous,3.43,5.90,2.48,,3.38,10678
montage,5.48,4.85,2.93,,3.06,16358
month,5.78,3.64,4.20,6.52,4.98,788
monthly,5.32,3.50,3.57,,3.48,9366
monument,6.24,2.82,4.58,5.03,3.36,10934
monumental,5.74,5.24,2.28,,3.03,16856
moo,5.48,3.95,3.40,,3.32,11598
mooch,3.71,5.80,2.28,,2.95,18526
mood,5.29,4.50,1.75,6.23,4.53,1750
moody,3.71,5.00,2.36,5.91,3.36,11038
moon,7.00,3.43,4.90,6.43,4.70,1314
moonbeam,7.17,4.52,3.81,,2.88,20159
moonlight,7.05,3.61,4.43,,3.84,5563
moonlit,7.24,3.96,3.48,,2.75,23331
moonshine,5.50,4.67,4.46,,2.99,17712
moonwalk,6.18,5.15,3.86,,2.81,21885
moor,4.95,3.95,,,3.30,11908
moose,6.71,4.85,4.97,4.44,3.74,6440
moot,4.62,3.71,1.71,,3.08,15898
mop,4.53,3.14,4.97,,3.62,7720
mope,3.27,3.26,2.17,,2.84,21286
moped,5.00,3.62,3.26,,2.67,25460
moral,6.85,3.73,1.69,5.36,4.13,3514
morale,5.95,4.10,1.85,,3.62,7738
morality,6.48,4.76,1.47,5.71,3.57,8265
moray,4.74,4.45,,,2.67,25460
morbid,2.73,5.29,2.14,4.36,3.42,10178
mores,5.17,2.60,,,2.93,19207
morgue,1.79,3.48,4.62,4.33,3.94,4817
morn,3.62,3.00,,,2.95,18526
morning,6.41,3.95,3.44,,5.64,262
moron,4.30,4.50,2.80,,4.17,3303
moronic,3.25,3.81,1.89,,3.04,16682
morph,5.50,5.19,2.70,,2.88,20159
morphine,4.58,5.14,4.50,,3.81,5816
morsel,5.30,3.41,4.19,3.97,2.81,21885
mortal,4.39,3.55,1.96,,3.98,4516
mortality,5.15,6.90,1.46,,3.18,13906
mortar,4.14,4.37,4.48,,3.36,10934
mortgage,3.45,4.43,3.14,,3.77,6158
mortician,3.56,3.33,4.30,,2.80,22203
mortuary,2.21,3.59,4.52,,3.27,12417
mosaic,6.33,3.70,4.26,,2.67,25460
mosey,5.85,4.50,,,2.86,20727
mosque,4.11,3.00,4.54,4.24,3.08,15898
mosquito,3.12,5.17,4.88,4.85,3.26,12485
motel,5.30,3.55,4.93,,4.26,2856
moth,4.47,2.55,4.69,5.21,3.36,10983
mother,7.53,4.73,4.60,6.61,5.68,243
motherfucker,1.61,7.33,2.31,5.94,4.71,1292
motherfucking,3.95,5.92,1.74,,3.97,4598
motherhood,6.80,5.52,3.00,,3.06,16177
motherland,5.80,4.22,2.78,,2.69,24968
motherless,1.90,4.52,3.08,,2.77,22917
motherly,7.67,3.74,2.46,,2.67,25460
motif,5.27,4.24,2.45,,2.82,21557
motion,5.80,4.71,3.80,5.65,4.28,2757
motivate,6.05,5.09,2.07,,3.03,16856
motivation,6.24,4.73,2.10,,3.47,9402
motivational,6.76,6.37,2.21,,2.82,21557
motive,5.32,4.86,1.50,,4.12,3562
motley,4.89,2.95,2.21,,2.72,24116
motor,5.64,5.42,4.84,5.31,4.12,3579
motorbike,5.95,5.68,4.79,6.09,2.88,20159
motorboat,6.20,4.22,4.93,,2.77,22917
motorcade,4.64,4.67,3.92,,3.11,15245
motorcar,5.70,3.95,4.93,,2.77,22917
motorcycle,5.80,5.80,4.97,,3.95,4731
motorist,5.47,4.24,4.72,,2.71,24525
motto,5.95,3.86,2.48,,3.71,6786
mould,3.57,3.35,,5.14,2.87,20435
mound,5.43,3.63,4.63,3.32,3.18,13906
mount,5.38,4.09,4.00,3.95,4.07,3920
mountain,6.65,4.12,4.96,6.30,4.55,1700
mountain dew,5.47,5.05,,,,
mountaintop,6.50,4.28,4.56,,2.72,24116
mourn,2.40,4.95,2.33,,3.41,10321
mournful,3.32,2.78,2.10,,2.71,24525
mourning,1.71,3.90,2.17,,3.54,8638
mouse,4.80,3.38,4.83,6.06,4.28,2733
mousetrap,4.82,4.05,5.00,,2.78,22564
mousse,6.00,3.19,4.83,,3.07,16056
moustache,5.35,3.23,4.96,,3.58,8162
mousy,3.74,3.10,2.50,,2.93,19207
mouth,5.59,4.14,4.74,6.48,5.02,728
mouthful,4.88,3.80,3.96,,3.23,13008
mouthpiece,4.65,3.62,4.66,,2.97,18107
mouthwash,5.70,2.67,4.67,,2.99,17712
move,4.95,4.24,3.25,6.61,5.62,273
movement,6.58,4.00,3.63,,4.17,3297
mover,4.55,3.82,3.75,,2.67,25460
movie,7.24,4.39,4.59,6.04,5.09,656
mow,4.94,4.17,4.32,,3.36,10934
mower,4.76,2.79,4.86,,3.17,14097
moxie,6.10,3.78,,,2.87,20435
mozzarella,7.19,4.54,4.89,,2.75,23331
muck,3.14,3.55,3.77,5.27,3.28,12186
mucous,2.95,3.83,4.17,4.70,2.61,27018
mucus,2.84,4.17,4.76,,2.78,22564
mud,5.06,3.19,4.86,,4.17,3298
muddle,4.47,3.05,2.71,,2.65,25937
muddy,4.14,4.20,4.32,5.37,3.48,9337
muff,5.63,3.59,4.12,,2.99,17712
muffin,7.10,4.05,4.78,6.25,3.77,6223
muffled,4.74,3.86,3.04,,3.49,9198
muffler,3.63,4.27,4.68,,3.01,17381
mug,4.16,3.83,4.80,6.22,3.84,5627
mugger,1.90,5.67,4.27,,2.99,17712
mulberry,5.74,2.75,4.48,,2.80,22203
mulch,5.33,3.52,4.59,,2.65,25937
mule,4.26,2.78,5.00,3.63,3.85,5526
mull,4.38,3.12,2.43,,2.69,24968
mullet,3.86,3.81,4.78,,2.77,22917
multimedia,6.53,4.80,3.50,,2.75,23331
multinational,5.30,3.94,3.30,,2.81,21885
multiple,5.00,4.00,3.26,,4.03,4202
multiple sclerosis,2.45,5.11,3.63,,,
multiplex,5.09,4.95,3.78,,2.61,27018
multiply,5.43,4.39,2.79,5.81,3.29,12042
multitude,5.00,4.09,2.42,,2.77,22917
mum,5.43,3.35,4.11,6.91,4.34,2485
mumble,4.40,3.19,3.69,5.68,2.90,19680
mumbo,4.76,5.10,,,3.07,16056
mummy,4.81,3.75,4.72,6.18,3.99,4437
mumps,2.61,3.84,4.10,,3.08,15898
munch,6.32,3.62,3.82,,2.94,18951
munchkin,6.95,4.27,3.85,,2.92,19434
mundane,3.63,2.76,1.92,,2.92,19434
municipal,4.89,3.05,2.26,,3.25,12695
mural,6.67,3.40,4.66,3.35,3.02,17194
murder,1.48,6.24,3.61,6.13,5.05,694
murderer,1.92,6.83,3.83,5.88,4.42,2122
murderess,2.56,5.80,3.36,,2.87,20435
murderous,2.05,7.05,2.41,,3.26,12485
murky,3.40,3.45,3.08,,2.80,22203
murmur,4.57,4.08,3.19,4.57,2.98,17898
muscle,6.15,4.55,4.50,6.42,4.13,3500
muscular,6.32,4.98,3.82,5.59,3.19,13696
muse,6.30,4.75,2.45,,3.29,12112
museum,6.67,3.74,4.60,5.88,4.27,2821
mush,4.05,3.21,3.67,,3.45,9706
mushroom,5.61,3.14,4.83,6.06,3.33,11377
mushy,4.60,3.71,3.57,,3.18,13906
music,7.67,5.57,4.31,6.94,5.18,580
musical,7.68,5.63,3.72,5.63,4.12,3579
musician,6.79,5.52,4.42,5.61,3.78,6078
musk,4.50,2.45,3.44,,2.74,23718
musket,4.13,4.00,4.67,3.20,3.00,17531
musketeer,4.76,4.71,4.08,,2.65,25937
muskrat,4.15,3.50,4.96,,2.75,23331
must,5.45,4.10,2.13,,5.84,178
mustang,6.32,6.14,4.89,3.59,3.54,8638
mustard,4.74,3.39,4.93,5.56,3.81,5840
muster,4.67,3.65,2.03,,3.18,14005
musty,3.37,3.50,3.07,,2.71,24525
mutant,5.06,4.61,4.20,,3.56,8421
mutate,4.16,5.88,2.52,,2.69,24968
mutation,4.14,4.56,3.52,4.06,3.24,12846
mute,3.95,2.45,3.24,,3.40,10424
muted,3.63,2.15,2.57,,2.61,27018
mutilate,2.00,4.96,3.86,4.09,2.77,22917
mutilated,2.73,6.00,2.59,,3.11,15245
mutilation,2.27,5.38,3.14,,2.98,17898
mutiny,4.20,5.18,2.24,,3.40,10484
mutt,4.84,4.14,3.89,,3.60,7931
mutter,4.40,3.67,3.21,,2.65,25937
mutual,6.48,3.50,2.21,,3.86,5425
muzzle,3.95,4.65,4.59,,3.21,13489
myriad,5.52,3.52,2.12,,2.75,23331
mysterious,6.05,5.45,1.96,,4.18,3278
mystery,5.29,5.04,2.33,5.62,4.36,2391
mystic,6.12,4.52,2.59,4.61,3.17,14196
mystical,6.57,5.04,2.07,,3.45,9660
mysticism,6.00,4.29,1.86,,2.65,25937
mystified,6.05,5.80,2.04,,2.72,24116
mystique,6.52,5.67,1.67,,3.55,8526
myth,6.11,4.00,2.17,4.94,3.84,5588
mythical,6.11,5.10,2.00,,2.95,18526
mythology,6.10,4.27,2.15,4.49,3.30,11908
nab,3.65,4.27,3.46,,2.84,21286
nacho,7.05,4.38,4.86,,3.12,14978
nada,4.57,3.70,,,3.41,10274
nag,2.30,4.72,3.03,,3.34,11241
nail,4.60,3.05,4.93,6.14,4.27,2793
nail gun,4.09,4.85,,,,
naive,4.22,3.86,1.85,5.45,3.81,5840
naked,6.21,5.58,4.50,6.17,4.59,1569
nakedness,6.67,6.62,3.76,,2.67,25460
name,5.62,3.04,3.50,6.69,5.81,188
nameless,2.79,2.80,1.83,,3.16,14406
nana,5.79,3.82,,,3.60,7931
nanny,5.86,4.05,4.21,4.21,4.02,4254
nanometer,5.15,3.59,3.96,,,
nap,6.53,4.14,4.03,,4.10,3690
napalm,2.70,5.29,,,3.18,13906
napkin,5.63,3.09,4.93,,3.56,8390
nappy,3.10,3.32,3.19,,2.90,19680
narcissism,3.25,5.05,1.85,,2.82,21557
narcissist,3.11,5.81,2.17,,2.72,24116
narcissistic,3.00,5.00,2.07,,2.81,21885
narcotic,3.52,4.38,4.04,4.00,2.95,18731
narrative,6.32,3.23,3.18,,3.02,17010
narrator,6.48,2.57,3.89,,4.02,4269
narrow,4.95,4.53,3.04,5.49,3.85,5526
nasal,4.26,3.38,3.83,,3.32,11598
nasty,2.95,5.44,2.37,5.80,4.35,2425
nation,6.00,4.78,3.62,5.85,4.31,2605
national,5.62,3.45,2.24,5.64,4.58,1604
nationality,5.60,3.50,2.74,,2.93,19207
nationwide,5.20,3.72,2.63,,3.13,14853
native,5.85,3.05,3.03,,3.92,4952
natural,6.42,3.67,1.85,5.97,4.63,1498
natural gas,4.47,3.36,4.14,,,
nature,6.88,4.00,2.92,6.36,4.65,1424
naughty,6.04,6.95,2.04,5.41,4.01,4305
nausea,1.68,4.59,3.36,5.23,3.34,11315
nauseating,2.73,4.33,2.83,,2.78,22564
nauseous,1.95,4.18,2.41,,3.49,9160
nautical,6.15,3.41,2.45,,2.95,18526
nautilus,5.29,3.76,,,2.92,19434
naval,5.19,2.86,4.14,4.13,3.76,6292
nave,3.90,3.52,,,2.63,26447
navel,4.89,3.36,4.71,3.71,3.10,15529
navigate,5.05,4.18,2.68,,3.29,12112
navigation,5.84,4.00,2.35,,3.24,12929
navigational,5.10,4.00,2.45,,2.98,17898
navigator,5.47,4.09,3.90,,3.43,9962
navy,5.38,3.64,3.93,5.74,4.41,2194
nearsighted,4.50,3.83,3.52,,2.74,23718
neat,6.95,4.10,2.47,5.85,4.10,3737
nebula,7.00,4.05,4.03,,3.17,14097
necessary,5.39,3.38,1.80,5.88,4.66,1398
necessity,5.32,4.55,2.08,5.30,3.46,9549
neck,5.44,3.65,5.00,6.56,4.77,1155
necklace,6.85,3.52,4.96,6.24,3.99,4460
necktie,4.84,2.62,4.96,,3.08,15770
necromancer,4.11,6.05,,,2.63,26447
nectar,6.80,3.95,4.63,4.44,2.97,18107
need,5.45,3.67,1.69,6.33,6.11,115
needle,3.97,4.36,4.93,5.61,4.08,3867
needlepoint,5.55,3.20,4.48,,2.75,23331
needless,4.25,2.95,1.96,,3.36,10983
needy,2.90,4.68,2.28,5.24,3.48,9255
nefarious,3.79,5.72,1.85,,2.88,20159
negative,2.52,5.05,1.79,6.25,4.41,2198
negativity,2.74,5.09,2.30,,2.82,21557
neglect,2.16,4.72,2.26,4.67,3.23,13008
negligee,6.20,4.67,4.48,,2.87,20435
negligence,2.70,4.22,2.04,,3.26,12629
negligent,2.05,4.45,1.92,,3.01,17381
negligible,3.81,3.89,1.65,,2.61,27018
negotiable,6.00,4.62,1.97,,2.96,18305
negotiate,5.57,5.00,2.00,5.64,3.83,5688
negotiation,6.05,4.76,2.37,5.39,3.36,10934
negotiator,5.10,4.45,3.85,4.49,3.12,14978
negro,3.83,5.27,4.30,,3.73,6563
neighbor,5.60,3.72,4.64,,4.23,2989
neighborhood,6.09,4.05,4.75,,4.56,1652
neighboring,5.95,3.95,3.04,,2.88,20159
nemesis,2.44,5.50,2.89,,2.95,18526
neon,6.48,4.56,4.07,5.09,3.46,9588
nephew,6.75,4.33,4.48,5.53,4.22,3040
nerd,5.18,4.46,3.23,,3.52,8824
nerdy,4.68,4.30,2.17,,2.69,24968
nerve,4.45,5.27,3.89,,4.36,2391
nervous,3.56,5.51,1.85,6.16,4.83,1060
nervousness,3.10,4.45,2.31,,2.78,22564
nest,5.65,3.35,4.86,5.42,4.05,4071
net,5.00,3.00,4.53,5.19,4.19,3203
nether,4.81,4.05,1.86,,2.61,27018
network,5.05,4.43,3.20,5.69,4.22,3051
networking,5.60,3.71,2.69,,2.74,23718
neural,6.05,3.19,,3.88,3.30,11968
neurological,3.89,4.55,2.17,,3.06,16358
neurologist,5.05,3.86,4.10,,3.01,17381
neurology,4.95,4.55,2.50,,2.67,25460
neurosis,3.15,4.30,2.41,,2.81,21885
neurosurgeon,4.67,4.85,4.66,,2.92,19434
neurosurgery,4.25,5.09,4.15,,2.89,19918
neurotic,3.84,4.98,1.86,3.86,3.43,10007
neuter,4.11,4.90,3.11,,2.90,19680
neutral,5.50,3.45,1.80,5.32,3.63,7629
neutralize,5.19,3.36,2.28,,3.09,15637
neutron,6.62,4.47,2.69,4.85,3.10,15529
new,7.68,5.14,2.81,6.48,5.86,171
new age,5.05,4.39,,,,
newborn,7.48,4.96,4.39,,3.40,10367
newcomer,5.80,5.05,3.13,,3.04,16682
newfound,5.89,3.45,2.14,,3.08,15898
newlywed,6.90,6.32,3.81,,2.65,25937
news,4.96,4.61,3.41,6.36,5.22,551
newscast,5.43,4.74,4.26,,2.74,23718
newscaster,4.89,2.95,4.50,,2.77,22917
newsflash,5.26,4.64,3.82,,2.81,21885
newsletter,5.19,3.63,4.66,,2.94,18951
newsman,5.52,3.12,4.26,,2.61,27018
newspaper,5.11,2.67,4.82,,4.37,2341
newspaperman,5.63,3.00,4.50,,3.16,14304
newsreel,5.47,4.86,4.48,,2.88,20159
newsroom,4.83,4.11,4.54,,2.89,19918
newsstand,5.79,3.22,4.71,,3.02,17010
newt,4.65,3.64,4.17,,3.13,14853
nexus,5.57,3.96,2.73,,3.06,16358
nibble,6.30,3.96,3.72,,3.18,13906
nice,6.95,3.53,2.18,6.33,5.81,187
niche,5.75,3.43,2.52,,2.97,18107
nickel,5.62,4.22,4.79,,3.93,4883
nickname,6.14,4.38,2.97,,3.83,5651
nicotine,3.05,4.04,4.10,,3.24,12929
niece,6.52,3.95,4.28,5.42,3.98,4530
nifty,6.30,4.59,1.73,,3.15,14512
nigger,1.67,6.81,3.50,,4.31,2620
night,6.68,3.57,4.52,6.76,5.94,145
nightcap,5.22,4.00,4.41,,3.25,12695
nightclub,5.32,5.08,4.96,,3.67,7197
nightfall,6.63,4.00,3.79,4.70,3.37,10883
nightgown,5.85,3.35,4.90,,3.30,11968
nightie,7.11,4.57,4.30,,2.85,21003
nightlife,5.95,6.36,3.17,,2.75,23331
nightly,5.38,3.61,2.19,,3.14,14627
nightmare,1.79,5.83,2.96,5.68,4.35,2436
nightstand,5.62,4.04,4.81,,2.94,18951
nightstick,3.79,4.81,4.74,,2.63,26447
nighttime,6.18,3.91,3.86,,3.32,11666
nike,5.86,4.71,,,3.01,17381
nimble,6.25,4.50,2.34,3.58,2.78,22564
nimrod,4.21,3.67,2.65,,2.69,24968
nincompoop,5.00,3.21,2.40,,2.93,19207
nine,5.10,3.83,4.04,,4.83,1055
nineteen,5.63,3.86,3.26,,3.52,8802
ninety,4.65,3.28,3.39,,3.45,9744
ninja,5.14,5.61,4.28,,3.41,10231
ninny,4.33,5.42,,,2.95,18526
nintendo,6.80,6.37,4.64,,,
nip,5.25,4.39,3.43,,3.51,8927
nipper,5.43,4.42,,,2.77,22917
nipple,5.73,5.88,4.83,5.73,3.45,9660
nippy,4.79,5.45,2.91,,2.98,17898
nitrate,5.00,4.00,2.96,,3.04,16682
nitro,5.00,4.55,,,3.24,12929
nitrogen,4.60,5.20,3.41,,3.08,15770
nitrous,5.10,5.25,3.08,,2.85,21003
nitwit,3.75,3.96,3.26,,3.09,15637
nix,4.00,3.89,1.82,,3.22,13293
nobility,5.83,4.57,2.81,,3.22,13228
noble,7.16,4.14,1.89,,4.16,3333
nobleman,6.86,4.00,3.85,,2.87,20435
nocturnal,5.29,3.48,2.67,,3.09,15637
nod,5.05,2.92,4.62,,3.60,7905
node,4.84,3.50,4.00,,2.71,24525
noggin,5.63,4.29,4.19,,2.84,21286
noir,5.37,3.59,2.59,,2.92,19434
noise,3.36,5.75,3.52,6.70,4.54,1723
noisy,3.21,5.15,3.56,6.16,3.70,6835
nomad,4.71,3.17,4.10,,2.74,23718
nominal,5.10,3.55,2.26,,2.88,20159
nominate,5.86,3.48,2.96,,2.96,18305
nomination,5.63,4.04,2.85,,3.38,10678
nominee,5.50,4.40,3.90,,2.90,19680
nonchalant,4.58,3.64,1.88,3.23,2.59,27607
nonexistent,3.89,3.81,1.59,,2.94,18951
nonfat,5.74,3.57,3.11,,2.71,24525
nonfiction,5.95,3.85,3.50,,2.61,27018
nonsense,4.00,4.52,2.38,5.72,4.45,2009
nonviolent,6.84,3.95,2.50,,2.81,21885
noodle,6.48,3.09,4.71,,3.47,9519
nook,6.33,2.80,4.37,,3.03,16856
noon,5.38,2.87,2.67,5.88,4.26,2867
noose,2.43,5.38,4.52,4.41,3.34,11241
norm,5.56,3.06,2.11,4.67,3.52,8775
normal,6.17,2.29,1.40,,4.85,1012
normalcy,4.84,3.15,1.77,,2.61,27018
north,5.72,2.15,4.14,,4.80,1097
northbound,5.45,4.80,3.56,,2.81,21885
northeast,5.50,3.65,3.83,,3.51,8956
northern,5.65,3.17,3.13,,3.85,5484
northwest,5.81,2.71,3.59,,3.60,7877
northwestern,5.39,3.05,2.93,,3.21,13394
nose,5.50,3.10,4.89,6.40,4.84,1024
nosebleed,3.16,5.27,4.43,,2.92,19434
nostalgia,6.65,4.38,1.83,,2.89,19918
nostalgic,6.68,4.37,1.88,,3.01,17381
nostril,3.58,3.43,4.89,,2.85,21003
nosy,3.10,4.65,2.07,,3.45,9660
notable,5.95,3.45,2.00,,2.80,22203
notary,5.43,3.23,3.69,,2.85,21003
notch,5.32,2.95,4.23,,3.52,8775
note,5.78,3.33,4.61,5.85,4.73,1241
notebook,6.05,3.58,4.92,6.12,3.66,7223
nothingness,2.79,3.25,1.74,,2.94,18951
notice,5.94,3.38,3.30,5.35,4.77,1161
noticeable,5.86,4.25,2.29,,2.95,18526
notification,5.24,4.50,3.34,,2.80,22203
notify,4.90,3.13,3.04,,3.86,5435
notion,5.86,4.25,1.93,4.60,3.82,5765
notoriety,5.68,5.23,2.00,,2.67,25460
notorious,4.19,4.68,1.63,,3.57,8265
noun,5.22,2.37,3.15,5.81,2.74,23718
nourish,7.50,3.85,2.26,5.46,2.65,25937
nourishment,7.44,3.10,2.97,5.03,3.09,15637
nouveau,5.90,3.10,,,2.75,23331
novel,5.74,3.41,4.21,5.97,4.00,4362
novelist,6.10,3.95,4.07,,3.08,15770
novelty,5.82,5.04,2.21,,3.23,13116
novice,5.10,4.00,2.68,4.27,2.92,19434
nuance,5.47,4.55,1.85,,2.63,26447
nuclear,4.30,7.30,2.97,,4.28,2754
nucleus,5.59,3.65,3.48,5.15,2.95,18526
nude,6.10,5.86,4.28,5.41,3.77,6158
nudge,5.67,4.33,4.47,,3.06,16358
nudie,4.50,6.00,,,2.99,17712
nudist,6.00,6.05,4.66,,2.82,21557
nudity,6.48,6.15,4.13,,3.25,12772
nugget,6.29,3.32,4.45,4.88,3.08,15898
nuisance,3.00,4.70,2.19,5.15,3.51,8956
nuke,3.67,5.00,4.00,,3.38,10715
null,4.32,3.05,1.79,,2.74,23718
numb,3.79,2.50,3.10,,3.69,6979
number,5.59,3.50,3.30,,5.38,414
numbskull,3.65,4.00,2.08,,2.61,27018
numerical,5.00,2.76,3.07,,2.61,27018
numerous,5.35,3.39,2.57,,3.56,8421
nun,5.79,2.43,4.92,4.69,3.84,5555
nunchucks,5.70,4.70,,,,
nunnery,4.25,2.78,3.50,,2.67,25460
nuptials,5.63,4.55,3.15,2.85,2.78,22564
nurse,5.41,4.64,4.39,6.24,4.65,1430
nursemaid,5.38,3.83,4.50,,2.75,23331
nursery,6.10,4.29,4.48,5.55,3.61,7807
nursing,6.39,3.57,3.76,,3.80,5907
nurture,7.14,4.12,2.24,4.88,2.87,20435
nut,5.44,4.24,4.52,6.34,4.19,3187
nutcase,2.81,3.76,2.93,,3.12,14978
nutcracker,5.45,4.84,4.81,,2.86,20727
nuthouse,3.40,4.33,3.79,,2.96,18305
nutmeg,5.76,3.24,4.69,4.53,2.86,20727
nutrition,6.86,4.48,2.82,5.71,2.98,17898
nutritional,6.83,3.40,2.31,,2.61,27018
nutritious,7.09,4.38,2.45,5.76,2.95,18526
nutshell,5.05,3.95,4.29,,2.98,17898
nutty,5.35,4.72,3.45,,3.55,8442
nylon,4.90,3.61,4.70,4.12,3.14,14727
nylong,4.95,4.24,,,,
nylons,5.52,3.14,,,3.10,15382
nymph,5.42,5.32,3.58,3.09,2.88,20159
nymphomaniac,4.95,5.17,3.04,,2.74,23718
o'doul's,4.50,2.71,,,,
oaf,3.50,2.95,3.65,,3.00,17531
oak,6.47,2.64,4.82,5.11,3.75,6380
oar,5.15,2.72,4.84,,2.93,19207
oasis,8.00,4.95,4.44,,3.29,12112
oat,5.67,2.82,5.00,,2.74,23718
oath,6.40,4.00,2.79,4.67,4.00,4410
oatmeal,5.47,3.10,4.93,,3.52,8802
obedience,4.63,3.29,2.29,6.00,3.24,12929
obedient,6.05,2.82,1.93,5.48,3.30,11968
obese,2.32,3.95,3.70,6.06,2.71,24525
obesity,2.81,4.63,3.24,6.00,2.63,26447
obey,5.13,4.10,2.67,5.31,3.95,4718
obituary,3.10,5.04,4.18,,3.13,14853
object,5.52,4.08,3.66,6.29,4.41,2186
objection,3.83,4.48,2.29,,4.34,2485
objective,5.55,4.38,2.00,5.61,3.85,5517
objectivity,5.63,4.09,1.48,,2.88,20159
obligation,4.68,5.76,2.04,,3.83,5669
obligatory,3.94,3.60,1.58,,2.63,26447
oblige,5.19,3.74,1.73,5.09,3.35,11139
oblique,4.57,3.18,3.15,,2.67,25460
oblivion,3.95,4.38,1.37,3.97,3.30,11908
oblivious,4.50,3.50,1.93,4.84,3.03,16856
obnoxious,2.76,5.95,2.25,4.56,3.55,8526
obscene,3.10,5.24,1.87,4.33,3.54,8614
obscenity,3.41,6.11,2.31,4.66,3.02,17010
obscure,5.15,3.10,2.00,5.00,3.42,10178
obscurity,4.64,3.28,1.63,,2.74,23718
observant,6.37,4.05,2.41,,3.09,15637
observation,5.61,3.23,2.12,5.66,3.87,5301
observatory,5.36,4.61,4.48,,3.01,17381
observe,5.30,4.25,2.63,5.73,3.99,4443
observer,5.00,4.50,3.88,,3.57,8301
obsess,3.23,4.95,2.14,5.51,2.80,22203
obsessed,4.86,4.46,2.04,,4.01,4283
obsession,4.38,5.64,1.70,5.66,3.75,6337
obsessive,3.35,6.14,2.03,5.70,3.25,12695
obsolete,3.53,3.27,2.10,,3.29,12112
obstacle,4.38,4.60,3.48,5.26,3.42,10178
obstinate,3.81,4.43,1.79,,2.96,18305
obstruct,3.61,4.29,2.46,,2.78,22564
obstruction,3.75,3.68,3.73,,3.38,10678
obtain,5.11,3.67,3.00,,3.57,8234
obvious,5.33,3.65,2.07,6.23,4.47,1952
occasion,6.45,4.79,2.52,5.71,4.22,3047
occasional,5.50,2.45,1.85,,3.59,8000
occipital,4.45,4.14,,,2.86,20727
occult,3.50,4.63,2.59,,3.20,13601
occupant,5.19,3.17,3.50,,2.92,19434
occupation,4.77,4.33,3.68,5.50,3.62,7738
occupational,6.18,4.32,2.07,,3.18,14005
occupy,4.86,4.27,3.32,4.81,3.40,10484
occur,6.26,3.57,1.84,5.44,3.87,5308
occurrence,4.94,4.10,2.57,4.47,3.08,15898
ocean,7.39,3.50,4.86,6.00,4.48,1918
oceanic,7.45,4.26,2.83,,2.80,22203
octopus,6.00,5.10,5.00,4.85,3.29,12042
ocular,4.86,4.00,2.89,,2.63,26447
odd,4.56,4.26,1.70,5.94,4.38,2310
oddball,6.17,3.55,2.74,,2.84,21286
odds,5.32,4.39,2.24,,4.28,2751
ode,5.75,2.81,2.91,,2.92,19434
odor,3.00,5.05,3.52,,3.37,10828
odyssey,5.70,4.83,2.64,,2.95,18526
oedipal,3.95,3.50,,,2.63,26447
offence,3.40,4.29,3.07,6.06,3.73,6578
offend,3.29,4.81,1.68,5.50,3.72,6687
offender,3.25,4.52,3.88,,3.44,9821
offense,4.05,4.67,2.03,,4.22,3058
offensive,3.80,4.95,2.10,5.62,3.81,5855
offer,5.67,3.50,2.23,,4.87,963
office,4.54,3.05,4.93,6.19,5.31,476
officer,4.91,4.38,4.80,5.51,5.01,740
official,5.75,4.04,2.54,,4.38,2317
offset,4.79,4.05,2.75,,2.77,22917
offshore,4.95,3.50,3.65,,3.36,11038
offspring,5.89,4.65,3.93,,3.41,10274
ogre,3.57,5.19,3.97,,3.15,14512
oil,3.91,4.25,4.93,6.15,4.61,1530
oily,4.14,4.53,3.83,,2.99,17712
oink,5.21,3.73,3.24,,3.04,16682
ointment,4.81,2.86,4.50,,3.22,13293
okra,5.55,3.27,4.78,,2.72,24116
old,3.19,4.48,2.72,,5.78,195
olden,5.25,3.17,,,3.03,16856
oldie,5.41,3.78,2.57,,2.67,25460
oldies,5.53,4.18,,,2.85,21003
olive,6.05,3.92,4.90,5.53,3.87,5349
omega,5.50,4.65,3.08,,3.18,14005
omelet,6.25,3.89,4.93,,3.38,10715
omen,3.77,4.52,2.69,,3.24,12929
ominous,3.95,5.57,1.93,,3.13,14853
omission,4.71,2.82,1.89,4.18,2.61,27018
onboard,5.10,3.95,3.39,,3.68,7120
oncologist,3.45,3.71,3.96,,2.95,18731
oncology,3.32,5.80,3.00,,2.80,22203
oncoming,4.68,4.06,2.63,,2.65,25937
one,6.09,2.67,3.97,,6.49,59
oneness,6.40,3.19,1.96,,2.63,26447
ongoing,4.79,4.24,1.88,,3.34,11241
onion,5.37,4.95,4.86,6.71,3.63,7610
onset,4.35,4.39,2.14,,2.94,18951
onstage,5.48,4.48,3.80,,3.31,11732
oodles,5.74,5.09,,,2.67,25460
oomph,5.52,4.27,1.52,,2.82,21557
ooze,3.57,5.00,4.00,,2.74,23718
op,5.21,3.24,,,3.57,8301
opal,6.00,3.14,4.42,,3.02,17194
open,6.14,4.43,3.21,6.58,5.51,330
opener,6.00,3.00,3.81,,3.53,8698
opening,5.95,4.60,3.79,5.90,4.58,1596
openness,6.52,4.37,1.90,,2.61,27018
opera,5.68,3.84,4.28,,4.23,2969
operate,5.37,4.62,3.00,,4.13,3534
operation,2.94,5.71,3.44,,4.64,1457
operational,5.60,4.32,2.38,,3.58,8105
operative,5.90,4.36,2.64,,3.51,8887
operator,4.85,2.67,4.21,,4.21,3068
opiate,5.35,5.06,4.17,,2.61,27018
opinion,6.38,4.53,1.93,6.32,4.62,1507
opinionated,5.57,3.95,1.48,,2.74,23718
opium,3.42,3.65,4.56,3.12,3.35,11092
opponent,4.42,5.50,3.52,,3.67,7139
opportunity,7.10,5.50,1.88,6.26,4.61,1531
oppose,4.21,5.17,2.52,4.97,3.34,11315
opposing,3.85,4.25,2.34,,3.43,9962
opposite,4.77,3.43,1.79,,4.18,3249
opposition,3.21,4.50,2.25,4.91,3.48,9255
oppressed,3.10,5.05,1.89,,3.11,15245
oppression,2.67,4.57,2.00,,3.18,14005
oppressive,3.05,6.24,1.64,,2.97,18107
oppressor,2.81,5.48,2.76,,2.72,24116
ops,5.05,4.21,,,3.62,7660
opt,4.85,2.44,2.37,,2.61,27018
optic,5.60,3.48,3.46,,3.02,17194
optical,5.15,3.44,2.86,,3.05,16508
optics,6.37,3.05,3.29,,2.86,20727
optimism,7.21,4.95,1.48,6.07,3.19,13696
optimist,7.19,4.43,1.90,5.76,3.19,13804
optimistic,7.45,4.19,2.00,5.97,3.53,8698
optimum,7.38,5.21,1.76,,2.82,21557
option,6.37,3.19,2.39,6.09,4.16,3360
optional,5.76,2.59,1.90,,3.06,16177
oracle,6.16,3.62,2.88,,3.35,11092
oral,4.95,4.33,3.45,5.33,3.64,7523
orange,6.81,4.04,4.66,6.27,4.35,2444
orange juice,6.62,3.95,4.80,,,
orangutan,5.74,4.87,4.81,4.70,2.77,22917
orb,5.00,4.26,4.12,,3.44,9821
orbit,5.95,4.26,3.93,4.47,3.75,6359
orbital,5.50,4.24,3.11,,3.10,15382
orchard,6.15,3.86,4.75,4.20,3.29,12112
orchestra,6.50,4.07,4.79,5.39,3.74,6462
orchid,7.00,4.11,4.92,,3.34,11315
ordeal,3.84,5.14,2.04,4.94,3.38,10715
order,5.82,3.19,2.79,,5.19,569
orderly,6.36,5.05,2.77,,3.64,7463
ordinance,4.75,3.95,2.90,,3.23,13008
ordinary,5.05,2.86,1.79,6.03,4.28,2741
ordnance,4.52,2.84,2.96,,2.97,18107
ore,5.78,2.85,4.48,,3.22,13228
oregano,6.11,3.70,4.81,,2.93,19207
organ,4.95,3.41,4.77,5.59,3.86,5405
organic,5.55,4.29,2.68,,3.64,7523
organism,6.00,3.48,4.16,5.49,3.31,11732
organist,5.67,2.25,4.00,,2.61,27018
organization,5.71,3.09,3.00,,4.12,3594
organize,6.75,4.05,2.72,,3.64,7523
organizer,6.35,3.17,3.58,,2.65,25937
orgasm,8.01,7.19,3.97,5.73,3.62,7679
orgy,5.37,7.30,3.67,,3.24,12929
oriental,6.26,3.18,3.50,,3.42,10135
orientation,6.00,3.38,2.43,,3.39,10593
orifice,4.48,3.17,4.36,,2.78,22564
origami,5.95,2.87,4.38,,2.89,19918
origin,5.19,3.70,2.03,5.51,3.65,7383
original,7.50,4.40,2.07,,4.45,2021
originality,6.94,5.00,1.86,,2.78,22564
ornament,6.63,3.32,4.04,4.36,3.06,16177
ornery,3.85,4.19,2.00,,3.08,15898
orphan,2.90,3.24,4.04,,3.76,6273
orphanage,2.95,3.12,4.65,,3.73,6578
orphaned,2.55,4.60,3.18,,2.61,27018
orthodontist,4.38,4.90,4.43,,2.71,24525
orthodox,3.95,3.14,1.68,,3.02,17010
orthopedic,4.32,3.78,2.58,,2.72,24116
ostentatious,5.05,5.25,2.31,,2.71,24525
ostrich,5.16,3.87,4.71,4.92,2.98,17898
other,5.41,3.48,2.04,6.32,5.87,169
otter,6.95,4.42,4.86,5.21,3.14,14727
ought,5.00,3.00,1.43,,4.91,906
ounce,5.65,3.77,3.86,4.58,3.61,7830
outage,3.86,3.92,2.83,,2.63,26447
outback,5.30,3.72,3.56,,2.97,18107
outbid,4.86,5.15,3.07,,2.63,26447
outboard,5.15,3.43,4.07,,2.75,23331
outbreak,2.47,5.38,3.04,4.88,3.29,12042
outburst,4.15,6.33,2.76,,3.17,14196
outcast,2.86,5.17,2.62,5.44,3.12,14978
outcome,5.62,3.68,2.27,5.38,3.60,7959
outdated,3.63,3.76,2.33,,2.92,19434
outdo,4.95,5.43,1.59,,2.72,24116
outdoor,7.33,3.55,3.93,,3.26,12485
outdoors,6.91,3.94,4.61,5.90,3.33,11528
outer,5.19,3.27,3.74,,3.96,4673
outfit,6.05,4.19,4.12,,4.40,2238
outgoing,6.89,5.71,2.30,,3.25,12695
outgrow,4.40,3.78,2.88,,2.63,26447
outhouse,4.19,3.43,4.89,,2.88,20159
outing,6.09,5.52,2.72,,3.01,17381
outlaw,4.10,6.00,3.61,,3.47,9479
outlet,5.45,3.50,4.31,,3.30,11850
outline,5.10,2.62,3.61,,3.31,11732
outlive,5.52,4.39,2.15,,3.06,16358
outlook,6.15,3.43,1.97,5.30,3.31,11792
outnumber,3.86,4.45,2.50,,2.89,19918
outpatient,4.14,3.35,3.24,,2.80,22203
outpost,4.67,3.05,4.04,,3.12,14978
output,4.85,3.67,2.48,4.81,3.15,14512
outrage,2.97,6.52,2.45,5.44,3.50,9099
outraged,3.21,5.65,2.28,,3.12,15104
outrageous,4.19,5.35,1.80,,3.80,5907
outrank,4.40,4.14,2.36,,2.78,22564
outreach,4.94,3.95,2.57,,2.69,24968
outrun,6.26,5.62,2.88,,3.29,12042
outsider,4.30,3.52,2.33,4.88,3.38,10715
outskirts,5.00,3.75,3.17,,2.88,20159
outsmart,5.80,5.30,2.23,,2.89,19918
outspoken,6.16,5.36,2.43,,2.71,24525
outstanding,7.10,4.04,1.75,4.97,3.87,5301
outstretched,5.19,4.14,3.30,,2.61,27018
outweigh,4.19,3.95,2.63,,2.69,24968
outwit,5.30,4.04,1.97,,2.78,22564
oval,5.14,3.50,4.04,4.85,3.14,14727
ovary,5.23,3.67,4.18,,2.72,24116
ovation,5.21,5.32,3.45,,2.95,18526
oven,6.16,2.95,4.97,6.40,3.95,4741
overactive,5.19,5.12,2.39,,2.61,27018
overall,5.17,2.95,1.76,,3.51,8956
overbearing,3.65,5.10,1.96,,2.99,17712
overcast,4.35,3.83,4.04,5.26,2.69,24968
overcoat,5.43,3.10,4.50,,3.17,14196
overcome,6.81,5.75,2.28,,3.79,5986
overcrowded,2.55,5.39,3.81,,2.67,25460
overdo,3.61,4.60,2.19,,3.21,13394
overdose,2.67,4.92,2.83,4.64,3.43,10007
overdrive,5.43,5.16,2.96,,2.77,22917
overdue,3.39,4.62,2.86,,3.47,9519
overestimate,5.33,3.52,1.70,,2.67,25460
overflow,4.76,4.25,3.72,,2.99,17712
overgrown,3.29,4.29,3.28,,2.99,17712
overhaul,5.23,3.92,2.97,,2.69,24968
overhear,3.89,4.27,2.40,,3.02,17010
overheated,3.63,5.43,3.32,,2.67,25460
overjoyed,7.17,5.57,2.50,,2.87,20435
overkill,3.35,6.00,2.32,,2.77,22917
overlap,3.95,2.83,3.07,,2.77,22917
overlapping,4.90,3.50,3.27,,2.96,18305
overlay,4.58,3.18,3.30,,2.80,22203
overload,3.64,4.96,2.69,,3.26,12629
overlook,4.30,3.78,2.41,,3.47,9519
overlord,3.73,4.78,3.61,,2.63,26447
overpass,4.77,4.00,4.11,,2.71,24525
overpower,4.14,4.96,2.59,,2.78,22564
overpriced,3.05,4.55,2.74,,2.94,18951
overprotective,3.16,4.37,2.31,,2.80,22203
overrated,3.65,5.40,1.63,,3.43,10048
overreact,3.59,5.23,2.11,,3.16,14304
override,4.33,3.35,2.58,,3.71,6724
overriding,4.38,4.65,1.89,,2.61,27018
overrun,3.14,4.56,2.68,,3.23,13116
oversee,5.68,3.65,2.82,,3.13,14853
overseer,4.71,5.30,3.73,,2.63,26447
oversight,3.60,4.45,1.57,,3.17,14196
oversized,4.40,3.65,2.93,,2.97,18107
overtake,3.95,4.36,2.63,,2.87,20435
overthrow,3.71,4.78,2.35,,3.14,14727
overtime,4.80,5.71,2.80,,3.80,5963
overture,5.33,4.29,3.08,,3.12,15104
overview,4.85,3.18,3.28,,2.65,25937
overweight,3.14,3.91,3.57,,3.26,12485
overwhelm,3.30,4.36,1.42,,2.85,21003
overwhelmed,2.80,4.90,1.92,,3.60,7959
overwhelming,3.89,4.86,1.78,,3.69,6935
overworked,1.90,4.42,2.58,,3.00,17531
overwrought,3.52,4.56,2.28,,2.85,21003
overzealous,5.16,5.90,1.88,,2.77,22917
owe,3.56,4.67,2.07,,4.87,968
owl,6.30,3.57,4.93,6.16,3.75,6380
owner,6.38,4.71,3.78,6.03,4.37,2374
ownership,5.85,4.41,2.42,4.94,3.36,10983
ox,4.95,3.82,4.86,,3.89,5155
oxide,5.53,2.91,3.87,,3.08,15770
oxygen,7.25,4.90,3.66,6.15,4.14,3453
oyster,4.81,3.11,4.85,4.91,3.49,9225
ozone,5.05,4.17,3.50,,3.33,11377
pace,5.00,3.00,3.11,,3.98,4516
pacemaker,4.90,4.36,4.68,,2.88,20159
pacifier,5.52,3.20,4.61,,2.61,27018
pacifist,4.78,3.17,2.44,3.97,2.85,21003
pacify,5.67,2.55,2.04,,2.61,27018
pack,5.55,4.10,3.83,5.28,4.64,1462
package,5.17,4.73,4.72,5.80,4.36,2409
packaging,5.15,3.30,4.44,,2.94,18951
packer,4.90,4.23,3.96,,2.65,25937
packet,5.16,3.62,4.46,6.10,3.40,10367
pact,5.00,3.73,2.52,4.56,3.58,8185
pad,5.14,3.96,4.43,,3.91,4999
padded,5.14,2.87,4.21,,3.04,16682
padding,5.25,2.76,4.52,,2.99,17712
paddle,5.38,4.17,4.80,,3.58,8210
paddle boat,5.85,3.05,,,,
padlock,4.80,3.33,4.92,5.07,2.85,21003
padre,5.84,3.57,4.60,,3.63,7629
pagan,5.00,5.25,2.73,,3.14,14727
page,6.09,3.45,4.90,6.41,4.57,1624
pageant,5.00,4.42,4.00,,3.68,7065
pager,3.80,3.73,4.57,,3.46,9549
paging,4.71,4.60,3.42,,3.31,11732
pagoda,5.60,4.50,4.67,,3.05,16508
pail,4.50,2.24,4.93,2.64,2.98,17898
pain,2.00,6.27,3.50,6.23,4.99,771
painful,2.58,5.52,3.43,6.31,4.18,3257
painkiller,5.43,3.39,4.18,,2.74,23718
painless,7.40,4.10,2.29,,3.29,12042
paint,5.74,4.50,4.79,6.07,4.57,1649
paintball,5.22,5.19,4.79,,2.88,20159
paintbrush,6.18,3.33,4.79,5.91,2.74,23718
painter,6.60,3.29,4.52,5.97,3.83,5669
painting,6.90,3.25,4.59,,4.47,1973
pair,5.95,3.35,3.88,6.23,4.57,1634
paisley,5.60,3.83,,,2.81,21885
pajama,6.86,4.37,4.85,,3.11,15245
pal,6.67,3.25,3.93,,4.76,1184
palace,6.10,4.67,4.57,4.76,4.28,2725
palate,5.89,2.75,3.73,,3.00,17531
pale,4.11,3.18,3.79,5.17,3.90,5049
paleontology,5.82,3.90,3.20,,2.63,26447
palette,5.14,3.30,4.30,,2.77,22917
pallet,4.73,4.05,4.59,,2.63,26447
palm,6.05,2.67,4.83,,4.12,3562
palomino,5.64,4.26,,,2.71,24525
palpable,4.85,4.59,2.52,,2.63,26447
pamper,7.11,4.38,2.63,,2.72,24116
pamphlet,4.37,2.70,4.61,4.36,3.08,15898
pan,5.15,3.05,4.86,5.85,4.09,3774
pancake,7.71,4.00,4.86,5.79,3.60,7931
pancakes,7.43,3.33,,,3.98,4499
pancreas,4.14,2.74,4.79,,2.90,19680
panda,7.55,4.05,4.75,5.38,3.33,11461
pandemonium,4.40,6.15,2.24,,2.82,21557
pane,4.95,3.57,3.86,,2.69,24968
panel,4.81,2.92,4.26,,3.86,5382
pang,4.94,4.50,2.70,,3.21,13489
panhandle,4.05,3.26,3.75,,2.61,27018
panic,2.56,6.40,3.04,5.97,4.34,2476
panicky,3.84,7.00,2.41,,3.05,16508
pansy,4.10,3.96,3.89,,3.29,12042
pant,5.33,3.90,4.38,,2.99,17712
pantheon,5.90,4.85,,,2.63,26447
panther,6.10,5.45,4.93,4.77,3.41,10231
panties,6.38,5.65,4.90,,3.91,5006
pantry,5.38,4.00,4.67,,3.25,12772
pants,5.62,3.80,4.86,,4.77,1172
panty,5.94,5.00,4.59,,3.02,17010
pantyhose,5.50,4.08,5.00,,3.24,12929
pap,4.71,3.52,,,3.12,15104
papa,7.00,4.40,4.43,,4.63,1488
papaya,6.43,4.40,4.87,,3.05,16508
paper,5.42,3.52,4.93,6.60,5.01,739
paperback,6.50,4.84,4.57,,2.67,25460
paperboy,5.41,3.19,4.86,,2.65,25937
paperweight,5.05,3.38,4.78,,2.63,26447
paperwork,4.25,4.10,4.63,,4.02,4254
paprika,6.40,4.09,5.00,,2.92,19434
par,4.85,2.94,2.26,,3.70,6895
parachute,5.20,4.94,4.78,5.55,3.50,9025
parade,6.37,4.80,4.54,5.12,4.11,3634
paradigm,5.55,4.71,1.73,,2.87,20435
paradise,7.00,4.82,2.72,5.09,4.12,3558
paradox,5.40,5.00,1.54,4.03,3.11,15245
paraffin,5.10,3.11,,,2.65,25937
paragraph,5.40,3.26,3.96,6.34,3.45,9660
parakeet,6.65,4.50,4.90,,3.04,16682
paralegal,4.52,3.28,4.33,,3.00,17531
parallel,5.29,2.87,3.16,,3.64,7447
paralysis,2.90,5.07,3.52,4.76,3.30,11968
paralyze,2.52,4.47,3.41,,2.69,24968
paramedic,5.16,4.90,4.74,,3.33,11528
paramedics,5.05,4.67,4.37,,3.70,6868
paramilitary,3.82,4.05,3.15,,2.61,27018
paranoia,2.60,5.57,1.74,,3.43,10007
paranoid,2.90,5.09,1.77,5.21,4.03,4186
paranormal,4.05,4.42,2.60,,3.12,14978
paraphernalia,5.11,5.18,3.67,,2.80,22203
paraplegic,2.85,3.82,4.00,,2.69,24968
parasite,1.90,5.65,4.34,4.85,3.40,10484
parasitic,1.95,4.82,2.63,,2.69,24968
parasol,5.57,3.50,,,2.72,24116
parcel,5.45,4.18,4.81,6.03,3.15,14512
parched,3.30,4.91,3.21,,3.06,16177
parchment,5.48,2.90,4.48,,2.89,19918
pardon,5.50,2.80,2.24,,4.81,1086
parent,6.73,4.14,4.56,,4.12,3587
parental,6.21,2.73,2.69,,3.32,11666
parenthood,6.05,6.00,2.55,,2.90,19680
parenting,7.24,4.92,2.55,,3.42,10088
pariah,3.71,3.65,3.33,,2.61,27018
parish,4.00,3.45,3.81,3.65,3.48,9293
park,7.00,2.70,4.74,6.22,4.86,990
parka,5.84,2.72,4.65,,2.80,22203
parking,4.57,3.80,3.85,,4.43,2095
parkinsons,2.09,4.76,,,,
parlay,5.15,3.29,2.57,,2.84,21286
parliament,4.90,2.81,3.76,,3.35,11092
parlor,5.85,2.71,4.28,,3.77,6134
parmesan,7.00,4.22,4.67,,3.06,16358
parody,5.75,4.76,2.56,,2.86,20727
parole,3.25,4.91,2.66,3.97,4.02,4243
parrot,6.79,4.65,5.00,5.10,3.52,8847
parsley,6.26,2.77,4.77,5.77,2.94,18951
part,4.77,3.36,3.29,5.81,5.42,384
partake,5.79,4.30,2.19,,2.99,17712
partial,5.29,3.80,2.31,4.61,3.69,7017
participant,5.32,3.29,3.38,,2.78,22564
participate,5.50,4.44,2.59,,3.64,7447
participation,6.15,3.55,2.86,,3.30,11908
particle,5.24,4.74,3.78,,3.26,12629
particular,5.05,3.90,2.23,5.70,4.45,2041
parting,3.95,4.81,2.79,,3.36,10983
partition,4.00,3.10,3.72,,2.71,24525
partner,7.11,3.70,3.53,,4.88,959
partnership,6.50,3.73,2.82,,3.72,6625
partridge,5.95,3.15,4.00,,3.53,8698
party,7.18,6.08,3.89,6.47,5.37,429
pass,5.73,4.38,2.71,6.03,5.03,715
passage,5.88,3.35,3.80,4.80,3.88,5212
passageway,5.58,4.45,4.67,4.82,3.08,15898
passenger,4.55,3.82,4.34,,4.03,4154
passion,7.53,6.08,2.30,6.03,4.30,2672
passionate,7.17,6.33,1.48,5.79,3.78,6096
passive,4.84,3.55,2.26,5.12,3.34,11241
passkey,5.37,3.39,4.19,,2.77,22917
passport,6.00,4.35,5.00,,4.02,4234
password,5.50,3.71,3.83,,3.90,5070
past,5.09,4.71,1.70,,5.09,651
pasta,7.08,3.97,4.86,6.70,3.63,7610
paste,4.95,2.62,4.45,5.64,3.24,12929
pastime,5.94,2.75,2.50,,2.92,19434
pastor,5.35,3.91,4.37,,3.63,7548
pastrami,6.38,3.68,4.74,,2.99,17712
pastry,6.90,4.95,4.97,5.76,3.29,12112
pasture,6.15,3.14,4.78,,3.19,13804
pasty,3.94,3.39,3.45,,2.80,22203
patch,5.11,2.84,4.70,5.31,4.24,2939
patent,5.34,3.64,3.32,4.26,3.40,10484
patented,5.05,3.60,2.54,,2.92,19434
paternal,5.86,3.27,2.29,,2.92,19434
paternity,5.81,3.95,2.59,,2.99,17712
path,5.71,3.74,4.41,6.36,4.39,2276
pathetic,3.11,3.56,1.97,,4.38,2300
pathological,2.71,3.50,1.88,,3.17,14097
pathologist,4.20,3.74,4.27,,2.92,19434
pathology,3.91,4.15,2.41,,3.16,14304
pathway,6.05,2.77,4.28,,3.06,16177
patience,6.62,3.16,1.66,,4.19,3230
patient,6.71,2.77,2.50,5.79,4.80,1099
patio,6.61,2.55,4.89,,3.42,10135
patriot,5.80,4.86,3.36,4.31,3.42,10135
patriotic,6.60,4.55,1.90,,3.37,10772
patriotism,6.55,3.89,2.00,,3.22,13228
patrol,4.04,4.26,3.86,4.88,4.19,3207
patrolman,4.63,4.57,4.67,,3.09,15637
patron,5.70,2.91,3.72,3.86,3.49,9160
patronize,3.48,3.15,1.79,,3.20,13601
patronizing,3.11,5.67,1.54,,3.05,16508
patter,5.79,3.50,2.93,,2.86,20727
pattern,5.53,3.14,3.92,,4.16,3352
pauper,3.95,3.33,3.80,,2.71,24525
pause,5.53,2.57,2.38,5.87,3.73,6549
pave,5.61,2.74,4.03,,2.61,27018
pavement,5.50,2.64,4.72,,3.31,11792
pavilion,6.10,3.04,4.59,,2.99,17712
paw,5.43,4.09,4.30,,3.50,9128
pawn,3.90,4.29,3.90,,3.64,7504
pawnshop,4.63,4.15,4.86,,2.92,19434
pay,6.23,4.24,3.54,,5.41,390
payable,6.75,3.95,2.46,,2.88,20159
payback,5.09,5.85,2.55,,3.58,8105
paycheck,7.48,6.77,4.41,,3.63,7574
payday,7.95,6.81,3.36,,3.40,10367
payload,5.42,5.36,3.82,,2.80,22203
payment,5.16,4.44,3.91,6.37,4.02,4214
payoff,6.50,6.22,2.74,,3.35,11139
payout,6.58,5.84,3.15,,2.63,26447
payphone,5.11,2.60,4.79,,2.86,20727
payroll,6.19,3.82,3.70,4.65,3.70,6835
pea,6.00,2.41,4.90,5.87,3.59,8000
peace,7.75,4.65,1.62,5.88,4.84,1028
peaceful,8.00,4.38,2.27,6.16,4.05,4041
peacekeeper,6.79,4.00,3.30,,2.63,26447
peacetime,6.70,2.57,2.44,,2.65,25937
peach,6.83,4.70,4.90,6.12,3.80,5893
peachy,6.47,4.70,2.43,,3.32,11666
peak,6.10,3.90,4.20,,3.77,6134
peanut,6.38,3.48,4.89,5.91,4.09,3756
peanuts,5.63,3.86,4.90,,3.88,5250
pear,6.70,3.76,4.93,5.85,3.13,14853
pearl,6.05,3.50,4.87,5.25,4.19,3180
pearly,6.43,3.45,3.28,,3.01,17381
peas,6.10,2.95,,6.20,3.67,7197
peasant,4.62,4.00,3.96,,3.61,7859
pebble,5.72,2.85,4.86,5.53,3.11,15245
pecan,6.63,3.52,4.87,3.23,2.98,17898
pecker,4.81,4.50,4.23,,3.26,12560
peculiar,4.68,4.05,1.95,4.91,3.88,5250
pedal,5.16,3.89,4.44,,3.31,11732
peddle,4.89,3.52,4.04,4.74,3.03,16856
peddler,3.77,4.83,4.52,,2.78,22564
pedestal,5.81,3.18,4.48,,3.12,14978
pedestrian,5.21,3.71,4.41,,3.15,14512
pediatric,5.75,3.78,2.63,,3.20,13601
pediatrician,6.95,4.29,4.57,,3.16,14406
pediatrics,5.29,2.42,2.97,,2.74,23718
pedicure,6.14,3.78,4.36,,2.95,18731
pedigree,6.33,4.09,2.79,,2.89,19918
pedophile,1.26,5.05,3.37,,3.14,14727
pee,4.50,3.32,4.72,,4.26,2865
peek,5.37,4.29,3.62,5.09,3.73,6595
peekaboo,6.28,3.84,3.23,,3.06,16358
peel,4.68,3.71,4.61,5.75,3.73,6578
peep,4.42,4.30,3.37,4.66,3.65,7406
peeper,2.89,5.41,3.54,,2.97,18107
peephole,4.29,5.39,4.74,,2.69,24968
peer,5.64,4.05,3.83,4.97,3.19,13804
peeved,3.55,5.50,2.35,,2.67,25460
pelican,6.21,3.55,4.96,,3.25,12772
pellet,4.65,3.80,4.56,,3.12,14978
pelvic,5.42,3.73,3.74,,3.19,13804
pelvis,5.33,4.20,4.93,5.39,3.31,11792
pen,5.63,2.75,4.92,6.66,4.39,2267
penal,3.55,3.44,2.35,,3.12,15104
penalty,2.80,3.89,2.86,5.10,3.96,4664
penance,4.77,3.89,1.52,,3.16,14304
penchant,5.47,4.71,,,2.74,23718
pencil,5.65,3.11,4.88,6.23,3.99,4421
pendant,5.83,4.05,4.75,,2.96,18305
pending,3.79,4.55,2.15,,3.53,8672
pendulum,5.17,2.77,4.69,,2.74,23718
penetrate,5.71,6.08,3.50,,3.46,9588
penetration,5.81,7.25,3.52,,3.16,14406
penguin,6.65,4.00,5.00,5.68,3.46,9549
penicillin,5.67,3.38,4.43,4.81,3.39,10540
penile,4.15,4.86,3.21,,2.74,23718
peninsula,5.95,3.55,4.86,,3.14,14627
penis,5.30,5.90,5.00,5.90,4.13,3527
penitent,4.81,3.80,,,2.74,23718
penitentiary,2.05,6.35,4.42,,3.45,9660
penmanship,5.62,3.04,3.85,,2.75,23331
pennant,5.42,3.20,4.37,,2.88,20159
penniless,2.55,5.76,2.44,,3.10,15529
penny,6.29,5.55,4.83,6.50,4.39,2293
pension,6.19,2.90,3.89,5.18,3.69,7017
pentagram,4.42,3.89,4.74,,2.99,17712
penthouse,6.42,5.74,4.36,4.30,3.66,7303
people,5.70,3.77,4.82,6.55,6.04,127
pep,6.15,4.83,,,3.54,8555
pepper,5.63,4.30,4.59,6.46,3.95,4764
peppermint,6.84,4.52,4.43,,3.15,14512
pepperoni,6.26,3.82,5.00,,3.41,10231
peppy,6.19,5.10,2.24,,2.82,21557
pepsi,6.30,4.58,,,3.27,12417
peptide,4.74,3.00,,,2.65,25937
perceive,5.81,4.43,1.72,5.17,3.17,14196
percent,5.67,3.24,2.70,6.09,4.41,2188
percentage,4.81,2.96,2.90,,3.58,8185
percentile,4.55,4.52,2.97,,2.82,21557
perception,6.05,3.57,2.00,4.88,3.55,8498
perceptive,5.95,4.36,1.89,,3.30,11908
perch,5.35,3.38,4.10,,3.00,17531
percussion,6.53,3.43,3.52,,2.77,22917
perfect,7.19,4.71,1.69,,5.20,563
perfection,6.59,5.55,1.90,,3.73,6549
perfectionist,5.91,5.42,2.82,,2.90,19680
perfecto,7.30,4.04,,,2.61,27018
perform,6.48,5.15,3.07,5.88,4.21,3112
performance,6.20,5.61,3.04,6.09,4.34,2478
performer,5.75,4.45,4.04,5.50,3.39,10639
perfume,6.58,4.28,4.66,5.61,4.06,3984
perfumed,6.40,4.75,3.79,,2.84,21286
peril,3.19,5.95,2.52,,3.29,12112
perilous,4.57,4.24,1.92,,2.90,19680
perimeter,5.45,3.70,3.46,,3.96,4685
period,3.33,4.20,3.31,5.26,4.44,2045
periodic,4.79,3.55,2.07,,2.63,26447
peripheral,4.95,3.86,3.07,,2.99,17712
periscope,5.21,3.60,4.78,,3.14,14627
perish,2.22,5.19,3.22,,3.42,10178
perjury,2.95,4.68,2.22,3.64,3.36,11038
perk,7.32,5.78,3.03,,3.16,14406
perky,6.00,6.57,3.07,4.79,3.23,13116
perm,5.05,3.19,4.31,,3.01,17381
permanent,5.06,3.82,2.76,5.61,4.08,3813
permissible,5.30,3.30,2.36,,2.67,25460
permission,5.14,4.00,2.27,5.47,4.49,1892
permit,5.26,3.76,3.43,,4.08,3822
peroxide,5.11,3.63,4.93,,3.04,16682
perpetrator,3.52,5.75,3.38,3.72,3.23,13008
perpetual,5.75,3.55,2.30,,3.19,13696
persecute,3.11,5.11,2.53,4.35,2.80,22203
persecution,3.21,6.60,2.43,4.56,3.08,15898
perseverance,6.33,3.41,1.92,,2.87,20435
persist,4.74,3.64,2.59,5.46,3.08,15770
persistence,6.21,5.95,2.21,,2.93,19207
persistent,5.71,5.58,2.23,5.21,3.42,10178
person,6.10,3.71,4.72,6.58,5.33,464
persona,5.37,3.90,2.33,,3.18,14005
personal,6.09,3.57,2.21,6.16,4.96,811
personality,6.14,4.50,2.08,6.41,4.20,3144
personnel,5.37,3.67,3.56,,4.21,3071
perspective,6.21,3.64,2.38,,3.92,4971
perspiration,4.00,3.52,4.81,5.26,2.74,23718
persuade,5.67,3.65,2.07,,3.81,5869
persuasion,5.67,5.16,1.90,,3.30,11968
persuasive,5.84,4.87,2.18,,3.34,11241
pert,4.95,5.41,,,2.71,24525
pertinent,5.24,4.83,1.86,,3.08,15898
perverse,3.52,4.87,1.96,,3.12,15104
perversion,3.55,5.48,2.04,,2.90,19680
pervert,2.45,5.18,2.97,5.44,3.84,5588
perverted,3.26,6.90,2.30,,3.25,12695
pesky,4.15,4.32,2.00,,3.02,17194
pessimist,3.81,4.20,2.54,5.24,2.72,24116
pessimistic,3.90,4.48,1.63,,2.78,22564
pest,2.67,5.14,3.96,5.40,3.46,9588
pester,3.26,5.18,2.76,4.57,2.74,23718
pestilence,2.95,4.23,2.91,,2.78,22564
pestle,4.67,3.00,,,2.80,22203
pesto,5.91,5.58,4.46,,2.71,24525
pet,7.05,3.76,4.71,6.50,4.30,2629
petal,6.68,3.58,4.57,5.71,2.95,18526
petite,5.86,4.78,3.55,,3.03,16856
petition,4.80,3.10,4.12,,3.63,7629
petitioner,5.55,3.83,4.11,,2.69,24968
petrified,3.37,5.17,3.17,,3.24,12846
petrol,4.52,4.04,4.29,5.67,3.20,13601
petroleum,3.95,3.81,4.69,,3.10,15382
petticoat,5.57,3.87,4.68,,2.90,19680
petty,4.40,4.45,2.09,5.19,3.93,4828
petunia,6.22,4.19,4.57,,3.32,11598
pew,5.38,2.41,3.92,,3.02,17010
peyote,4.77,4.58,,,2.89,19918
phantom,4.26,5.23,2.43,3.52,3.61,7787
pharaoh,5.45,4.63,4.43,,3.34,11188
pharmaceutical,4.67,3.35,2.89,,3.31,11732
pharmacist,6.33,4.48,4.03,5.76,3.19,13804
pharmacy,5.05,3.68,4.78,6.03,3.54,8638
phase,5.29,3.96,2.46,5.03,4.09,3761
pheasant,4.95,4.05,4.75,4.24,2.92,19434
phenomenal,7.11,5.35,1.78,5.00,3.37,10883
phenomenon,6.79,5.00,2.26,4.15,3.66,7242
pheromone,5.50,4.96,3.59,,2.63,26447
phi,4.33,3.32,,,2.96,18305
philanthropist,6.57,4.17,2.93,,2.95,18526
philistine,3.52,3.33,,,2.98,17898
philosopher,6.63,3.71,3.63,,3.48,9255
philosophical,6.21,3.50,1.66,,3.21,13489
philosophy,5.48,2.90,2.14,5.24,3.92,4942
phlegm,2.52,4.06,4.48,,2.84,21286
phobia,3.68,6.57,2.10,,3.02,17194
phone,6.09,3.43,4.86,6.88,5.43,376
phonograph,6.14,3.32,4.59,,3.05,16508
phony,2.52,4.40,2.19,,3.92,4952
phooey,3.53,4.41,2.00,,3.07,16056
phosphate,4.74,3.71,4.08,,2.65,25937
phosphorus,4.43,3.91,4.27,,2.84,21286
photo,6.58,4.60,4.93,6.57,4.36,2399
photogenic,6.74,4.36,2.54,,2.78,22564
photograph,6.61,4.57,4.89,,4.06,4007
photographer,6.71,3.58,4.76,5.74,3.96,4658
photographic,6.81,4.19,2.90,,3.28,12186
photography,6.67,3.96,4.10,,3.59,8031
photon,4.90,3.70,3.38,,2.74,23718
phrase,5.50,3.00,2.86,5.44,3.96,4664
physical,5.90,5.50,3.31,6.03,4.43,2084
physical therapist,6.25,2.71,4.62,,,
physician,5.24,3.96,4.65,4.79,3.79,6022
physicist,5.90,3.41,4.26,,3.14,14727
physics,5.53,4.27,3.07,5.24,3.98,4561
physiological,4.76,5.04,1.93,,2.81,21885
physiology,5.16,4.90,2.72,,2.99,17712
physique,5.74,4.57,3.65,,2.82,21557
pi,5.40,3.35,3.25,,3.57,8328
pianist,7.15,3.55,4.69,5.91,3.23,13008
piano,6.40,3.61,4.90,6.14,4.40,2252
piazza,6.53,3.73,3.50,,2.71,24525
piccolo,5.50,4.33,4.71,,3.11,15245
pick,5.91,3.62,3.82,6.03,5.30,484
picker,4.38,3.62,3.83,,2.80,22203
picket,4.38,3.00,4.00,4.00,3.35,11139
pickle,6.52,3.48,4.64,4.94,3.66,7223
pickled,5.55,3.00,3.91,,3.18,14005
pickpocket,2.35,6.00,4.03,,2.88,20159
pickup,4.84,3.85,4.24,,3.88,5221
picky,3.90,4.27,2.11,,3.34,11241
picnic,7.11,3.65,4.83,,4.07,3922
picture,6.73,3.29,4.52,6.61,5.14,613
pictures,7.22,4.29,4.71,,4.83,1047
picturesque,7.35,4.24,2.76,,2.71,24525
pie,6.45,4.05,4.92,6.03,4.46,1995
piece,5.23,3.57,4.14,6.21,5.09,647
pier,5.86,3.75,4.62,4.15,3.82,5778
piety,5.00,3.42,1.56,,2.77,22917
pig,4.83,3.68,5.00,5.50,4.59,1572
pigeon,5.58,2.95,4.71,5.47,3.77,6158
piggy,4.71,3.18,4.64,,3.65,7423
piggyback,5.15,4.11,3.64,,3.04,16682
pigheaded,3.16,4.96,2.07,,2.84,21286
piglet,6.13,3.95,4.93,,3.33,11461
pigskin,4.47,4.35,4.52,,2.61,27018
pigsty,2.86,4.48,3.91,,2.94,18951
pike,4.73,4.09,4.25,,3.66,7242
pile,4.74,4.43,4.56,5.09,4.12,3575
pileup,2.76,5.25,4.45,,2.90,19680
pilgrim,5.16,4.04,4.43,,3.57,8301
pilgrimage,5.24,3.17,2.15,,3.06,16177
pill,4.16,3.73,4.72,5.88,4.07,3890
pillage,3.79,4.65,3.22,,2.80,22203
pillar,5.48,4.30,4.77,,3.21,13489
pillbox,4.73,2.85,4.96,,2.71,24525
pillow,7.00,2.90,5.00,6.56,4.06,3991
pillowcase,6.30,2.62,4.93,,2.82,21557
pilot,6.00,5.60,4.67,5.45,4.43,2114
pimp,3.05,4.20,4.18,4.53,3.94,4817
pimple,2.11,3.90,4.77,5.09,3.23,13116
pin,5.29,3.73,4.92,5.73,4.21,3071
pinball,6.10,4.95,4.48,,3.19,13804
pinch,3.50,4.44,4.00,5.75,3.79,6035
pine,6.58,3.25,4.37,4.25,3.79,5986
pineapple,6.90,4.41,4.94,6.03,3.41,10274
ping,5.67,4.09,3.17,,3.52,8824
pinhead,3.95,3.90,3.75,,2.94,18951
pink,6.68,4.35,3.93,5.88,4.45,2009
pinkie,5.82,2.85,4.39,,3.23,13116
pinnacle,5.26,4.32,2.67,,2.65,25937
pinot,5.71,3.62,,,2.81,21885
pinpoint,5.27,4.16,2.54,,3.26,12560
pint,5.53,3.52,4.43,6.38,3.52,8847
pinto,4.05,3.30,,,2.94,18951
pinup,5.74,4.91,4.00,,2.75,23331
pioneer,6.00,3.43,4.04,4.00,3.32,11598
pious,3.95,3.00,1.58,,2.98,17898
pipe,4.75,4.11,4.88,4.94,4.29,2705
pipeline,5.05,4.33,4.68,,3.35,11092
piping,5.09,4.10,4.40,,2.86,20727
pipsqueak,4.14,4.43,2.80,,2.65,25937
piracy,5.65,5.64,2.81,,2.92,19434
piranha,3.50,5.38,4.76,,3.08,15898
pirate,4.19,5.26,4.64,,3.87,5349
piss,2.73,4.74,4.73,,4.37,2347
pisser,4.10,6.05,3.52,,2.77,22917
pistachio,6.09,4.68,4.93,,3.18,13906
pistol,3.92,5.79,4.89,4.74,4.00,4362
piston,4.57,4.85,4.81,3.39,3.08,15898
pit,3.85,3.50,4.68,,4.12,3564
pita,5.95,4.00,4.29,,3.06,16358
pitch,5.52,3.42,4.00,4.32,4.19,3207
pitcher,5.70,4.09,4.93,,3.51,8927
pitchfork,3.53,4.35,5.00,,2.85,21003
pithy,4.67,3.32,,,2.61,27018
pitiful,2.89,4.47,1.64,4.24,3.59,8089
pituitary,4.79,4.40,3.33,,2.81,21885
pity,3.18,4.07,1.87,5.64,4.37,2353
pivot,4.95,3.29,3.72,,2.67,25460
pivotal,5.19,3.41,2.00,,2.95,18731
pixie,6.50,3.86,3.89,,2.93,19207
pizza,7.89,4.58,5.00,6.70,4.52,1769
pizzazz,6.79,5.95,1.80,,2.77,22917
pizzeria,6.52,5.41,4.56,,2.63,26447
place,5.86,3.52,3.48,,5.78,196
placebo,4.60,3.32,3.17,,2.87,20435
placement,4.96,3.48,3.07,,3.29,12112
placenta,5.05,4.35,4.79,,2.69,24968
placid,4.84,3.45,2.00,,2.77,22917
plague,2.42,6.67,3.41,,3.92,4932
plaid,5.71,3.72,4.23,,3.21,13394
plain,5.08,2.68,2.26,6.00,4.34,2478
plainclothes,4.94,3.00,3.93,,2.75,23331
plaintiff,4.00,3.86,3.90,,3.57,8328
plan,6.14,3.86,3.40,5.97,5.16,596
plane,5.72,4.91,4.92,6.24,4.98,787
planet,6.27,4.35,4.58,6.13,4.59,1584
planetarium,6.90,3.72,4.55,,2.61,27018
planetary,6.67,4.65,2.89,,3.04,16682
plank,4.76,4.30,5.00,4.84,3.31,11732
plankton,5.36,3.60,4.66,,3.20,13601
planner,6.32,4.00,3.61,,3.22,13293
plant,7.05,3.94,4.76,6.29,4.44,2056
plantation,4.57,3.60,4.50,4.03,3.52,8775
planter,5.85,2.67,4.61,,2.81,21885
plaque,3.38,4.52,4.70,,3.32,11598
plasma,6.05,5.30,4.17,3.69,3.70,6883
plaster,5.24,3.90,4.59,5.04,3.42,10088
plastic,4.48,3.36,4.79,,4.27,2776
plate,4.80,3.18,4.77,6.81,4.41,2198
plateau,5.84,3.68,4.31,,2.77,22917
platform,5.00,4.18,4.48,,3.79,6022
plating,5.14,3.29,3.75,,2.65,25937
platinum,6.20,4.78,4.44,,3.39,10639
platonic,4.63,3.00,1.68,,3.09,15637
platoon,4.65,4.28,4.48,,3.86,5425
platter,5.30,3.40,4.93,4.18,3.47,9479
plausible,5.38,3.09,1.77,,3.22,13293
play,7.55,3.81,3.24,6.09,5.55,299
playa,4.64,3.76,,,2.65,25937
playback,5.76,3.36,3.43,,3.17,14097
playbook,6.14,4.53,4.38,,2.95,18526
playboy,4.15,5.24,3.36,,3.63,7610
player,5.55,5.95,4.15,5.39,4.58,1616
playful,7.63,5.89,2.63,5.97,3.07,16056
playground,7.14,4.67,4.77,,3.71,6786
playhouse,6.29,3.57,4.72,,2.82,21557
playmate,7.30,4.38,3.79,,3.10,15529
playoff,5.14,5.36,3.48,,2.80,22203
playpen,5.95,2.65,4.76,,2.85,21003
playroom,6.05,4.29,4.71,,2.92,19434
plaything,6.21,5.10,3.68,,2.71,24525
playtime,6.63,5.10,3.52,,2.98,17898
playwright,6.10,3.59,3.56,,3.16,14406
plaza,6.33,3.90,4.44,,3.77,6158
plea,4.35,4.64,2.39,4.56,3.84,5627
plead,3.26,4.32,2.59,4.83,3.85,5538
pleasant,7.24,2.91,1.55,,4.32,2556
pleased,7.82,4.25,2.37,,4.45,2005
pleasing,7.65,5.20,2.56,,3.19,13696
pleasurable,7.75,6.33,2.52,,2.88,20159
pleasure,7.80,6.80,2.04,6.00,4.91,906
pledge,5.09,3.95,2.61,4.56,3.84,5602
pliers,4.48,3.55,4.93,4.51,3.07,16056
plight,4.21,3.85,2.04,3.22,3.10,15529
plop,5.50,3.77,3.48,,2.94,18951
plot,4.90,4.52,3.14,5.26,4.06,3953
plow,5.09,4.04,4.46,,3.28,12244
ploy,3.90,3.00,2.21,3.82,3.19,13804
pluck,3.90,4.16,4.00,,3.37,10883
plucky,5.16,4.70,,,2.61,27018
plug,4.42,3.35,4.64,6.00,4.02,4254
plum,6.15,2.76,4.85,5.84,3.53,8672
plumber,5.40,3.18,4.63,4.64,3.65,7350
plumbing,4.45,3.36,4.24,,3.69,7017
plume,5.19,3.00,4.00,,2.69,24968
plummet,3.95,5.04,3.12,,2.63,26447
plump,4.95,4.43,4.00,5.61,3.17,14097
plunder,4.00,5.05,3.11,,2.94,18951
plunge,4.62,4.60,3.04,,3.35,11092
plunger,4.25,3.15,4.96,,2.98,17898
plural,4.81,3.40,2.59,5.47,2.99,17712
plush,6.32,3.05,2.96,,2.75,23331
plutonium,4.05,4.45,4.30,,3.30,11968
plywood,4.74,2.67,4.82,,2.67,25460
pneumatic,4.50,3.90,2.81,,2.65,25937
pneumonia,2.65,4.62,3.83,,3.70,6835
poacher,3.10,4.86,4.00,,2.72,24116
pocket,5.67,4.50,4.68,6.06,4.55,1688
pocketbook,5.60,3.42,5.00,,3.18,14005
pocketful,6.25,2.72,3.93,,2.63,26447
pod,5.00,3.32,4.63,,3.90,5063
podium,5.05,3.52,4.89,,3.11,15245
poem,6.62,4.15,4.03,,4.14,3490
poet,6.85,2.91,4.36,6.07,3.96,4623
poetic,6.83,4.40,1.88,,3.43,9962
poetry,6.15,3.59,3.50,5.25,4.13,3534
pogo,5.40,3.94,3.96,,2.80,22203
poignant,5.10,4.09,1.63,,2.72,24116
point,5.45,3.86,3.39,5.85,5.37,420
pointer,4.57,3.73,4.11,,3.04,16682
pointless,3.22,4.26,1.93,,3.56,8421
pointy,4.26,4.55,3.97,,3.31,11732
poise,5.50,3.77,2.39,,3.05,16508
poison,2.16,6.01,4.27,4.94,4.39,2276
poisoning,2.27,6.35,3.41,,3.77,6146
poisonous,2.52,5.67,2.74,,3.52,8775
poke,4.14,5.41,4.22,5.34,3.77,6207
poker,5.79,5.05,4.20,4.97,4.21,3118
polar,5.19,3.95,3.18,4.18,3.43,10048
pole,5.60,3.05,4.66,5.76,4.10,3705
police,4.59,5.95,4.79,6.44,5.37,422
police officer,4.67,5.48,4.67,,,
policeman,4.21,4.06,4.93,6.24,4.07,3909
policewoman,5.05,3.92,4.89,,2.67,25460
policy,3.77,3.30,2.76,,4.43,2096
polio,2.67,5.00,3.59,,2.95,18526
polish,6.00,3.36,4.23,5.69,3.99,4493
polite,6.57,2.95,1.85,6.07,4.14,3438
politeness,7.33,3.04,1.79,,2.77,22917
political,4.35,4.00,1.83,,4.34,2474
politician,3.25,4.70,4.33,6.09,3.52,8847
politics,4.00,3.44,2.66,,4.22,3043
polka,4.79,4.17,3.47,,3.39,10593
poll,4.63,4.14,3.31,5.46,3.40,10424
pollen,3.81,3.44,4.86,,3.09,15637
polling,4.55,3.25,2.52,,2.61,27018
pollute,1.88,4.91,2.75,4.93,2.67,25460
pollution,2.00,5.19,3.75,5.69,3.28,12186
polo,5.21,3.95,4.43,,3.54,8555
poltergeist,4.40,5.55,2.92,,2.81,21885
polyester,4.29,3.85,4.12,4.44,3.10,15529
polygraph,3.95,4.31,4.03,,3.21,13489
polymer,5.35,3.00,4.28,,2.81,21885
pomp,5.32,3.57,2.44,,2.61,27018
pompous,3.26,4.76,1.96,,3.38,10678
poncho,5.48,3.74,4.97,,2.95,18731
pond,6.32,2.32,4.90,5.38,3.80,5907
ponder,5.65,3.95,2.24,,3.05,16508
pong,5.05,4.00,,,3.21,13394
pony,6.71,4.29,4.90,5.55,3.91,5016
ponytail,7.05,3.53,4.77,,3.01,17381
pooch,6.10,4.08,4.32,,3.12,15104
poodle,6.10,3.60,4.89,5.44,3.46,9629
poof,5.70,3.80,2.22,,3.34,11315
pool,6.78,3.65,4.77,5.81,4.67,1380
poop,2.60,5.14,4.83,,3.75,6394
poor,3.67,4.67,2.70,6.37,5.11,638
pop,6.05,4.45,4.22,,4.83,1055
popcorn,7.26,5.23,5.00,,3.96,4658
pope,5.18,4.21,4.71,5.15,4.03,4178
popper,5.05,4.23,3.48,,2.61,27018
poppycock,5.68,5.19,,,2.65,25937
popsicle,6.85,3.95,4.93,,3.21,13394
popular,5.71,4.74,2.16,,4.36,2384
popularity,5.81,4.32,2.37,,3.47,9479
population,4.81,3.96,3.64,5.79,3.96,4664
porcelain,6.14,3.14,4.63,,3.20,13601
porch,6.40,3.36,4.92,,3.98,4504
porcupine,6.38,4.95,5.00,,2.82,21557
pore,4.71,3.12,4.42,,2.69,24968
pork,5.00,3.80,4.79,5.44,4.02,4220
porker,3.63,3.62,3.33,,2.80,22203
porky,3.70,4.29,3.08,,2.78,22564
porn,4.32,7.24,4.26,,4.06,3950
porno,5.53,5.82,3.53,,3.66,7327
pornographic,4.77,6.09,2.71,,3.19,13804
pornography,3.85,6.00,4.11,,3.43,10007
porridge,5.00,3.33,4.89,,2.93,19207
port,5.55,3.38,4.41,3.82,4.16,3345
portable,5.91,3.38,2.62,,3.60,7877
portal,5.37,3.59,3.63,4.39,3.64,7485
porterhouse,5.74,4.43,,,2.84,21286
portfolio,5.95,3.36,4.00,,3.31,11732
porthole,4.86,3.25,4.31,,2.75,23331
portion,5.16,3.91,3.78,5.75,3.64,7504
portrait,6.05,3.20,4.90,5.29,3.74,6522
portray,5.35,3.09,2.18,,2.94,18951
pose,5.63,3.11,3.33,,3.83,5645
posh,5.58,3.95,2.41,,3.11,15245
position,5.56,3.35,2.62,5.67,4.86,991
positioning,4.84,3.88,2.37,,2.94,18951
positive,7.57,5.50,2.44,6.47,4.50,1868
posse,4.52,4.41,3.89,,3.64,7504
possess,4.67,3.95,2.60,5.37,3.74,6478
possession,5.14,4.04,2.96,4.97,4.12,3541
possessive,3.26,4.86,2.36,5.59,3.11,15245
possibility,6.55,4.85,1.33,,4.31,2617
possible,7.14,3.71,1.56,,5.06,688
possum,3.74,4.00,4.73,,3.32,11666
post,5.05,3.58,4.30,6.11,4.51,1829
postage,5.09,2.57,4.37,,2.98,17898
postal,5.21,3.41,3.07,,3.28,12244
postcard,5.68,4.23,4.93,,3.62,7720
poster,5.35,3.14,4.66,6.06,3.78,6112
posterior,5.33,2.90,3.47,,2.80,22203
posterity,5.89,3.85,2.11,,2.82,21557
postman,5.83,3.20,4.74,6.13,3.40,10367
postmortem,3.19,4.71,3.70,,3.12,14978
postpone,4.32,2.94,2.29,,3.59,8000
postponement,4.00,4.36,3.03,,2.72,24116
posture,4.89,3.56,3.39,5.52,3.24,12846
pot,5.81,4.00,4.81,5.64,4.35,2428
potassium,6.10,2.43,4.23,,3.22,13228
potato,6.40,2.38,4.85,6.64,4.05,4027
potatoes,6.11,2.95,,,4.05,4071
potency,5.84,4.45,2.32,,2.69,24968
potent,4.90,5.05,2.38,4.41,3.18,14005
potential,6.86,4.09,1.91,,4.27,2770
pothead,3.71,4.16,3.89,,2.63,26447
pothole,3.54,4.79,4.81,,2.71,24525
potion,5.65,5.12,4.38,,3.87,5301
potluck,6.59,4.95,3.88,,2.65,25937
potpourri,5.50,2.94,4.59,,2.69,24968
potted,5.74,2.80,3.71,,2.69,24968
pottery,5.79,2.75,4.72,4.48,3.27,12417
potty,4.29,2.83,4.12,,3.23,13008
pouch,5.33,2.44,4.50,,3.24,12929
poultry,5.67,3.95,4.72,4.74,3.01,17381
pounce,4.67,6.22,3.66,,3.05,16508
pound,4.62,4.26,4.61,6.21,4.14,3453
pounding,4.10,4.71,3.54,,3.78,6057
pour,5.16,3.28,4.14,,4.18,3261
pout,3.33,4.14,3.23,,3.04,16682
pouty,3.71,3.74,,,2.77,22917
poverty,2.00,5.30,2.54,5.81,3.64,7504
powder,5.26,2.77,4.76,,4.21,3121
powdered,5.32,3.18,3.88,,3.33,11528
power,5.97,5.41,2.04,5.77,5.17,582
powerful,6.46,5.41,2.17,6.44,4.55,1711
powerhouse,5.30,6.12,2.79,,2.75,23331
powerless,2.90,3.95,2.11,4.29,3.58,8185
powwow,5.74,4.76,4.07,,2.84,21286
pox,2.62,4.40,3.74,,3.17,14097
practical,5.63,3.50,2.14,5.97,4.05,4018
practice,5.72,2.50,2.52,6.33,4.66,1405
practitioner,5.05,4.86,3.89,,2.94,18951
pragmatic,4.58,3.38,1.84,,2.78,22564
prairie,5.33,2.41,4.80,2.70,3.45,9706
praise,7.65,5.45,2.61,5.76,3.98,4561
prance,6.00,5.05,3.83,,2.89,19918
prank,4.79,5.36,2.90,,3.60,7877
prawn,4.82,2.79,4.62,5.15,2.72,24116
pray,6.57,3.25,3.21,4.73,4.56,1668
prayer,5.67,4.04,3.28,4.46,4.20,3165
praying mantis,5.40,3.24,4.93,,,
preach,4.15,3.71,3.37,,3.38,10678
preacher,5.09,4.55,4.70,,3.83,5688
precarious,4.50,3.70,1.69,,2.61,27018
precaution,4.57,4.00,2.21,,3.53,8672
precautionary,5.68,4.32,1.89,,2.82,21557
precedence,5.38,3.80,2.13,,2.74,23718
precedent,5.25,3.59,1.63,,3.40,10424
precinct,4.85,3.95,3.67,,3.87,5362
precious,6.84,3.64,2.00,,4.37,2365
precipice,4.58,4.14,,,2.71,24525
precise,6.10,5.25,2.39,5.24,3.72,6699
precision,6.38,3.91,2.41,,3.47,9440
precocious,5.80,3.50,2.36,,2.69,24968
predator,3.24,4.72,3.64,,3.42,10088
predatory,3.16,5.26,2.58,,2.81,21885
predecessor,5.11,3.60,3.12,,2.97,18107
predicament,4.11,5.30,1.82,4.46,3.30,11968
predict,6.29,4.68,2.00,,3.60,7905
predictable,5.25,2.86,1.63,,3.48,9293
prediction,5.62,5.60,2.36,,3.12,15104
preemptive,4.26,3.77,2.35,,2.95,18731
preface,5.52,2.90,2.73,4.16,2.75,23331
prefect,6.45,4.33,2.96,,2.92,19434
prefer,5.62,4.65,1.62,,4.52,1806
preferable,6.26,4.24,1.54,,2.97,18107
preference,6.16,4.23,2.03,,3.37,10828
preferential,5.15,3.68,1.88,,2.61,27018
prefix,5.24,3.70,3.31,3.46,2.63,26447
pregnancy,4.79,5.00,4.31,,3.82,5778
pregnant,7.17,5.70,4.59,,4.72,1278
prehistoric,5.68,4.55,2.10,,3.24,12846
prejudice,2.71,5.35,2.22,,3.51,8991
prejudiced,2.70,4.89,2.04,,3.27,12325
prejudicial,3.16,5.10,2.07,,2.74,23718
prelim,5.20,3.62,,,2.78,22564
preliminary,4.73,3.73,1.83,,3.68,7065
prelude,6.05,3.90,2.33,,2.78,22564
premarital,5.73,4.76,1.90,,2.82,21557
premature,4.10,4.62,2.72,,3.54,8593
premed,4.60,4.22,3.28,,2.87,20435
premier,5.37,4.62,2.07,,3.40,10424
premiere,6.47,5.30,2.96,,3.57,8265
premise,5.43,4.25,2.24,,3.08,15770
premises,5.05,4.00,3.20,,3.71,6805
premium,6.90,5.50,2.11,4.81,3.24,12846
premonition,5.11,4.64,1.90,,3.57,8265
prenatal,5.90,3.55,2.88,,2.80,22203
prenuptial,4.84,5.29,2.65,,2.72,24116
preoccupied,4.24,4.13,2.26,,3.30,11850
prep,5.29,3.19,2.36,,3.88,5250
preparation,5.62,3.77,2.18,,3.61,7830
prepare,5.32,4.15,2.36,,4.53,1767
preposterous,5.00,5.95,1.40,,3.48,9255
preppy,4.96,4.35,2.14,,2.89,19918
prerogative,5.32,4.55,1.83,,3.12,14978
preschool,6.05,3.35,4.37,,3.08,15770
prescribe,5.21,3.23,2.80,,3.17,14196
prescription,4.55,3.14,4.00,,3.87,5341
presence,5.75,3.60,2.72,,4.32,2574
present,6.85,4.82,3.39,6.03,4.95,826
presentable,6.82,4.31,2.37,,3.00,17531
presentation,4.90,4.65,3.11,,3.86,5425
presenter,5.71,5.28,3.96,,2.61,27018
preservation,6.68,4.60,2.37,,3.04,16682
preserve,4.90,3.00,2.57,,3.75,6370
presidency,5.65,4.58,3.50,,3.39,10540
president,5.23,4.71,4.40,5.93,5.15,606
presidential,4.95,4.06,2.31,,3.75,6394
press,5.39,2.80,3.90,,4.78,1144
pressure,3.56,4.48,3.07,6.25,4.72,1252
prestige,6.23,3.91,1.61,3.97,3.14,14627
prestigious,6.47,5.23,2.13,,3.25,12695
presume,4.00,3.40,1.79,,3.91,4999
presumption,4.42,4.50,1.85,,2.88,20159
presumptuous,4.10,3.47,1.63,,3.14,14727
pretend,4.62,4.30,2.11,,4.61,1549
pretender,3.60,5.55,2.48,,3.27,12417
pretense,4.60,4.61,1.76,,2.95,18731
pretentious,3.76,4.09,1.97,,3.28,12186
pretext,4.61,3.11,2.26,,3.11,15245
pretty,7.70,5.50,2.40,6.52,5.59,282
pretzel,6.81,5.70,4.74,4.55,3.30,11850
prevail,5.73,4.55,1.43,,3.33,11528
prevailing,5.09,4.36,1.83,,2.75,23331
prevent,5.42,4.18,2.34,5.71,4.12,3599
prevention,5.74,3.14,2.20,,2.81,21885
preview,5.74,3.70,3.20,5.44,3.16,14304
previous,4.74,3.59,2.52,,3.98,4550
prey,3.74,4.56,3.61,,3.74,6462
price,4.94,3.40,3.63,,4.73,1246
priceless,6.95,5.23,1.79,,3.62,7698
pricey,4.05,4.45,2.24,,2.81,21885
prick,2.81,4.26,3.91,5.15,4.15,3405
prickly,3.59,5.21,3.89,,2.77,22917
pride,6.50,5.54,1.66,5.76,4.44,2050
priest,4.50,3.76,4.77,,4.42,2146
priestess,5.42,3.35,3.86,,3.10,15529
priesthood,5.00,2.55,3.00,,2.89,19918
prig,3.86,3.29,,,2.61,27018
prima,4.60,3.65,,,3.26,12485
primal,4.79,5.38,2.17,3.77,3.06,16177
primary,5.32,3.25,2.28,5.55,3.94,4792
primate,5.84,2.95,4.50,,2.85,21003
prime,6.00,4.71,2.48,,4.26,2840
primer,5.35,4.55,3.82,,2.78,22564
primitive,4.10,3.62,2.33,,3.71,6724
primordial,4.91,4.88,2.00,,2.77,22917
primrose,5.33,3.62,4.08,,2.61,27018
prince,5.44,5.15,4.44,5.23,4.65,1425
princess,7.64,5.42,4.72,5.28,4.60,1563
principal,5.30,4.30,3.46,,4.14,3477
principle,5.00,3.27,1.70,,3.89,5174
principles,5.45,3.39,1.38,,3.78,6096
print,5.65,2.74,4.17,5.85,4.30,2649
printer,5.65,3.68,4.67,,3.33,11528
printing,5.35,2.74,4.22,,3.55,8442
printout,5.24,3.35,4.53,,2.85,21003
prior,4.32,3.00,2.45,5.31,3.92,4942
prioritize,5.95,4.38,2.33,,2.88,20159
priority,6.17,4.85,1.76,,4.01,4333
prison,1.94,5.10,4.68,5.38,4.82,1070
prisoner,2.67,5.00,4.11,4.90,4.36,2380
prissy,3.95,4.09,2.04,,2.96,18305
pristine,5.81,3.48,2.36,,2.89,19918
privacy,6.36,3.95,1.50,5.62,4.18,3254
private,5.44,3.62,2.72,5.90,4.88,952
privilege,5.81,3.71,1.93,,4.03,4191
privileged,5.58,4.67,2.15,,3.53,8728
privy,4.42,3.24,2.36,,3.18,14005
prize,8.00,5.50,4.45,5.78,4.35,2436
prized,6.20,4.48,2.19,,2.85,21003
pro,6.36,3.81,2.66,,4.15,3394
proactive,6.06,3.40,1.93,,2.80,22203
probability,5.00,3.81,1.65,,3.35,11092
probable,5.45,3.35,1.48,,3.52,8847
probate,4.05,4.43,2.42,,2.72,24116
probation,3.60,4.30,2.48,,3.77,6199
probe,3.63,4.48,3.62,4.07,3.65,7423
probing,3.83,4.50,2.52,,2.90,19680
problem,3.52,4.81,2.68,,5.52,322
problematic,2.58,4.80,2.11,,2.98,17898
procedural,4.71,4.20,2.26,,2.74,23718
procedure,4.28,4.15,2.67,,4.21,3105
proceed,5.70,3.43,2.55,,4.32,2569
proceeds,5.79,3.65,2.59,,3.23,13008
process,5.62,3.90,2.93,5.61,4.45,2037
processing,5.53,3.39,2.03,,3.58,8162
procession,5.14,4.14,3.21,3.82,3.11,15245
processor,5.26,3.50,4.00,,2.96,18305
proclaim,5.38,4.84,2.36,,2.97,18107
proclamation,5.71,4.30,3.25,,3.04,16682
procreate,5.33,4.70,2.93,,2.71,24525
procreation,5.14,6.04,2.71,,2.63,26447
proctologist,3.10,4.68,4.18,,2.75,23331
procure,5.42,4.25,2.23,,2.69,24968
prod,4.65,4.23,3.77,,2.85,21003
prodigal,5.53,3.57,1.65,,3.06,16358
prodigious,5.19,3.45,,,2.67,25460
prodigy,5.80,5.35,3.04,,3.12,14978
produce,6.57,3.23,3.31,,4.04,4080
producer,6.15,3.89,3.00,,4.10,3727
product,5.50,3.45,4.17,5.94,4.17,3309
production,6.06,4.78,2.59,5.29,4.10,3690
productive,7.37,4.60,2.64,,3.39,10639
productivity,6.55,5.10,2.31,,2.77,22917
profane,2.47,4.55,1.75,,2.75,23331
profanity,3.43,5.52,3.04,,2.87,20435
profession,5.52,3.33,2.83,5.64,3.96,4685
professional,6.29,4.40,2.14,6.23,4.51,1839
professionalism,6.16,3.73,1.93,,2.84,21286
professor,5.72,3.85,4.86,6.19,4.84,1029
proficiency,6.79,3.86,1.96,,2.63,26447
proficient,6.44,3.43,1.79,,2.77,22917
profile,5.94,2.60,3.10,5.55,4.11,3634
profiler,4.43,4.43,2.85,,3.00,17531
profit,6.95,5.24,3.07,5.60,4.04,4102
profitable,6.50,5.61,2.36,,3.39,10540
profound,6.65,4.14,1.58,4.41,3.62,7679
prognosis,3.83,4.67,2.17,,3.03,16856
program,5.50,3.90,3.43,,4.63,1487
programmer,5.05,3.59,3.86,,3.05,16508
programming,5.11,3.50,2.97,,3.50,9099
progress,6.58,3.82,2.12,6.34,4.33,2532
progression,6.21,2.95,2.15,4.91,2.89,19918
progressive,6.26,4.38,1.50,,3.27,12325
prohibit,4.29,4.56,1.93,,2.69,24968
prohibition,2.84,4.04,2.52,,3.08,15770
project,5.00,4.55,3.62,5.96,4.57,1628
projectile,3.85,3.67,4.38,,2.94,18951
projecting,5.40,3.75,2.20,,3.09,15637
projection,5.20,3.60,3.16,,3.33,11528
projector,5.42,3.78,4.64,5.57,3.09,15637
prologue,5.89,3.20,3.00,,2.61,27018
prolong,3.89,3.29,2.04,5.03,3.01,17381
prolonged,4.74,3.36,2.44,,3.04,16682
prom,5.90,4.27,3.72,,4.25,2900
promenade,6.19,3.32,3.87,,2.95,18526
prominent,5.21,4.05,1.87,,3.41,10274
promiscuity,3.95,6.00,2.17,,2.78,22564
promiscuous,3.32,5.81,1.88,,3.02,17194
promise,6.64,3.90,2.09,,5.18,578
promising,6.95,4.70,1.89,,3.82,5765
promo,6.15,4.09,3.00,,2.86,20727
promote,6.55,4.70,2.26,5.46,3.65,7423
promoter,5.30,4.36,3.84,,3.01,17381
promotion,7.10,5.21,3.21,5.28,4.04,4117
promotional,5.45,4.77,2.39,,2.89,19918
prompt,6.33,2.90,2.25,,3.07,16056
prone,4.70,3.68,2.81,4.50,3.26,12560
pronounce,5.61,2.75,2.63,,3.81,5816
pronto,5.70,4.05,2.21,,3.46,9629
pronunciation,6.20,4.20,2.54,,2.69,24968
proof,6.38,4.15,2.67,5.86,4.54,1735
prop,5.16,3.15,4.46,,3.57,8301
propaganda,3.36,5.00,2.48,,3.50,9128
propane,4.26,3.64,4.59,,2.75,23331
propeller,4.95,3.53,4.90,,3.19,13804
proper,5.68,2.85,1.78,5.50,4.40,2229
property,6.00,4.75,3.90,5.91,4.52,1784
prophecy,5.62,4.38,1.93,,3.80,5930
prophet,5.32,3.05,3.78,3.76,3.73,6595
prophetic,5.25,4.05,1.68,,2.63,26447
proportion,5.20,3.73,2.57,,3.44,9870
proposal,5.45,4.73,2.75,,3.94,4769
propose,6.26,4.77,2.19,5.25,4.11,3612
proposition,5.84,4.86,2.16,,3.90,5114
proprietary,4.55,3.39,2.34,,2.67,25460
proprietor,5.48,4.00,4.24,3.79,3.08,15898
propriety,5.14,4.14,2.19,,2.61,27018
propulsion,4.85,5.00,2.60,,3.07,16056
prose,6.43,3.40,,4.19,2.98,17898
prosecute,3.15,4.62,2.44,4.69,3.45,9660
prosecution,3.37,4.56,1.93,5.39,3.90,5121
prosecutor,3.55,6.17,4.24,3.88,3.86,5448
prospect,5.78,3.68,2.40,,3.54,8555
prospective,5.76,4.78,1.93,,3.13,14853
prospector,4.84,3.74,3.57,,2.78,22564
prospectus,5.74,3.87,2.65,,2.71,24525
prosper,7.67,6.00,2.27,4.00,3.05,16508
prosperity,7.10,5.30,1.64,4.65,3.33,11528
prosperous,7.16,6.00,2.48,4.82,3.10,15382
prostate,4.00,4.70,4.21,,3.23,13116
prosthetic,4.10,3.42,4.40,,2.84,21286
prostitute,3.42,4.86,4.28,5.09,3.88,5250
prostitution,2.79,6.05,3.17,,3.38,10678
prostrate,3.62,4.60,3.56,,2.63,26447
protect,6.83,3.70,2.86,5.74,4.85,1013
protected,7.05,3.81,,5.47,4.04,4129
protection,6.73,4.32,2.50,5.57,4.37,2356
protective,6.53,3.96,2.54,,3.78,6069
protector,7.37,4.23,3.66,,3.47,9479
protein,6.55,2.95,3.66,,3.66,7327
protest,4.42,4.18,3.21,5.82,3.94,4769
protestant,4.50,3.00,3.39,,3.19,13804
protocol,5.10,3.83,1.97,,3.88,5274
proton,6.26,3.36,3.00,,2.65,25937
prototype,6.48,3.92,3.69,,3.52,8802
proud,7.00,5.55,2.07,5.91,4.92,884
prove,6.00,3.25,1.83,5.88,4.85,1011
proverb,5.95,3.55,2.26,,3.04,16682
proverbial,5.32,3.24,2.15,,3.02,17010
provide,6.67,4.76,2.72,5.85,4.24,2939
provider,6.26,3.73,3.78,,3.17,14196
province,5.14,3.33,3.10,,3.51,8991
provincial,5.22,2.85,1.79,,2.97,18107
provision,5.74,4.19,2.65,,2.90,19680
provisional,4.78,3.12,2.07,,2.87,20435
provocation,3.89,5.11,2.19,,3.02,17010
provocative,5.47,5.90,1.90,,3.21,13394
provoke,3.30,6.72,2.39,,3.40,10424
prowess,5.95,5.25,2.03,,2.90,19680
prowl,3.39,4.32,3.04,,3.12,15104
prowler,2.84,5.48,4.24,,2.92,19434
proximal,4.45,3.59,2.44,,2.65,25937
proximity,4.47,3.85,2.93,,3.22,13228
proxy,4.95,3.20,2.07,2.86,2.96,18305
prude,3.17,3.32,2.39,,3.14,14627
prudence,5.38,4.12,1.58,,3.14,14727
prudent,5.29,3.44,1.77,3.89,3.21,13394
prune,4.61,3.14,4.70,4.70,3.17,14097
pruning,5.43,2.83,3.21,,2.71,24525
pry,3.57,5.30,3.00,,3.62,7738
psalm,6.16,3.14,3.77,,2.72,24116
psi,4.59,3.92,,,2.69,24968
psoriasis,2.52,4.24,3.84,,2.67,25460
psych,4.67,4.60,2.04,,3.83,5669
psyche,5.00,4.61,1.34,,3.44,9821
psychedelic,4.68,5.64,2.97,,2.90,19680
psychiatric,3.32,4.52,2.59,,3.68,7106
psychiatrist,4.11,4.25,4.34,5.22,4.08,3830
psychiatry,4.61,4.60,2.61,,3.33,11528
psychic,5.67,4.71,2.37,,4.07,3878
psycho,3.20,6.00,3.41,,4.04,4090
psychoanalysis,4.47,5.57,2.25,,2.71,24525
psychoanalyst,5.35,4.59,3.83,,2.82,21557
psychobabble,4.16,4.25,2.04,,2.63,26447
psychological,4.77,4.81,2.22,,3.83,5681
psychologist,5.05,3.78,4.33,5.94,3.56,8421
psychology,4.81,3.41,2.31,6.09,3.74,6495
psychopath,2.62,5.41,3.46,5.00,3.45,9744
psychopathic,2.80,6.00,2.50,,2.87,20435
psychosis,2.65,6.00,2.31,,3.13,14853
psychosomatic,3.71,5.12,2.27,,2.77,22917
psychotherapy,4.26,4.32,2.36,,2.67,25460
psychotic,3.30,6.14,2.39,5.19,3.81,5869
pterodactyl,5.71,4.45,4.20,,2.61,27018
pub,5.45,4.36,4.71,,3.57,8234
puberty,4.30,4.14,3.50,,3.34,11188
pubes,4.00,4.76,,,2.72,24116
pubic,4.73,5.24,4.07,,3.08,15898
public,5.33,3.35,2.57,6.21,4.85,997
publication,5.48,2.79,4.41,,3.25,12695
publicist,4.32,3.62,4.11,,3.28,12186
publicity,4.89,4.57,2.74,,4.02,4234
publish,5.91,3.67,3.26,,3.71,6786
publisher,5.05,3.39,4.24,,3.66,7327
publishing,5.14,2.96,2.86,,3.58,8134
puck,4.28,4.64,4.50,,3.46,9549
pucker,5.58,4.73,4.13,,2.95,18526
pudding,6.72,3.80,4.90,5.55,3.79,6015
puddle,4.30,4.33,4.67,,3.29,12042
pudgy,3.81,3.50,3.72,,2.81,21885
puff,5.45,3.43,3.48,,3.65,7383
puffing,4.06,4.53,3.30,,2.82,21557
puffy,4.78,4.50,4.33,,3.23,13008
pug,5.90,3.55,4.62,,3.02,17194
puke,1.84,5.05,4.59,5.03,3.80,5952
pull,5.59,4.10,3.97,5.97,5.17,595
pulley,5.00,4.00,4.74,4.12,2.65,25937
pulmonary,4.77,3.73,2.56,,3.17,14196
pulp,4.94,3.82,4.30,,3.26,12485
pulpit,4.05,2.90,4.14,3.32,2.80,22203
pulsar,5.32,4.72,,,2.75,23331
pulse,6.38,4.85,4.19,5.60,4.37,2350
pump,4.00,4.00,4.31,5.21,4.10,3690
pumpkin,7.00,3.43,4.90,5.18,4.04,4134
pun,5.45,3.94,2.30,,3.27,12417
punch,3.27,5.80,4.39,5.48,4.47,1947
punchy,4.78,4.32,2.21,,2.99,17712
punctual,5.73,4.27,1.87,,3.06,16358
punctuality,6.72,3.85,2.54,,2.82,21557
punctuation,5.55,2.86,3.74,,2.65,25937
puncture,4.33,3.83,3.85,,3.28,12244
pungent,3.71,4.52,2.90,3.57,2.61,27018
punish,2.86,5.85,2.66,5.51,3.99,4493
punishable,3.42,4.71,1.96,,2.93,19207
punishment,2.76,5.07,2.46,5.11,4.13,3523
punitive,2.95,4.62,2.27,,2.95,18731
punk,4.25,4.14,3.10,,4.34,2466
punt,4.62,4.00,4.25,,2.87,20435
puny,4.00,3.27,2.58,,3.17,14196
pup,7.53,4.50,4.61,,3.51,8956
pupil,5.53,3.76,4.55,5.68,3.50,9099
puppet,5.56,4.43,4.64,,3.74,6495
puppeteer,5.80,4.22,4.17,,3.10,15529
puppy,7.85,5.84,4.78,6.35,4.06,3978
purchase,6.47,5.10,2.96,,3.81,5883
pure,6.80,4.05,1.87,5.94,4.40,2248
purgatory,3.17,4.41,2.52,,3.06,16358
purge,3.61,5.45,2.88,,3.21,13394
purification,6.95,4.15,2.31,,2.71,24525
purify,6.95,4.88,2.35,,2.80,22203
purity,6.57,3.00,1.73,,3.38,10715
purple,5.60,4.05,4.04,6.48,4.09,3761
purpose,6.67,5.05,1.52,,4.54,1716
purr,6.43,3.84,4.00,,2.89,19918
purse,5.95,3.21,4.90,6.07,4.30,2672
pursue,5.39,4.45,2.83,5.03,3.81,5855
pursuit,4.79,5.67,2.92,4.79,3.85,5517
pus,2.52,5.00,4.52,4.00,3.01,17381
push,5.39,4.40,4.21,6.25,4.85,1010
pusher,3.52,4.63,3.50,,3.10,15382
pushover,4.10,3.90,2.70,,3.10,15529
pushy,3.10,4.60,2.48,,3.38,10715
puss,3.70,3.71,4.21,,3.47,9479
pussy,4.48,6.30,4.46,5.47,4.41,2197
pussycat,5.26,4.00,4.79,,3.68,7065
put,5.09,3.86,2.50,,5.92,153
putrid,2.80,4.32,3.46,3.16,2.81,21885
putt,5.29,2.77,3.90,,3.06,16177
putter,5.42,3.17,3.42,,3.14,14627
putty,5.15,2.90,4.48,,3.26,12485
puzzle,6.53,4.42,4.75,5.78,3.87,5362
puzzled,4.60,4.43,2.04,,3.14,14627
pylon,4.43,3.41,,,2.74,23718
pyramid,5.68,3.48,4.96,5.88,3.60,7877
python,3.61,5.91,4.96,4.15,3.19,13696
quad,4.62,4.20,4.07,,3.19,13696
quadrant,4.68,3.77,3.52,,3.45,9706
quadruple,4.79,4.24,3.18,,2.89,19918
quail,5.43,2.67,4.65,,3.13,14853
quaint,5.90,3.52,1.81,,3.34,11241
quake,3.30,6.90,3.64,,3.21,13394
qualifications,5.37,4.76,2.14,,3.41,10321
qualify,6.77,6.05,1.93,,3.61,7758
quality,6.86,3.65,2.18,6.09,4.27,2809
quandary,4.68,3.59,1.75,,2.63,26447
quantity,5.33,3.84,2.97,5.85,3.27,12325
quantum,5.15,4.67,1.90,3.44,3.75,6394
quarantine,2.84,5.39,3.39,,3.65,7383
quarrel,2.84,5.39,3.32,3.91,3.75,6380
quarry,4.74,3.57,4.37,3.63,3.19,13804
quart,4.89,3.73,4.57,,3.32,11598
quarter,5.61,3.85,4.43,,4.42,2167
quarterback,5.48,3.58,4.61,,3.68,7083
quarterly,4.95,3.20,2.29,,2.95,18526
quartermaster,4.59,4.00,4.04,,2.96,18305
quartet,6.00,3.09,4.39,,3.20,13601
quartz,5.73,4.23,4.72,,2.74,23718
quasi,4.53,5.00,1.73,,2.69,24968
queasy,2.74,4.82,3.00,,3.06,16177
queen,6.52,5.05,4.45,5.63,4.74,1225
queer,4.74,3.95,2.04,,3.76,6233
quench,5.82,4.70,2.43,,2.81,21885
query,5.24,3.76,2.89,,2.77,22917
quest,6.26,5.80,2.87,4.26,3.81,5855
question,6.36,3.67,3.36,6.32,5.30,485
questionable,4.48,3.55,1.79,,3.36,10934
questionnaire,4.90,3.43,4.24,,2.90,19680
queue,5.26,3.10,2.86,5.90,3.08,15898
quibble,4.05,3.70,2.29,2.67,2.78,22564
quiche,5.47,3.15,4.53,,2.94,18951
quick,6.08,5.16,2.89,5.92,5.04,713
quickie,6.64,6.29,2.67,,3.02,17010
quicksand,3.62,4.42,4.75,,3.17,14097
quiet,6.47,1.95,2.76,6.71,5.07,680
quilt,5.91,3.11,5.00,,2.89,19918
quince,5.16,3.60,,,2.97,18107
quintet,5.60,3.33,4.17,,2.72,24116
quirk,5.60,3.59,2.25,,2.61,27018
quirky,6.43,4.35,2.12,,2.82,21557
quit,3.72,4.05,2.56,5.39,4.95,822
quitter,2.95,5.43,2.54,4.91,3.16,14304
quiver,4.52,4.45,3.83,,2.67,25460
quivering,4.19,4.68,3.46,,2.72,24116
quiz,4.53,4.95,4.43,,3.69,6915
quota,4.10,4.09,2.89,,3.27,12325
quote,5.85,2.95,3.32,,3.98,4516
r & b,5.47,4.27,,,,
rabbi,4.79,4.00,4.64,3.65,3.83,5688
rabbit,7.21,3.98,4.93,6.29,4.32,2563
rabble,4.77,3.14,,,3.03,16856
rabid,2.95,6.62,2.90,,3.14,14627
rabies,2.17,5.99,3.83,4.53,3.34,11188
raccoon,5.85,5.16,4.67,3.71,3.16,14304
race,5.44,5.20,3.59,5.70,4.79,1123
racehorse,5.78,4.95,4.83,,3.07,16056
racer,5.26,5.86,3.83,,3.42,10088
racetrack,5.76,5.24,4.89,,3.26,12560
racial,3.65,4.05,2.32,,3.50,9128
racism,1.48,5.88,2.36,,3.24,12846
racist,2.05,4.84,2.81,5.53,3.68,7039
rack,5.55,4.52,4.48,,3.89,5155
racket,3.95,4.33,4.26,5.12,3.87,5308
racketeering,3.25,3.65,2.46,,2.87,20435
racquetball,5.05,5.05,4.66,,3.09,15637
racy,4.63,5.39,1.93,,2.99,17712
radar,5.32,4.55,4.57,,4.55,1696
radial,4.71,3.61,2.93,,2.71,24525
radiant,7.29,5.03,2.45,4.62,3.34,11315
radiate,6.90,4.81,2.93,,2.74,23718
radiation,3.32,4.56,3.43,,3.92,4971
radiator,4.55,3.67,4.78,5.78,3.31,11792
radical,4.36,5.27,2.10,,3.63,7574
radio,6.00,3.84,4.74,6.38,4.89,937
radioactive,3.47,5.64,3.14,,3.51,8991
radioactivity,3.12,6.09,3.44,,2.92,19434
radiologist,5.45,4.55,4.52,,2.61,27018
radiology,4.89,4.27,2.83,,3.31,11792
radish,4.70,3.71,4.87,,2.80,22203
radium,4.37,5.29,4.17,,3.05,16508
radius,5.30,4.55,3.61,,3.64,7447
raffle,5.37,5.05,3.88,,3.26,12485
raft,5.70,4.55,5.00,,3.67,7139
rag,4.21,2.65,4.67,,3.68,7065
rage,2.50,6.62,3.13,5.27,4.05,4018
ragged,4.20,5.20,3.10,,3.20,13601
raggedy,3.27,4.65,2.72,,3.12,15104
raging,3.25,5.38,3.07,,3.51,8927
ragtime,5.45,3.73,3.04,,2.80,22203
raid,3.35,5.62,2.88,,3.93,4838
raider,4.43,4.40,3.30,,2.82,21557
rail,5.10,2.62,4.90,5.81,3.66,7262
railing,4.67,3.17,4.79,,3.17,14097
railroad,5.68,3.95,5.00,5.33,4.09,3740
railway,5.42,3.25,4.63,,3.20,13601
rain,6.58,3.29,4.97,6.58,4.69,1335
rainbow,7.30,3.94,4.57,5.91,3.90,5070
rainbow trout,6.42,5.04,4.80,,,
raincoat,5.63,3.48,5.00,,3.22,13228
rainforest,7.11,3.40,4.63,5.67,2.69,24968
rainmaker,6.10,4.43,3.26,,2.67,25460
rainstorm,5.75,4.96,4.86,,2.92,19434
rainy,5.55,4.33,4.32,,3.58,8134
raise,7.22,5.10,3.80,5.65,4.74,1216
raisin,6.05,3.65,4.97,5.62,3.22,13293
rake,4.75,4.22,4.84,,3.48,9366
rally,4.71,5.35,3.34,,3.86,5425
ram,4.37,4.50,4.55,,3.81,5848
ramble,4.32,5.00,2.54,,2.80,22203
rambling,3.58,4.04,2.72,,3.14,14727
ramp,4.95,4.09,4.69,,3.46,9549
rampage,4.21,7.57,3.14,,3.02,17010
rampant,4.40,4.50,2.25,,2.99,17712
rampart,5.00,3.95,,,2.87,20435
ramrod,4.57,3.61,3.85,,2.65,25937
ranch,5.91,5.30,4.73,3.77,4.24,2918
rancher,5.95,4.32,4.83,,2.97,18107
rancid,2.38,5.16,2.97,4.09,2.71,24525
random,5.37,4.15,2.00,6.11,4.01,4315
range,5.11,3.90,3.22,5.19,4.36,2410
ranger,5.79,3.50,4.21,3.88,3.87,5308
rank,5.26,3.67,2.86,4.50,3.93,4863
ranking,5.42,3.86,2.43,,3.15,14512
ransom,2.32,4.45,3.31,,3.99,4455
rant,3.43,5.23,3.07,,2.84,21286
rap,5.60,4.30,3.57,,4.12,3602
rape,1.54,7.24,3.61,5.49,4.20,3128
rapid,4.57,6.45,3.07,,3.64,7463
rapist,1.30,6.33,4.32,5.54,3.50,9025
rapper,4.90,3.61,4.37,,3.25,12695
rapport,6.26,3.73,1.84,,2.81,21885
raptor,5.05,5.70,4.00,,2.88,20159
rapture,5.30,4.86,1.97,,2.95,18731
rare,6.05,5.10,1.96,5.71,4.33,2525
rarity,6.48,4.05,2.24,,2.61,27018
rascal,4.60,4.50,2.62,,3.60,7959
rash,3.15,3.82,4.62,5.34,3.91,5044
raspberry,7.30,3.71,4.93,6.12,3.28,12244
rat,3.21,5.90,4.85,5.81,4.51,1821
ratchet,4.80,4.11,4.64,,2.88,20159
rate,5.68,4.17,2.50,5.30,4.40,2248
rating,4.64,4.77,2.26,5.30,3.34,11188
ratio,4.68,3.11,2.55,,3.51,8956
ration,4.73,3.90,3.45,4.06,3.12,15104
rational,5.85,4.26,1.62,,3.70,6851
rationalize,5.47,3.59,1.52,,2.80,22203
rationing,4.11,3.62,2.54,,2.77,22917
rattle,4.47,4.48,4.07,4.49,3.53,8728
rattler,3.40,6.30,4.50,,2.71,24525
rattlesnake,3.37,5.33,5.00,3.63,3.23,13008
ratty,3.00,3.82,3.44,,2.86,20727
ravage,3.95,5.67,2.29,,2.74,23718
rave,5.68,4.77,3.48,,3.41,10321
raven,5.11,4.33,4.86,4.36,3.50,9128
ravenous,4.95,4.90,1.85,,2.72,24116
ravine,5.21,4.65,4.61,,3.27,12417
ravioli,5.95,3.39,4.89,,2.85,21003
ravishing,7.41,6.14,2.24,,3.19,13696
raw,4.37,5.14,3.35,,4.01,4333
rawhide,4.80,4.36,4.35,,3.05,16508
razor,4.90,4.23,4.90,5.68,3.84,5602
reach,5.78,3.35,3.70,,4.75,1192
react,5.15,5.48,2.55,5.84,3.88,5250
reaction,4.68,3.95,2.41,5.79,4.21,3079
reactive,5.20,4.64,2.43,,2.89,19918
reactor,4.47,4.42,3.68,,3.60,7877
read,6.73,3.70,3.56,6.57,5.38,412
reader,6.52,4.45,3.89,,3.74,6511
readiness,6.24,3.92,1.64,,3.08,15898
readout,4.95,3.24,3.85,,2.85,21003
ready,6.64,3.90,2.07,,5.59,283
real,7.09,4.05,2.50,6.34,5.65,260
realism,6.24,4.28,1.33,,2.86,20727
realist,5.53,4.25,2.34,,2.95,18526
realistic,5.89,4.09,2.07,,3.66,7223
reality,5.73,4.10,1.72,,4.48,1920
realization,6.42,3.67,1.54,,3.03,16856
realize,6.44,3.24,2.03,5.97,4.90,923
realm,5.39,4.00,2.96,,3.67,7167
realtor,4.42,4.14,4.61,,3.26,12560
realty,4.95,3.00,3.26,,2.71,24525
reap,5.23,4.68,3.14,,3.42,10178
reaper,3.41,5.05,3.57,,3.49,9160
rear,4.68,3.86,3.59,5.06,4.09,3740
rearrange,5.52,3.19,3.26,,3.24,12846
reason,6.27,3.33,1.93,5.91,5.29,494
reasonable,6.84,3.00,1.78,6.00,4.27,2811
reasoning,6.25,5.68,1.39,,3.26,12485
reassign,4.75,3.67,2.38,,2.74,23718
reassignment,4.35,3.25,1.90,,2.61,27018
reassurance,6.05,3.55,1.85,,2.78,22564
reassure,6.55,3.70,2.29,5.73,2.95,18526
rebel,4.37,5.29,3.07,,3.73,6578
rebellion,4.79,5.09,2.93,,3.41,10274
rebellious,3.89,6.45,2.30,,2.97,18107
rebirth,6.30,4.52,2.21,,3.02,17010
reboot,5.38,5.10,3.26,,2.78,22564
reborn,5.59,4.89,2.14,,3.42,10135
rebound,5.09,4.67,2.69,5.00,3.45,9744
rebuild,6.38,4.43,3.50,,3.53,8728
rebuttal,4.42,4.60,2.93,,2.89,19918
recall,4.77,4.48,2.14,5.19,4.29,2682
recant,3.89,4.50,2.03,,2.74,23718
recap,5.33,3.26,2.48,,2.95,18731
recapture,4.90,5.32,3.07,,2.92,19434
receipt,5.41,4.50,4.86,,3.87,5308
receive,7.14,4.30,2.69,,4.29,2696
receiver,4.90,3.89,3.66,,3.47,9402
recent,5.42,3.82,2.50,6.09,4.12,3589
receptacle,5.24,3.10,4.58,,2.65,25937
reception,6.00,4.05,2.93,,4.05,4054
receptionist,5.37,3.09,4.36,,3.28,12186
receptive,6.32,3.90,2.21,,3.08,15898
receptor,5.63,3.36,4.04,,3.02,17194
recess,6.57,4.15,3.07,,3.54,8555
recession,2.68,4.70,2.42,,2.67,25460
recharge,6.32,4.81,3.14,,3.08,15898
recheck,4.95,4.95,2.08,,2.74,23718
recipe,6.85,4.45,4.43,,3.88,5227
recipient,5.68,5.53,3.86,,3.07,16056
reciprocal,4.95,3.28,2.46,,2.67,25460
reciprocate,6.60,3.71,2.15,,2.72,24116
recital,4.70,4.20,3.86,3.97,3.47,9440
recitation,4.55,3.33,3.08,,2.69,24968
recite,5.45,3.29,3.93,4.89,3.48,9337
reckless,3.09,5.18,2.36,,3.69,6935
reckon,5.25,2.86,1.74,,4.07,3922
reckoning,4.90,5.22,1.86,,3.04,16682
reclaim,5.55,4.52,1.76,,3.15,14512
reclining,6.67,2.38,4.00,,2.65,25937
recluse,3.71,3.05,3.28,,2.84,21286
recognition,6.68,4.45,2.39,5.76,3.66,7262
recognizable,6.32,4.59,2.16,,2.80,22203
recognize,6.14,4.20,2.07,6.00,4.54,1737
recoil,4.80,4.63,3.55,,2.65,25937
recollect,5.05,3.05,1.90,,3.03,16856
recollection,5.29,3.55,2.07,,3.20,13601
recommend,6.52,3.71,1.74,,4.15,3427
recommendation,6.10,3.00,2.87,,3.71,6817
recon,4.68,4.71,,,3.47,9479
reconcile,6.84,4.00,1.79,,3.06,16177
reconciliation,5.47,4.05,2.19,,3.02,17194
reconfigure,4.85,3.52,2.93,,2.72,24116
reconnaissance,5.52,4.21,2.04,,3.24,12846
reconnect,6.37,4.05,2.48,,3.02,17010
reconsider,5.74,3.55,1.97,,3.70,6851
reconstruct,5.70,3.95,3.20,,3.06,16177
reconstruction,4.79,4.86,3.17,,3.21,13394
reconstructive,5.05,4.73,2.37,,2.69,24968
reconvene,4.95,4.05,2.70,,2.80,22203
record,5.89,3.30,4.15,5.88,4.93,866
recorder,5.53,3.32,4.43,,3.69,6915
recording,5.22,3.53,3.68,,4.17,3323
recount,4.89,4.10,2.26,,2.87,20435
recourse,5.38,4.15,2.00,,2.88,20159
recover,6.40,4.42,2.64,,3.90,5049
recovery,6.43,4.12,2.68,,3.96,4664
recreate,6.00,3.65,2.41,,3.02,17010
recreation,6.70,4.33,2.82,,3.27,12325
recreational,6.76,4.90,2.85,,3.02,17010
recruit,4.53,4.77,3.48,,3.57,8301
recruiter,5.56,4.17,4.00,,2.85,21003
recruitment,4.81,4.00,2.48,,2.93,19207
rectal,2.90,4.41,3.37,,2.96,18305
rectangular,5.25,2.70,4.11,,2.65,25937
rectify,5.60,3.57,2.08,,2.93,19207
rectory,4.14,3.91,,,2.74,23718
rectum,3.23,4.18,4.92,,2.71,24525
recurring,4.42,3.43,2.41,,3.07,16056
recycle,6.14,3.75,2.97,,2.95,18731
recycled,5.26,3.67,3.90,,2.94,18951
recycling,6.25,3.52,3.25,,3.20,13601
red,5.67,5.02,4.24,6.53,5.17,587
redecorate,6.24,3.00,3.55,,3.02,17194
redeem,5.95,4.20,2.24,,3.22,13293
redemption,6.33,3.68,1.88,,3.34,11188
redesign,5.76,4.54,2.85,,2.69,24968
redhead,6.71,3.91,4.78,,3.56,8348
redheaded,6.67,3.95,4.29,,2.95,18526
redirect,4.28,3.05,1.88,,2.98,17898
redneck,4.40,4.50,3.77,,3.25,12695
redo,4.68,4.85,2.82,,3.21,13489
reduce,5.10,3.67,2.00,5.09,3.63,7548
reduction,5.00,3.00,2.75,,3.24,12846
redundancy,3.86,3.35,2.39,,2.81,21885
redundant,4.10,3.05,2.00,,3.17,14196
redwood,5.68,3.15,4.96,,2.87,20435
reebox,5.40,2.88,,,,
reef,5.63,3.67,4.70,3.59,3.60,7877
reefer,4.42,5.29,4.54,,2.99,17712
reek,2.32,4.86,3.00,,2.96,18305
reel,5.50,3.44,4.14,4.45,3.51,8887
reelection,5.35,4.32,2.50,,2.80,22203
reenactment,5.45,4.14,3.07,,2.96,18305
reentry,4.67,3.57,3.14,,2.87,20435
reestablish,6.14,4.00,2.54,,2.65,25937
ref,5.35,3.38,3.93,,3.41,10321
refer,5.18,4.09,2.41,,3.87,5362
referee,5.10,3.65,4.43,,3.56,8421
reference,5.63,3.41,2.38,,3.93,4869
referral,5.52,4.52,2.43,,2.75,23331
refill,5.48,3.52,3.40,5.18,3.45,9744
refine,5.17,3.60,2.43,,2.65,25937
refined,6.11,3.95,2.04,,3.31,11792
refinement,6.05,3.78,2.04,,2.74,23718
refinery,4.76,3.61,4.59,,2.99,17712
reflect,6.10,3.35,2.81,5.58,3.62,7679
reflection,5.70,4.10,3.29,6.16,3.70,6851
reflective,5.57,3.38,2.97,,2.80,22203
reflex,5.24,4.70,3.10,5.44,3.36,10983
reform,5.05,4.78,2.00,,3.56,8390
refrain,5.30,3.47,2.61,,3.31,11732
refresh,6.62,2.77,2.63,5.85,3.40,10424
refreshing,7.05,4.00,2.41,,3.57,8328
refreshment,6.82,4.22,3.42,5.58,3.01,17381
refrigerator,5.76,3.25,5.00,5.68,3.92,4913
refuel,5.50,4.84,3.53,,2.94,18951
refuge,5.95,3.36,3.37,,3.39,10540
refugee,4.68,4.29,3.97,4.50,3.29,12112
refund,7.00,4.96,3.38,,3.44,9781
refusal,2.95,3.00,2.81,,3.12,15104
refuse,3.42,4.32,3.04,,4.32,2560
refute,4.37,4.55,2.21,,2.84,21286
regain,6.25,3.05,1.79,,3.42,10088
regal,5.90,3.25,2.18,,3.06,16177
regard,5.70,3.39,1.79,,3.87,5349
regatta,4.90,3.26,,,2.75,23331
regenerate,5.76,4.65,2.63,,2.63,26447
regeneration,6.00,5.00,2.92,,2.84,21286
reggae,5.19,5.00,3.41,4.25,2.99,17712
regime,4.17,3.89,2.86,4.43,3.37,10883
regimen,5.32,3.71,2.74,,2.90,19680
regiment,5.16,3.00,4.00,,3.69,7017
regimental,5.10,3.45,2.44,,3.06,16177
region,5.21,3.24,3.19,4.91,3.70,6851
regional,4.95,4.95,2.76,4.51,3.50,9128
register,5.43,3.14,3.87,5.62,4.04,4093
registrar,5.37,3.27,3.64,,2.74,23718
registration,4.79,3.09,3.68,,3.82,5797
registry,4.68,3.52,3.50,,3.11,15245
regression,3.48,3.74,1.92,,2.82,21557
regret,3.41,4.90,1.80,5.58,4.43,2088
regretful,3.10,4.56,2.07,,2.50,30254
regrettable,3.53,5.00,1.82,,2.97,18107
regroup,4.70,4.09,2.41,,3.16,14406
regular,6.09,3.65,2.40,5.74,4.53,1754
regulate,5.16,3.95,2.03,,2.89,19918
regulation,4.15,3.45,2.00,5.31,3.40,10484
regulator,4.90,3.79,3.43,,2.92,19434
rehab,3.19,4.38,3.39,,3.81,5816
rehabilitate,6.32,4.67,1.76,,2.63,26447
rehabilitation,5.24,4.24,1.81,,3.21,13394
rehash,4.25,3.79,2.17,,2.63,26447
rehearsal,6.10,4.84,3.20,,4.10,3737
rehearse,5.42,4.20,3.32,,3.66,7327
reign,5.40,4.17,2.37,,3.50,9128
reigning,5.25,4.30,2.12,,2.89,19918
reimburse,6.24,5.29,2.63,,2.80,22203
rein,4.79,2.77,,,2.89,19918
reincarnation,5.56,4.80,1.63,,3.12,15104
reindeer,6.62,3.59,4.70,5.21,3.53,8728
reinforce,5.53,3.96,2.32,,2.98,17898
reinforcement,5.00,4.30,2.86,,2.95,18731
reins,5.11,3.20,4.56,,3.17,14196
reinstate,5.11,3.33,1.90,,2.99,17712
reiterate,4.90,3.62,2.48,,2.82,21557
reject,2.95,4.78,2.40,5.49,3.63,7610
rejected,2.40,4.70,2.89,5.76,3.82,5751
rejection,2.60,5.05,2.25,,3.52,8824
rejoice,7.14,5.56,2.17,,3.23,13008
rejoin,5.85,3.26,2.54,,3.10,15382
rekindle,6.19,4.35,2.36,,2.74,23718
relapse,2.91,4.05,2.21,,2.97,18107
relate,6.05,3.64,2.00,5.47,3.68,7106
relation,5.84,4.36,2.11,5.94,3.62,7738
relationship,7.83,5.00,2.80,,4.83,1053
relative,5.90,3.86,2.97,5.94,3.89,5155
relativity,5.80,3.38,1.70,,2.89,19918
relax,7.82,2.38,2.86,6.13,4.99,781
relaxation,8.00,3.15,3.04,,3.20,13601
relaxed,7.25,2.49,2.50,,3.84,5545
relaxing,8.19,4.29,2.62,6.43,3.56,8390
relay,4.86,4.25,3.48,4.34,3.48,9366
release,6.64,4.55,3.24,5.53,4.56,1664
relentless,5.00,4.74,1.93,,3.19,13696
relevance,5.70,4.84,1.58,,3.21,13394
relevant,5.84,2.95,1.72,,3.75,6380
reliable,7.30,3.76,1.86,6.06,3.77,6158
relic,6.00,4.00,4.07,3.91,3.13,14853
relief,6.63,4.42,2.45,,4.16,3333
relieve,7.25,3.90,2.47,,3.75,6408
religion,5.42,5.00,1.71,6.00,4.14,3456
religious,5.20,4.63,2.50,,4.14,3456
relinquish,3.74,4.50,3.03,,2.96,18305
relish,4.55,4.45,3.30,3.84,3.28,12244
relive,5.89,4.22,2.12,,3.23,13008
reload,5.13,4.27,3.64,,3.15,14512
relocate,4.05,4.38,2.76,,3.11,15245
relocation,4.63,4.20,2.63,,2.89,19918
reluctance,4.05,4.42,2.10,,2.96,18305
reluctant,3.76,3.60,1.76,,3.40,10367
rely,5.76,3.80,1.93,,3.86,5448
remain,5.68,3.20,1.96,,4.52,1788
remainder,5.63,4.18,3.11,,3.18,13906
remaining,5.20,3.57,2.64,,3.83,5669
remake,4.53,3.16,2.93,,3.02,17194
remark,5.05,3.00,3.25,5.10,3.64,7447
remarkable,7.18,4.30,1.89,5.76,4.10,3708
remarry,5.52,4.58,2.72,,2.95,18731
rematch,5.95,4.82,2.77,,3.16,14304
remedial,4.05,3.40,2.31,,2.61,27018
remedy,6.62,4.33,2.96,4.31,3.37,10883
remember,6.50,3.14,2.41,,5.73,213
remembrance,5.57,4.35,2.40,,2.87,20435
remind,4.81,4.20,2.19,5.94,4.57,1644
reminder,6.00,3.48,2.41,5.85,3.58,8185
reminisce,6.67,4.09,2.39,,2.87,20435
reminiscent,6.11,3.62,1.68,,2.65,25937
remiss,4.29,3.00,,,2.85,21003
remission,5.19,3.65,2.13,,2.95,18526
remodel,5.59,3.95,3.41,,2.89,19918
remorse,3.63,4.29,2.00,4.50,3.48,9293
remote,5.42,3.50,3.44,5.58,4.15,3432
removal,4.26,3.86,3.00,,3.32,11666
remove,4.21,3.11,3.14,,4.33,2532
remover,4.67,3.00,3.68,,2.82,21557
renal,4.00,3.77,,,3.21,13489
render,4.86,4.16,2.14,,3.31,11792
rendezvous,6.30,5.10,2.75,3.56,3.79,6035
rendition,5.11,3.60,2.42,,2.65,25937
renegade,4.53,4.86,2.96,,3.13,14853
renegotiate,5.90,3.70,1.92,,2.80,22203
renew,6.00,4.14,2.07,,3.34,11241
renewal,5.86,5.23,2.29,,2.99,17712
renounce,4.26,4.95,1.62,,3.23,13008
renovation,5.63,4.67,3.07,,2.94,18951
renown,5.83,2.95,1.68,,2.61,27018
renowned,6.00,3.25,1.41,,3.12,14978
rent,4.41,4.25,3.48,5.55,4.54,1731
rental,4.58,3.73,2.65,,3.68,7039
reopen,5.75,4.14,2.84,,3.21,13489
reorganize,5.67,4.16,2.74,,2.63,26447
rep,4.86,3.95,2.87,,3.71,6724
repaint,4.62,3.35,4.08,,2.67,25460
repair,4.89,3.38,3.32,,3.95,4757
repairman,5.00,3.83,4.45,,3.03,16856
repay,5.18,3.65,2.52,,3.72,6699
repeat,4.64,3.70,2.90,,4.52,1803
repel,3.67,4.43,3.00,4.35,2.84,21286
repellent,4.73,4.65,3.32,,2.90,19680
repent,4.40,4.25,1.96,4.00,3.39,10639
repentance,6.00,4.04,1.57,,2.80,22203
repentant,4.95,3.98,1.68,,2.41,32774
repertoire,5.47,3.27,2.41,,2.67,25460
repetition,4.64,4.24,3.17,,2.85,21003
repetitive,4.05,3.91,2.74,,2.77,22917
rephrase,5.00,2.65,2.17,,3.22,13228
replace,5.56,3.41,3.00,5.51,4.13,3539
replacement,5.45,4.24,3.47,5.12,3.79,5974
replay,5.74,4.05,3.04,,3.08,15770
replenish,6.90,3.50,2.18,,2.72,24116
replica,5.40,3.50,3.86,,3.05,16508
replicate,4.95,3.90,3.33,,2.87,20435
reply,6.15,3.44,2.96,,3.68,7049
report,4.77,3.52,3.92,5.91,5.03,717
reporter,4.57,3.17,4.63,5.52,4.31,2609
repose,5.00,2.48,2.73,,2.77,22917
reposition,5.05,3.60,3.21,,2.74,23718
repossess,3.00,4.33,2.77,,2.61,27018
reprehensible,4.43,3.96,1.67,,2.77,22917
represent,5.43,3.86,2.12,,4.18,3257
representation,4.86,4.36,2.19,,3.40,10424
representative,5.26,3.73,3.39,,3.72,6625
repressed,3.47,3.24,1.88,,3.27,12417
repression,2.81,4.15,1.66,,2.93,19207
reprieve,4.95,3.92,,,3.01,17381
reprimand,2.67,4.86,2.63,,2.74,23718
reproach,5.26,4.30,1.71,,2.67,25460
reproduce,5.63,4.61,3.48,,3.19,13696
reproduction,6.67,4.71,2.92,,3.17,14097
reproductive,5.68,4.83,2.63,,3.03,16856
reprogram,5.52,3.71,2.57,,2.88,20159
reptile,4.58,5.89,4.47,5.15,3.16,14406
republic,4.80,3.48,2.81,,3.75,6380
republican,4.26,3.11,2.79,,3.61,7830
repugnant,2.83,3.64,1.62,,2.89,19918
repulsive,1.95,5.12,2.11,,3.31,11792
reputable,6.47,3.52,1.87,,2.94,18951
reputation,5.63,5.00,1.64,,4.28,2718
reputed,4.90,3.68,1.88,,2.81,21885
request,5.85,4.45,2.59,5.61,4.41,2204
require,4.74,4.33,2.07,,4.03,4191
requirement,5.10,3.27,2.52,,3.16,14304
requisition,4.71,4.50,2.41,,3.06,16358
reread,5.18,3.68,3.32,,2.67,25460
reroute,3.78,3.00,2.92,,2.94,18951
rerun,4.63,3.48,2.96,,2.97,18107
reschedule,3.72,2.95,2.61,,3.55,8498
rescind,3.81,3.87,2.57,,2.74,23718
rescue,7.04,5.00,3.17,5.53,4.40,2215
research,6.50,4.80,3.03,6.24,4.52,1798
researcher,5.70,2.86,3.81,5.33,2.88,20159
resemblance,5.68,3.58,2.07,,3.55,8498
resemble,5.90,3.77,2.19,,3.24,12929
resent,3.28,4.05,2.41,4.83,3.76,6273
resentful,3.00,4.35,2.30,4.27,2.77,22917
resentment,3.00,5.19,1.78,5.39,3.18,14005
reservation,5.00,4.24,3.14,,4.01,4283
reserve,6.14,4.16,2.29,5.50,3.86,5448
reserved,5.63,2.79,2.04,5.83,3.71,6817
reservoir,5.37,3.22,4.75,,3.27,12325
reset,4.65,3.17,3.00,5.23,3.51,8956
reside,5.57,3.43,3.19,,3.05,16508
residence,6.74,3.17,4.34,,3.92,4952
residency,5.37,3.43,3.04,,3.29,12042
residential,6.05,3.27,2.62,5.38,3.26,12629
residual,5.09,3.19,2.43,3.37,3.10,15382
residue,3.95,3.39,3.78,4.59,3.44,9821
resign,4.17,3.88,2.25,5.14,3.70,6835
resignation,4.19,4.70,2.93,,3.58,8210
resilient,5.71,4.65,2.21,,2.75,23331
resin,4.84,3.68,4.08,,2.78,22564
resist,3.95,3.60,2.78,,4.11,3634
resistance,3.74,5.23,2.68,,3.93,4883
resistant,3.86,4.00,1.83,,2.96,18305
resolute,5.95,2.86,1.68,,2.80,22203
resolution,6.00,3.70,2.37,,3.47,9440
resolve,5.85,2.65,1.96,,3.69,7017
resonance,5.90,4.45,2.23,,2.82,21557
resort,7.76,4.16,4.30,4.53,3.84,5588
resounding,5.70,4.33,2.21,,2.67,25460
resource,5.63,3.71,2.55,,3.22,13293
resourceful,7.25,4.00,2.00,,3.17,14196
respect,6.79,4.79,2.04,6.47,4.85,993
respectability,6.26,4.24,1.79,,2.88,20159
respectable,6.55,4.05,1.85,,3.75,6359
respectful,7.45,3.32,2.19,,3.28,12186
respective,5.90,3.76,1.79,,2.92,19434
respiration,6.14,4.29,3.89,,3.10,15529
respirator,3.11,3.73,4.56,,2.87,20435
respiratory,4.45,3.77,3.25,,3.45,9744
respite,5.76,3.68,1.77,,2.69,24968
respond,5.71,3.09,2.64,,4.15,3407
response,5.95,3.56,3.00,,4.21,3112
responsibility,4.68,5.30,1.40,6.24,4.55,1699
responsible,6.28,3.00,1.69,6.18,4.65,1427
responsive,6.10,4.90,2.27,,2.90,19680
rest,7.86,2.29,3.03,6.03,5.33,463
restart,4.40,4.55,2.92,,2.78,22564
restaurant,6.95,4.19,4.89,6.36,4.67,1388
restful,6.05,2.58,2.04,,2.88,20159
restitution,5.81,4.10,2.36,,2.75,23331
restless,3.63,4.05,2.46,,3.69,7017
restock,4.84,3.27,3.75,,2.67,25460
restoration,5.80,3.76,2.65,,2.98,17898
restore,5.86,4.10,2.79,4.93,3.70,6895
restrain,4.42,4.70,2.76,,3.19,13804
restraining,3.53,4.67,2.74,,3.53,8747
restraint,3.47,4.05,3.32,,3.41,10231
restrict,3.48,4.35,2.21,,2.75,23331
restricted,3.83,4.59,2.83,,3.61,7758
restriction,4.00,4.58,2.25,,2.72,24116
restroom,4.47,4.09,4.93,,3.39,10540
result,6.11,4.14,2.85,,4.30,2672
resume,4.89,3.67,4.00,,3.76,6323
resurrect,6.41,4.76,2.64,,2.86,20727
resuscitate,5.65,4.62,3.21,,2.95,18731
resuscitation,4.89,4.54,3.41,,2.67,25460
retail,5.00,3.62,2.92,5.66,3.37,10883
retain,6.25,2.76,2.32,,3.38,10715
retainer,4.19,3.14,4.00,,3.33,11461
retake,4.05,3.43,2.57,,2.87,20435
retaliate,3.55,5.05,2.25,,3.10,15382
retaliation,3.00,5.17,2.48,,2.98,17898
retard,3.28,3.83,3.56,,3.60,7959
retarded,2.25,5.43,2.57,,3.80,5963
rethink,5.33,3.53,2.17,,3.25,12695
retina,5.86,4.70,4.46,,2.87,20435
retinal,4.32,3.65,3.29,,2.85,21003
retire,6.40,2.91,3.11,,3.99,4443
retirement,6.60,4.09,3.03,,3.93,4883
retrace,4.75,3.75,2.82,,2.85,21003
retract,5.38,3.50,2.42,,3.17,14196
retraction,4.63,4.45,3.03,,3.01,17381
retractor,4.95,2.81,3.21,,2.98,17898
retreat,4.92,4.12,3.03,,3.98,4550
retrial,3.95,5.06,2.78,,2.63,26447
retribution,3.39,4.35,2.00,,3.23,13116
retrieval,5.45,3.24,3.11,,3.06,16358
retrieve,6.16,4.45,3.32,,3.62,7738
retriever,5.26,4.27,4.15,,2.88,20159
retro,5.60,4.00,2.21,,3.17,14097
retroactive,4.77,3.92,1.79,,2.61,27018
retrospect,5.76,3.23,1.75,,2.86,20727
return,5.95,3.29,2.97,,4.96,810
reunion,6.37,4.61,3.22,5.03,3.95,4757
reunite,6.86,5.05,2.86,4.94,2.86,20727
rev,5.36,4.30,,,3.61,7807
reveal,5.86,4.14,2.79,,3.97,4598
revel,5.40,4.05,1.69,,2.92,19434
revelation,5.94,3.85,2.21,,3.44,9821
revenge,2.75,6.14,1.54,,4.28,2750
revenue,7.00,4.78,3.11,,3.38,10678
reverence,6.11,3.25,1.70,,3.13,14853
reverend,5.42,2.40,4.14,,4.28,2761
reverent,5.44,3.88,1.50,3.84,2.37,33852
reversal,4.86,3.91,2.63,,3.06,16358
reverse,5.20,3.73,3.38,5.48,4.04,4099
revert,4.95,3.55,2.00,,2.85,21003
review,5.09,3.77,2.81,5.51,4.17,3300
reviewer,5.16,2.95,3.67,,2.72,24116
revise,5.26,3.52,2.33,,2.95,18731
revision,4.62,4.19,2.74,,2.77,22917
revisit,5.81,3.90,2.56,,2.94,18951
revival,6.38,4.31,2.79,,3.08,15898
revive,6.53,3.92,3.13,,3.27,12417
revoke,2.95,5.00,2.85,3.90,2.87,20435
revolt,4.00,4.36,3.03,3.79,3.19,13696
revolting,2.47,5.90,2.57,5.59,3.29,12112
revolution,4.81,5.68,2.87,4.74,4.09,3761
revolutionary,6.21,4.86,2.26,,3.64,7447
revolutionize,5.65,5.28,1.85,,2.69,24968
revolve,6.37,4.35,3.44,4.53,2.85,21003
revolver,3.30,6.29,4.69,4.13,3.44,9781
revolving,5.00,4.41,3.54,,3.01,17381
revue,5.32,3.50,,,2.87,20435
reward,7.47,5.58,3.41,6.03,4.26,2873
rewarding,6.75,5.65,2.03,,3.23,13116
rewind,5.58,4.13,3.36,,3.25,12772
rewire,5.67,3.73,3.41,,2.69,24968
rewrite,4.20,3.78,3.55,,3.44,9821
rhapsody,6.63,4.70,2.83,2.66,2.74,23718
rhetoric,4.60,3.90,1.50,,2.63,26447
rhetorical,5.05,3.74,1.50,,2.99,17712
rhinestone,5.42,3.45,4.82,,2.81,21885
rhino,6.25,4.10,4.90,4.65,3.32,11598
rhinoceros,6.00,4.47,4.75,5.06,2.88,20159
rhubarb,6.45,4.30,4.86,,3.04,16682
rhyme,6.58,3.59,3.29,5.62,3.65,7423
rhythm,6.42,5.14,3.07,5.42,4.04,4122
rhythmic,6.30,5.05,3.10,,3.02,17194
rib,6.10,2.29,4.90,,3.77,6158
ribbon,6.70,3.63,4.89,,3.71,6817
rice,5.70,3.00,4.86,6.18,4.18,3268
rich,6.83,6.81,2.79,6.36,4.90,909
riches,7.10,5.42,3.52,5.50,3.52,8775
rickety,3.52,5.35,2.77,,2.63,26447
rickshaw,5.63,4.30,4.62,,2.78,22564
ricochet,4.75,5.05,3.29,,2.69,24968
rid,3.67,4.38,2.13,,4.78,1149
riddance,4.79,4.50,1.82,,3.24,12846
riddle,6.30,4.48,2.50,4.91,3.66,7303
ride,6.27,5.10,3.75,5.61,5.13,621
rider,5.36,4.41,4.07,4.34,3.89,5190
ridge,4.62,3.52,4.48,,3.85,5496
ridicule,2.95,5.53,2.07,5.00,3.30,11968
ridiculous,3.67,5.65,1.79,6.03,4.74,1211
rife,3.32,3.40,,,2.72,24116
riff,4.63,4.71,3.28,,3.06,16358
riffraff,4.05,4.57,2.66,,3.02,17194
rifle,4.30,6.14,4.85,5.03,4.16,3338
rifleman,4.25,5.10,4.67,,2.74,23718
rift,3.84,4.57,3.40,,3.04,16682
rig,4.32,4.52,4.00,,3.94,4817
right,7.32,5.00,3.47,6.56,6.60,45
righteous,6.00,3.32,1.43,,3.60,7979
righteousness,5.18,5.00,1.67,,3.25,12772
rightful,6.00,3.45,1.60,,3.37,10828
righty,5.33,3.62,2.92,,3.52,8775
rigid,3.47,4.81,3.46,4.60,3.27,12325
rigor,4.81,5.05,3.36,,2.95,18731
rigorous,4.81,5.81,2.57,,2.94,18951
rim,4.60,3.72,4.62,,3.39,10540
ring,7.09,4.43,4.81,6.13,4.97,808
ringer,4.95,4.24,3.46,,3.23,13116
ringleader,4.10,5.20,3.47,,2.74,23718
ringmaster,5.53,4.35,4.32,,2.61,27018
ringside,5.30,4.29,3.72,,2.97,18107
rink,5.67,3.32,4.56,,3.33,11377
rinse,5.47,2.76,4.10,,3.37,10772
riot,3.15,6.19,4.45,5.81,3.81,5816
rioting,3.42,5.32,3.79,,2.72,24116
rip,3.28,5.26,3.79,,4.30,2632
ripe,5.57,4.78,3.30,5.06,3.62,7679
ripper,3.11,5.10,3.08,,3.40,10424
ripple,6.17,3.20,3.85,,3.18,13906
rippling,4.91,4.41,3.76,,2.78,22564
rise,5.73,5.30,4.04,,4.44,2068
risk,5.17,6.43,1.63,5.84,4.69,1332
risky,3.85,5.91,1.31,6.00,3.89,5190
risotto,5.84,3.81,4.36,,2.94,18951
rite,5.58,3.90,2.54,,3.17,14196
ritual,4.52,4.10,2.60,4.32,3.95,4718
ritualistic,4.73,4.58,1.86,3.62,2.74,23718
rival,4.58,4.81,3.03,4.80,3.58,8162
rivalry,4.57,5.05,2.14,,3.03,16856
river,6.72,4.22,4.89,6.24,4.74,1213
riverbank,6.58,3.96,4.68,,2.84,21286
riverbed,5.90,3.64,4.69,,2.65,25937
riverboat,6.09,5.37,4.90,,2.61,27018
riveting,5.95,4.88,1.85,,2.67,25460
roach,2.19,5.26,4.96,,3.43,10048
road,5.59,3.81,4.75,6.78,5.05,695
roadblock,3.55,3.86,4.71,,3.30,11908
roadhouse,5.62,3.61,4.37,,2.88,20159
roadie,5.37,4.63,3.52,,2.61,27018
roadrunner,5.45,5.16,4.64,,2.63,26447
roadside,4.65,4.05,4.22,,3.02,17194
roam,4.89,4.20,2.85,,3.53,8698
roar,5.37,6.15,3.81,5.51,3.61,7859
roast,5.74,4.05,4.40,,3.99,4443
roasted,5.60,4.00,3.67,,3.23,13008
rob,2.10,5.54,3.48,,4.37,2369
robber,2.90,6.20,4.31,5.36,3.67,7152
robbery,2.76,6.32,3.93,5.03,4.36,2385
robe,5.53,3.10,5.00,4.73,3.93,4863
robin,6.63,2.64,4.61,5.06,4.40,2247
robot,6.18,4.43,4.65,,4.09,3805
robotic,5.05,4.60,3.33,,2.84,21286
robotics,4.95,4.55,3.65,,2.77,22917
robust,6.10,5.24,2.64,,2.86,20727
rock,5.72,3.14,4.91,6.24,4.93,855
rocker,5.65,5.67,4.31,,3.10,15382
rocket,5.80,5.04,4.73,5.36,4.07,3885
rod,4.95,3.05,4.43,4.73,4.03,4171
rodent,3.56,3.83,4.70,,3.26,12560
rodeo,4.57,5.19,4.81,,3.75,6425
roe,4.18,4.04,,,3.02,17194
rogue,3.89,5.04,2.32,4.12,3.57,8234
role,5.10,4.40,2.19,5.45,4.26,2853
roll,5.72,3.90,4.16,6.06,4.80,1103
roller,5.35,3.15,4.66,,3.76,6273
rollercoaster,6.75,6.64,4.81,5.76,,
roman,5.55,4.36,3.33,,4.02,4234
romance,7.28,6.06,2.19,6.27,4.19,3207
romantic,7.61,5.12,1.93,6.44,4.55,1707
romp,6.79,5.80,2.76,,2.74,23718
roof,4.48,3.40,4.79,5.88,4.55,1691
rooftop,5.42,3.44,4.86,,3.21,13489
rook,5.58,3.41,4.38,,3.15,14512
rookie,5.25,3.50,2.83,,3.69,6915
room,5.55,3.10,4.79,,5.64,261
roomful,5.80,3.68,3.15,,2.80,22203
roommate,5.29,4.13,4.52,,4.06,3991
rooms,5.65,3.48,4.57,,4.41,2171
roomy,6.60,3.40,2.83,,2.61,27018
roost,5.16,3.82,3.29,,2.95,18526
rooster,5.53,4.57,4.75,4.91,3.59,8061
root,5.33,3.62,4.34,5.13,4.02,4234
root beer,6.11,3.81,4.93,,,
rope,5.05,4.58,4.93,,4.36,2414
ropes,4.86,3.10,4.78,,3.77,6134
rosary,5.26,3.36,4.63,,3.08,15770
rose,7.11,2.80,4.90,5.79,4.72,1256
rosemary,6.37,3.59,4.68,,3.69,6915
roster,4.71,3.09,3.76,,3.34,11315
rot,2.65,4.72,3.96,4.91,3.89,5182
rotary,4.70,3.50,3.14,,2.74,23718
rotate,5.24,3.35,3.45,,3.29,12112
rotation,5.00,4.10,3.32,,3.47,9479
rotor,3.95,3.25,3.84,,2.69,24968
rotten,2.43,4.90,3.87,5.41,4.24,2934
rotunda,5.74,3.05,4.48,,2.74,23718
rouge,5.55,4.18,3.77,,3.51,8927
rough,3.68,5.43,3.83,5.67,4.57,1628
roughneck,3.74,4.64,3.22,,2.81,21885
roulette,4.37,5.48,4.15,,3.40,10484
round,5.89,2.50,3.90,,4.82,1064
roundabout,5.05,3.19,3.86,,2.65,25937
roundup,4.63,4.00,3.26,,3.06,16177
rouse,5.24,4.79,2.56,,2.97,18107
rousing,5.35,5.83,1.55,,2.71,24525
route,5.86,3.83,3.88,,4.33,2522
routine,4.95,3.15,2.70,,4.30,2663
rove,4.60,3.44,,,3.06,16177
roving,4.89,4.00,2.86,,2.88,20159
row,5.48,3.39,3.93,,4.42,2138
rowboat,5.40,2.56,4.81,,3.03,16856
rowdy,4.16,4.88,2.60,,3.02,17194
rowing,5.42,3.77,3.60,,3.11,15245
royal,5.25,4.23,3.14,5.37,4.37,2374
royalty,5.52,4.32,3.11,,3.60,7979
rub,6.63,4.35,4.33,,4.19,3217
rubber,4.37,4.14,4.86,,4.15,3427
rubbish,3.39,4.10,3.64,,3.75,6394
rubble,3.65,3.86,4.56,5.16,3.25,12772
rubdown,6.52,4.24,3.62,,2.80,22203
ruby,6.79,4.05,4.77,4.91,4.08,3870
ruckus,4.35,6.27,2.52,,3.17,14097
rudder,5.11,3.25,4.72,,3.59,8031
ruddy,4.65,4.33,,,2.86,20727
rude,2.04,4.70,2.52,6.09,4.34,2457
rudeness,2.57,6.20,2.15,,2.94,18951
rudimentary,4.45,3.00,1.72,,2.84,21286
ruff,4.86,5.04,,,2.74,23718
ruffian,4.21,5.38,,,2.75,23331
ruffle,5.19,3.64,3.75,4.55,2.77,22917
rug,5.00,3.24,4.79,,4.02,4254
rugby,5.94,4.10,4.33,5.52,2.95,18731
rugged,5.10,4.10,2.75,,3.30,11850
ruin,2.32,5.40,2.59,4.76,4.45,2005
ruination,3.53,4.27,,,2.69,24968
rule,4.50,3.67,2.57,,4.68,1353
ruler,5.00,4.47,4.66,5.81,3.50,9025
ruling,4.22,4.52,2.32,,3.61,7758
rum,5.57,4.96,4.93,,3.88,5274
rumba,5.95,4.59,4.04,,3.08,15770
rumble,5.00,4.50,3.73,,3.44,9870
rummage,4.95,4.10,2.66,,2.90,19680
rumor,3.14,3.85,2.15,,4.02,4254
rump,5.81,4.79,4.81,,3.16,14406
rumpus,4.96,4.45,,,2.84,21286
run,6.41,5.24,4.31,6.39,5.54,303
runaround,4.14,5.14,2.25,,2.84,21286
runaway,4.05,3.95,3.81,,3.61,7807
rundown,3.79,3.55,2.30,,3.17,14196
runner,5.68,5.05,4.86,5.71,3.70,6895
running,6.53,5.52,4.27,,5.20,565
running shoes,5.84,3.78,,,,
runny,4.14,3.81,3.12,,3.11,15245
runt,4.77,4.32,3.44,,3.39,10540
runway,4.74,4.33,4.60,,3.74,6495
rupture,3.21,5.26,3.70,,3.12,15104
rural,5.95,3.15,2.67,5.14,3.07,16056
ruse,3.76,3.58,1.57,,3.23,13116
rush,4.05,6.55,2.90,,4.50,1877
rust,4.05,3.42,4.52,5.56,3.40,10424
rusted,3.27,4.09,4.44,,2.86,20727
rustic,6.00,4.45,2.70,,2.90,19680
rustle,4.16,3.88,2.96,,3.06,16177
rustler,4.21,4.50,3.88,,2.71,24525
rusty,3.50,4.24,3.90,5.41,4.11,3634
rut,2.90,3.87,3.64,,3.19,13804
ruthless,3.67,6.00,1.64,,3.62,7720
rye,5.45,3.78,4.74,,3.62,7698
sabbatical,6.00,2.75,2.43,,2.98,17898
saber,4.50,4.48,4.21,,2.92,19434
sabotage,2.00,5.15,2.77,,3.59,8061
saboteur,4.00,3.86,2.78,,2.75,23331
sac,4.35,2.85,,,3.12,15104
sack,5.11,4.24,4.84,5.59,4.11,3630
sacrament,5.61,3.35,3.00,,2.75,23331
sacred,6.95,5.00,1.77,,4.15,3421
sacrifice,4.76,4.95,2.80,,4.25,2886
sacrificial,3.20,5.94,2.07,,2.77,22917
sacrilege,3.64,4.85,1.88,,2.86,20727
sacrilegious,4.09,4.11,1.78,,2.61,27018
sad,2.10,3.49,3.07,5.91,4.80,1101
saddle,4.95,3.10,4.85,,3.89,5141
sadist,2.11,5.00,2.72,,3.04,16682
sadistic,2.62,5.25,2.07,,3.24,12929
sadness,2.40,2.81,1.82,6.23,3.68,7065
safari,6.15,5.67,4.14,,3.32,11598
safe,7.70,3.14,3.41,6.43,5.16,602
safeguard,5.50,3.17,2.21,,2.98,17898
safekeeping,6.48,2.95,2.38,,2.96,18305
safety,7.14,3.80,2.37,6.44,4.51,1836
saffron,6.17,3.00,4.44,,2.80,22203
sag,3.58,3.00,3.27,,2.92,19434
saga,6.40,5.09,2.19,,2.90,19680
sage,5.79,3.33,4.54,3.79,3.25,12772
saggy,2.62,3.04,3.54,,2.77,22917
sail,6.84,3.74,4.59,5.62,4.14,3477
sailboat,6.81,2.50,4.89,,3.21,13394
sailor,6.10,3.87,4.86,5.70,4.09,3749
saint,6.40,3.48,3.45,4.72,4.25,2883
sainted,5.44,3.45,1.72,,2.80,22203
sake,5.28,3.20,2.74,,4.81,1093
salad,6.35,3.78,4.97,5.90,4.23,2977
salami,4.83,4.80,4.78,,3.35,11092
salary,6.42,4.86,3.69,5.82,4.03,4161
sale,6.23,6.05,3.37,6.00,4.40,2219
salesgirl,6.26,4.45,4.46,,2.63,26447
salesman,4.10,3.00,4.81,,4.02,4250
saline,4.76,3.20,4.48,,3.54,8638
saliva,4.25,4.00,4.89,,3.43,10048
salmon,6.48,3.87,4.81,5.42,3.82,5778
salmonella,2.55,4.33,3.72,,2.74,23718
salon,5.58,3.76,4.73,,3.66,7242
saloon,5.45,3.35,4.68,4.29,3.71,6751
salsa,6.00,5.41,4.70,4.59,3.33,11377
salt,6.05,4.53,4.89,6.39,4.29,2693
salted,5.52,4.04,4.03,,2.77,22917
saltwater,4.71,3.58,4.77,,2.80,22203
salty,5.10,3.94,3.93,5.83,3.40,10424
salute,6.22,4.38,4.48,5.16,3.86,5405
salvage,5.16,4.57,3.21,3.97,3.62,7738
salvation,6.94,3.55,2.07,,3.70,6851
salve,4.62,3.44,4.00,,2.77,22917
samba,5.95,4.50,4.25,,2.77,22917
sample,5.76,2.87,3.79,,4.16,3333
samurai,5.50,5.24,4.50,,3.50,9099
sanatorium,3.33,4.11,3.83,,2.74,23718
sanctimonious,4.37,4.90,1.28,,2.93,19207
sanction,4.43,4.40,2.30,,2.94,18951
sanctity,5.43,3.79,1.35,,3.22,13228
sanctuary,7.05,2.64,3.64,,3.64,7523
sanctum,5.09,3.74,2.85,,2.82,21557
sand,6.16,3.43,5.00,,4.31,2617
sandbox,5.75,3.40,4.86,,3.03,16856
sander,5.40,3.29,,,2.74,23718
sandman,4.90,3.55,2.65,,3.39,10593
sandpaper,4.95,3.13,4.85,,2.65,25937
sandstorm,4.19,4.32,4.63,,2.93,19207
sandwich,7.18,4.94,4.90,6.68,4.34,2468
sane,6.73,3.81,1.79,5.15,3.74,6462
sanitarium,3.36,4.10,3.40,,3.36,11038
sanitary,6.33,3.09,2.93,,2.95,18731
sanitation,4.76,4.30,3.60,,3.08,15898
sanity,5.95,4.05,1.85,4.97,3.44,9870
sap,4.19,3.92,4.37,,3.54,8555
sapiens,5.81,2.95,,,2.77,22917
sapphire,6.92,4.88,4.76,4.53,3.08,15770
sappy,4.43,3.30,3.15,,2.94,18951
sarcasm,4.81,5.29,1.63,,3.46,9588
sarcastic,4.24,5.19,2.18,,3.42,10135
sarcophagus,4.81,3.70,4.48,,2.80,22203
sardine,4.24,3.95,5.00,,2.96,18305
sarsaparilla,5.40,3.08,,,2.88,20159
sash,5.48,4.00,4.67,,3.06,16177
sashimi,4.77,5.11,,,2.75,23331
sassafras,5.48,3.67,4.19,,2.81,21885
sassy,5.19,5.16,2.14,,3.51,8956
satanic,1.94,5.26,2.36,,3.14,14727
satchel,5.21,3.36,4.73,,3.17,14097
satellite,5.56,5.17,4.73,,4.19,3182
satin,6.24,3.70,4.57,,3.42,10135
satire,5.81,3.73,1.96,3.38,2.82,21557
satisfaction,7.18,3.18,1.90,6.00,3.84,5555
satisfactory,6.62,3.14,1.80,,3.48,9337
satisfied,7.16,3.95,2.07,5.78,4.19,3210
satisfy,7.09,5.53,2.04,,3.75,6380
satisfying,7.48,4.83,2.27,,3.41,10321
saturated,4.77,4.95,3.17,,2.94,18951
saturation,4.42,3.86,2.72,,2.75,23331
satyr,4.05,4.14,,,2.77,22917
sauce,6.58,3.95,4.75,5.97,4.19,3191
saucer,5.16,3.70,4.79,,3.44,9821
saucy,6.11,5.62,3.22,,3.09,15637
sauerkraut,5.50,3.90,4.54,,3.01,17381
sauna,5.68,4.95,4.68,5.30,3.14,14727
sausage,6.32,4.80,4.88,6.40,3.89,5155
savage,4.29,4.68,2.71,,3.86,5460
savannah,6.05,3.50,4.33,,3.18,13906
savant,5.11,4.45,3.08,2.37,2.69,24968
save,7.26,4.62,2.42,,5.21,555
saver,6.44,2.68,2.27,,2.80,22203
savings,7.67,2.86,3.32,,3.88,5263
savior,6.59,4.37,3.04,,3.53,8698
savor,6.70,3.64,2.48,,2.98,17898
savvy,6.40,4.23,2.03,,3.03,16856
saw,4.16,4.18,4.46,,5.60,280
sawdust,5.32,2.95,4.93,,2.78,22564
sawmill,4.57,4.90,4.74,,2.63,26447
sax,6.16,3.40,4.64,,3.10,15382
saxophone,6.32,4.67,5.00,5.06,3.23,13008
say,5.91,4.43,2.58,,6.21,99
sayonara,5.22,3.15,,,3.22,13228
scab,3.10,3.15,4.71,5.00,2.81,21885
scaffold,4.78,4.11,4.69,,2.75,23331
scalding,3.02,5.21,3.07,,2.61,27018
scale,5.06,3.80,4.39,5.62,3.98,4537
scalp,3.75,3.82,4.82,4.79,3.57,8301
scalpel,3.95,4.48,4.86,4.76,3.50,9066
scam,2.53,4.64,2.64,,3.79,6022
scamp,5.16,4.14,3.25,,3.25,12695
scampi,5.86,3.58,3.69,,2.61,27018
scan,5.47,4.09,3.48,,3.97,4574
scandal,3.63,5.64,2.13,5.51,3.91,5006
scandalous,3.32,5.85,1.89,,2.96,18305
scanner,5.57,4.00,4.79,,3.47,9440
scapegoat,3.00,4.80,2.52,3.73,3.05,16508
scar,3.71,6.55,4.74,5.82,3.93,4869
scarce,3.37,3.90,2.57,4.21,3.24,12929
scare,3.55,7.10,2.96,5.79,4.53,1765
scarecrow,5.19,3.16,4.68,4.07,3.25,12772
scared,2.80,6.10,2.50,5.97,5.12,625
scarf,6.00,2.39,4.97,6.61,3.67,7152
scary,3.00,5.35,3.00,5.79,4.42,2146
scat,3.68,5.33,3.33,,3.11,15245
scatter,3.90,4.52,3.55,,3.39,10593
scavenger,3.85,5.14,3.93,,2.95,18731
scenario,5.58,2.91,2.62,,3.80,5952
scene,5.94,1.95,3.93,,4.87,964
scenery,6.18,4.43,3.38,,3.58,8162
scenic,6.90,3.88,3.07,,3.02,17010
scent,6.50,5.05,3.97,5.82,3.78,6123
scented,6.42,4.19,3.17,,2.96,18305
scepter,5.10,3.60,,,2.95,18526
schedule,4.71,3.35,3.48,,4.47,1943
schematic,4.63,3.60,3.21,,3.06,16177
scheme,3.80,5.57,2.41,5.09,3.86,5405
schilling,5.25,2.80,4.04,,2.85,21003
schizophrenia,3.42,6.76,2.33,,3.14,14727
schizophrenic,2.91,5.41,2.96,,3.36,10934
schlep,4.55,3.59,,,2.71,24525
schmuck,3.95,4.95,2.40,,3.66,7242
schnapps,5.79,4.65,4.48,,2.87,20435
schnitzel,5.55,4.46,,,2.95,18526
scholar,6.33,4.25,3.50,4.88,3.56,8348
scholarly,6.43,5.40,1.80,,2.65,25937
scholarship,6.76,5.80,2.96,,4.00,4392
scholastic,6.63,3.80,2.44,,2.77,22917
school,5.41,4.57,4.79,6.39,5.52,321
schoolboy,5.53,2.89,4.50,,3.12,14978
schoolgirl,5.91,4.86,4.66,,3.28,12244
schoolhouse,6.00,3.20,4.86,,3.06,16358
schooling,6.20,4.52,3.07,,3.16,14304
schoolmaster,4.95,3.24,4.76,,2.96,18305
schoolteacher,5.14,3.95,4.88,,3.54,8614
schoolwork,4.71,4.09,4.10,,2.99,17712
schoolyard,5.41,5.37,4.64,,2.95,18731
schooner,4.95,2.29,4.12,,2.88,20159
science,6.32,5.25,2.79,6.58,4.57,1634
scientific,5.95,4.22,2.45,6.21,4.06,3999
scientist,5.83,4.14,4.24,6.41,4.09,3805
scintillating,6.50,5.10,1.92,,2.61,27018
scissors,5.03,4.02,4.85,5.91,3.83,5703
scoff,3.47,3.40,3.15,,2.63,26447
scold,2.77,4.19,3.07,,3.12,14978
scone,5.62,4.35,4.85,,2.71,24525
scoop,5.24,3.39,4.15,4.97,3.75,6337
scoot,5.74,4.24,2.89,,3.48,9366
scooter,5.42,3.72,4.96,4.71,3.44,9870
scope,5.17,3.48,3.74,3.77,3.75,6380
scorch,3.45,4.90,4.08,4.06,2.69,24968
scorching,3.54,4.98,3.29,,2.61,27018
score,6.50,6.35,3.38,5.32,4.48,1913
scoreboard,5.40,4.59,4.90,,2.80,22203
scorer,5.42,3.64,3.45,,2.63,26447
scorn,3.07,4.53,2.59,3.77,3.07,16056
scornful,2.50,4.71,2.04,,1.99,45730
scorpion,3.68,6.45,4.84,4.62,3.43,10007
scotch,5.89,4.20,4.55,,4.17,3309
scoundrel,3.25,6.26,2.93,,3.48,9366
scour,4.89,4.09,3.42,,2.80,22203
scourge,4.13,4.91,2.31,,3.12,14978
scout,6.00,4.52,4.00,,4.11,3634
scowl,3.24,4.56,3.85,,2.72,24116
scrabble,6.14,3.52,4.47,,3.28,12244
scram,3.57,3.65,3.04,,3.55,8526
scramble,5.21,4.85,3.31,,3.39,10639
scrambled,5.20,3.79,3.93,,3.86,5435
scrambler,4.86,3.44,3.07,,2.75,23331
scrap,4.71,3.43,4.15,4.45,3.64,7463
scrapbook,5.71,3.90,4.76,,3.08,15770
scrape,3.74,4.50,4.15,,3.62,7738
scrappy,4.00,4.78,2.30,,2.78,22564
scratch,4.95,4.35,4.16,,4.28,2767
scratchy,3.65,4.82,2.69,,2.99,17712
scrawny,3.89,4.26,3.14,,3.20,13601
scream,3.02,6.74,4.32,6.38,4.42,2135
screamer,3.68,6.52,3.50,,3.02,17194
screech,3.50,6.05,3.77,,3.80,5963
screen,5.55,4.09,4.60,,4.37,2362
screening,4.77,4.14,3.11,,3.53,8698
screenplay,5.65,4.09,4.41,,3.42,10135
screenwriter,6.21,3.64,4.28,,2.75,23331
screw,5.24,5.40,4.81,5.78,4.57,1624
screwball,4.57,4.05,3.54,,3.06,16358
screwdriver,5.76,3.80,4.90,5.51,3.40,10367
screwy,3.86,4.19,1.83,,3.25,12695
scribble,5.21,3.76,4.10,,2.81,21885
scrimmage,4.91,5.63,3.04,,2.90,19680
script,5.42,3.65,4.72,5.45,4.29,2688
scripture,5.47,2.89,3.86,,3.14,14727
scroll,5.32,3.86,4.11,,3.36,10983
scrotum,4.80,4.62,4.87,,2.77,22917
scrounge,3.67,4.05,3.08,,2.95,18526
scrounger,3.65,5.75,2.84,,2.65,25937
scrub,4.53,3.95,3.86,,3.80,5963
scruffy,4.42,4.38,3.07,,2.75,23331
scrumptious,7.20,4.95,2.38,,2.88,20159
scrutiny,3.83,4.05,2.26,,3.06,16177
scuba,5.86,3.86,4.23,,3.19,13804
scuff,3.26,3.82,3.68,,2.67,25460
scuffle,3.78,4.41,3.62,,2.65,25937
scullery,4.47,3.53,,,2.63,26447
sculptor,5.91,4.87,4.09,,2.96,18305
sculpture,6.50,3.48,4.79,,3.50,9128
scum,2.12,5.20,3.90,5.26,4.00,4405
scumbag,2.48,5.10,3.76,,3.74,6462
scurry,2.95,4.59,3.67,,2.90,19680
scurvy,2.76,5.18,3.43,2.71,3.04,16682
scuttle,4.50,3.86,3.35,,2.92,19434
sea,6.56,2.80,4.79,6.25,4.78,1149
seaboard,5.75,3.45,3.68,,3.08,15770
seafood,6.45,4.73,4.83,,3.31,11792
seagull,5.27,2.90,5.00,,3.09,15637
seal,5.00,2.50,4.63,5.04,4.17,3309
seam,5.25,3.50,4.50,,2.82,21557
seaman,5.28,4.30,4.42,,3.23,13008
seamstress,5.60,3.18,4.43,,2.74,23718
search,5.56,3.85,3.00,,4.68,1346
searchlight,5.35,3.65,4.63,,2.65,25937
seashore,7.68,3.00,4.63,,2.69,24968
seasick,1.89,5.00,3.18,4.74,3.14,14627
seaside,7.67,4.41,4.46,,2.82,21557
season,6.71,3.20,3.32,6.23,4.50,1875
seasonal,6.58,4.30,2.96,5.85,3.00,17531
seasoned,7.16,3.75,3.31,,3.00,17531
seasoning,6.38,2.55,4.67,,2.74,23718
seat,5.22,3.00,4.78,6.60,4.90,926
seatbelt,5.79,3.55,4.79,,2.97,18107
seating,5.33,2.91,4.29,,3.33,11377
seawater,5.95,3.00,4.41,,2.67,25460
seaweed,4.52,3.90,4.89,,3.24,12846
sec,4.74,2.95,,,4.24,2959
secluded,5.21,3.45,3.07,,3.02,17194
seclusion,3.91,3.23,2.38,,2.86,20727
second,5.23,3.48,3.30,6.32,5.45,361
second cousin,6.11,4.04,,,,
secondary,4.77,3.85,2.37,,3.61,7758
secondhand,5.53,3.77,2.75,,3.03,16856
secrecy,4.15,5.18,2.00,,3.54,8593
secret,5.33,4.14,2.19,,5.04,708
secretary,5.18,3.80,4.54,5.34,4.52,1788
secretary of state,4.29,3.52,,,,
secretive,4.15,5.73,2.25,,3.13,14853
sect,3.81,3.50,3.52,,2.87,20435
section,5.05,3.75,3.24,5.44,4.44,2075
sector,4.67,4.00,3.41,4.56,3.85,5504
secular,4.81,3.52,2.43,,2.71,24525
secure,7.08,3.60,2.69,5.91,4.39,2291
security,6.41,4.19,2.82,,4.97,798
sedan,5.05,3.39,4.72,,3.25,12695
sedate,4.80,4.00,2.96,,3.10,15382
sedation,4.38,3.48,2.87,,3.06,16177
sedative,4.89,3.45,4.56,,3.41,10274
sediment,5.11,2.91,4.00,3.52,2.63,26447
sedition,3.86,4.13,,,2.67,25460
seduce,6.74,6.23,2.18,5.31,3.54,8614
seducer,3.84,6.33,2.36,,2.61,27018
seduction,6.86,7.16,2.21,4.58,3.00,17531
seductive,6.20,6.52,2.48,,2.88,20159
see,6.27,3.90,3.21,,6.41,67
seed,6.38,3.68,4.71,5.21,3.88,5240
seeds,5.80,3.64,,,3.65,7361
seedy,3.86,4.05,2.58,,2.87,20435
seek,6.25,3.90,2.68,5.16,4.26,2839
seeker,6.33,4.95,3.44,,2.97,18107
seem,5.45,3.24,1.75,,5.15,608
seer,5.35,3.77,,,3.17,14097
seesaw,6.50,4.58,4.92,5.06,2.65,25937
segment,4.63,3.61,3.40,,3.30,11908
segregation,3.05,4.09,2.65,,2.94,18951
seismic,4.45,4.32,3.07,,2.80,22203
seize,3.79,4.06,3.97,5.00,3.68,7039
seizure,3.05,4.67,3.79,,3.57,8234
select,6.10,4.05,2.48,6.41,3.55,8498
selection,5.10,3.95,2.34,5.41,3.66,7284
selective,5.21,3.95,2.12,,3.08,15898
selectman,4.84,2.80,,,2.81,21885
selenium,4.86,2.71,,,2.82,21557
self,6.86,4.78,3.10,,4.15,3394
selfish,3.30,4.57,1.92,6.03,4.20,3144
selfishness,2.95,4.57,1.97,,2.90,19680
selfless,7.11,4.52,1.61,,3.26,12485
sell,5.33,4.19,3.35,6.15,4.96,809
seller,4.82,4.09,3.57,,3.34,11188
sellout,3.74,3.83,2.71,,2.82,21557
seltzer,4.33,2.90,4.20,,2.93,19207
semantics,5.00,4.21,1.70,,2.89,19918
semblance,5.00,3.83,2.00,,2.65,25937
semen,3.85,5.00,4.79,,3.60,7959
semester,5.00,4.20,3.07,5.52,3.84,5563
semi,5.57,3.32,2.74,,3.37,10828
semiautomatic,4.68,6.32,3.54,,2.63,26447
seminar,5.20,3.74,3.48,,3.63,7595
seminary,5.64,3.81,3.50,,3.02,17010
senate,3.38,3.63,3.81,,3.81,5816
senator,4.32,3.75,4.59,,4.52,1794
send,6.18,3.43,2.70,6.47,5.25,521
sender,6.43,3.24,3.82,,2.88,20159
senile,3.14,3.68,2.46,,3.24,12846
senior,4.79,3.44,2.97,5.33,4.42,2141
seniority,5.00,3.55,2.34,,3.04,16682
senor,5.24,4.25,,,3.76,6245
senorita,7.10,5.40,4.18,,2.86,20727
sensation,6.14,4.96,2.87,5.09,3.69,6979
sensational,7.21,5.70,1.72,5.06,3.61,7859
sense,6.09,3.70,2.61,6.19,5.12,629
senseless,3.32,3.96,1.69,,3.41,10231
sensibility,6.20,3.45,1.52,,2.71,24525
sensible,6.74,3.72,1.52,5.37,3.83,5645
sensitive,6.33,3.68,2.21,6.03,4.35,2428
sensitivity,5.50,5.30,1.77,,3.47,9519
sensor,4.60,3.47,3.96,,3.36,11038
sensory,6.15,4.52,2.55,,3.04,16682
sensual,7.40,6.35,2.26,5.12,3.18,13906
sensuality,6.71,5.45,2.00,,2.85,21003
sensuous,5.79,5.86,1.90,,2.71,24525
sentence,5.13,3.09,3.57,6.47,4.31,2602
sentencing,3.61,4.57,2.79,,3.14,14627
sentient,5.16,3.64,,,2.67,25460
sentiment,6.20,3.54,2.10,5.00,3.50,9025
sentimental,6.27,2.95,1.68,5.34,3.85,5517
sentimentality,6.00,3.55,1.73,,2.69,24968
sentinel,4.38,3.45,3.67,,2.74,23718
sentry,4.16,3.59,4.04,,3.14,14627
separate,3.95,3.91,3.25,,4.34,2490
separation,3.05,3.67,2.96,,3.69,7003
septic,3.50,3.76,3.74,3.18,3.16,14406
sequel,5.76,3.35,2.86,,3.25,12695
sequence,5.84,2.90,3.10,,3.92,4905
serenade,6.43,3.32,3.50,,3.06,16177
serendipity,6.95,3.23,1.62,,2.77,22917
serene,6.90,4.67,2.07,3.58,3.10,15529
serenity,7.75,2.95,1.62,,3.26,12629
sergeant,3.89,5.10,4.70,,4.80,1108
serial,3.45,4.33,2.44,,4.05,4018
serialize,4.25,3.95,,,2.92,19434
series,5.23,3.62,2.92,5.51,4.30,2632
serious,5.88,4.05,2.10,6.06,5.17,585
seriousness,4.33,3.90,1.50,,3.10,15382
sermon,4.86,3.10,3.34,3.40,3.44,9870
serpent,3.45,4.83,4.97,,3.29,12042
serum,4.10,3.78,4.27,,3.58,8210
servant,4.00,3.77,4.64,,4.08,3813
serve,5.36,3.70,3.78,5.19,4.58,1612
server,5.35,3.71,4.55,,3.60,7979
service,6.83,2.95,2.21,5.46,4.90,912
servitude,3.00,4.50,2.32,,2.84,21286
sesame,5.45,3.95,4.50,,3.19,13804
session,5.10,3.38,2.58,4.81,4.12,3548
set,5.23,3.10,3.41,5.97,5.36,430
setback,3.22,3.95,1.97,5.00,3.19,13804
settle,5.62,3.40,2.31,5.30,4.62,1505
settlement,5.67,3.36,3.07,4.97,3.80,5920
setup,4.35,4.65,3.50,,3.94,4817
seven,4.90,3.80,3.72,,5.02,727
seventeen,5.90,3.38,3.19,,3.76,6233
seventy,4.55,3.48,3.36,,3.32,11666
sever,3.52,5.39,4.00,,3.20,13601
severance,3.89,3.32,2.68,,3.05,16508
severe,3.21,5.43,2.43,5.76,3.97,4574
severity,3.80,5.48,1.76,,2.78,22564
sew,5.67,4.35,3.93,4.82,3.74,6478
sewage,2.33,4.09,4.52,,3.08,15898
sewer,2.90,3.39,4.46,4.41,3.67,7139
sewing,5.05,3.45,4.40,,3.59,8031
sex,6.73,7.60,4.10,6.39,5.18,579
sexist,3.40,5.72,1.83,,3.25,12772
sexual,6.64,6.95,2.50,6.03,4.52,1791
sexuality,5.95,7.14,2.61,,3.49,9160
sexy,7.42,6.80,2.64,6.43,4.48,1932
shabby,4.11,4.05,2.81,,3.24,12929
shack,3.89,3.33,4.93,,3.75,6359
shade,5.91,2.91,3.38,5.10,3.78,6123
shadow,5.07,3.10,4.54,5.81,4.33,2544
shadowy,4.48,4.48,2.92,,3.23,13008
shady,3.71,4.29,2.96,,3.37,10772
shaft,4.86,4.65,4.71,3.84,3.89,5190
shag,5.38,4.95,3.15,,3.28,12186
shake,4.59,5.20,4.07,6.03,4.60,1560
shakedown,4.05,5.55,2.73,,2.96,18305
shaker,5.19,3.58,4.11,,3.21,13489
shaky,3.16,4.33,3.40,4.93,3.47,9402
shall,5.86,3.52,2.33,,5.27,512
shallow,3.86,3.00,3.45,5.58,3.77,6158
shallows,5.37,2.52,3.33,,2.61,27018
sham,3.45,3.14,3.07,,3.18,13906
shaman,5.21,4.17,4.08,,3.40,10367
shame,2.62,5.40,2.24,5.65,4.62,1519
shamed,2.51,4.23,2.18,,2.95,18731
shameful,3.00,4.81,1.71,4.84,3.29,12112
shameless,3.89,4.17,1.89,,3.28,12186
shampoo,5.75,3.18,4.68,6.52,3.63,7629
shank,3.40,4.90,4.18,,3.14,14727
shanty,3.14,4.56,3.97,,2.67,25460
shape,5.41,3.60,3.14,6.21,4.48,1921
shard,4.05,4.18,4.21,,2.87,20435
share,6.22,3.20,2.96,6.19,4.84,1031
shareholder,4.48,2.96,3.72,,2.74,23718
shark,4.02,5.27,4.93,5.16,4.18,3281
sharp,5.24,6.00,3.86,5.78,4.38,2332
sharpen,5.67,4.74,3.72,5.06,3.06,16358
sharpshooter,4.26,5.62,4.59,,2.74,23718
shatter,3.44,5.29,3.96,,3.16,14406
shattering,3.67,5.00,3.43,,2.89,19918
shave,4.90,3.11,4.23,6.06,4.14,3473
shaver,5.39,4.22,4.35,,2.69,24968
shawl,4.90,3.35,5.00,3.76,3.14,14627
shear,5.21,3.57,3.37,3.58,2.63,26447
sheath,4.85,4.05,4.48,,2.71,24525
shed,5.37,3.64,4.55,,4.04,4099
sheep,5.32,2.95,4.90,6.00,4.13,3523
sheepdog,6.40,3.91,4.72,,2.74,23718
sheer,5.38,5.55,3.35,4.71,3.66,7262
sheet,5.57,2.64,4.93,,4.06,3950
sheik,5.15,4.39,4.60,,3.18,13906
shelf,5.62,3.09,4.96,6.29,3.84,5555
shell,6.05,3.23,4.80,5.39,4.12,3564
shellfish,5.00,2.90,4.53,,3.00,17531
shelter,6.50,3.25,4.64,5.49,4.07,3933
sheltered,5.39,3.14,3.62,,3.02,17010
shepherd,5.75,3.05,4.67,,3.87,5308
sherbet,6.36,4.65,4.83,,2.77,22917
sheriff,4.44,4.30,4.50,,4.79,1133
sherry,5.95,3.65,4.32,3.77,4.14,3464
shield,5.91,3.65,4.66,5.41,3.91,4982
shift,4.95,3.82,2.81,,4.36,2404
shifty,3.37,4.78,1.91,,2.87,20435
shilling,5.36,3.76,4.46,,3.17,14097
shimmer,6.95,5.37,3.28,,2.75,23331
shimmering,6.81,4.33,2.76,,2.81,21885
shimmy,6.52,5.20,3.81,,3.07,16056
shin,5.09,3.68,4.86,,3.49,9198
shindig,6.90,5.80,3.52,,3.14,14727
shine,7.27,5.19,3.85,6.03,4.31,2590
shiner,4.84,4.00,3.79,,2.88,20159
shingle,4.45,3.71,4.82,,2.88,20159
shining,5.84,3.89,3.39,,3.99,4433
shiny,6.68,4.45,3.33,5.64,3.89,5145
ship,6.14,3.94,4.87,6.16,4.99,766
shipment,5.26,3.91,4.48,,3.80,5920
shipping,5.60,4.41,3.59,,3.80,5920
shipshape,5.20,4.29,2.76,,2.78,22564
shipwreck,3.84,6.85,4.30,,2.74,23718
shipyard,5.05,3.52,4.79,,2.94,18951
shire,5.78,3.30,,,2.95,18731
shirt,5.56,2.30,4.94,6.43,4.67,1389
shit,3.91,5.67,4.33,6.15,5.68,246
shitfaced,4.65,6.05,2.97,,2.63,26447
shithead,2.37,6.00,2.26,,3.53,8747
shitload,4.76,6.19,2.96,,3.20,13601
shitty,2.30,5.45,2.58,,3.86,5392
shiver,3.61,4.65,3.88,,3.19,13804
shock,3.90,5.95,4.00,5.61,4.46,1991
shocker,4.35,4.62,2.71,,2.98,17898
shocking,4.63,5.30,2.46,6.07,3.79,6002
shoddy,4.14,4.80,2.87,,2.87,20435
shoe,5.78,2.40,4.97,6.49,4.48,1916
shoelace,5.71,3.13,5.00,,2.88,20159
shoemaker,5.86,2.70,4.54,,2.78,22564
shoes,5.88,3.57,,6.74,4.87,968
shoeshine,5.68,2.90,4.21,,2.86,20727
shoot,3.50,6.00,3.97,5.78,5.22,550
shooter,3.70,6.48,4.14,,3.99,4443
shootout,3.32,6.09,3.93,,3.02,17010
shop,5.89,4.76,4.31,,4.73,1241
shopkeeper,5.35,3.57,4.43,,2.61,27018
shoplifter,2.26,5.59,4.32,,2.71,24525
shoplifting,2.95,4.32,3.33,,3.19,13804
shopper,5.29,3.94,4.44,,2.82,21557
shoreline,6.29,4.42,4.87,,2.75,23331
short,5.67,2.62,3.61,6.21,4.93,865
short story,5.42,3.86,4.07,,,
shortage,3.63,3.72,2.46,5.00,3.42,10088
shortcake,6.89,4.14,4.41,,2.72,24116
shortcut,5.84,4.05,3.20,,3.60,7959
shorten,5.05,2.77,3.11,,3.02,17194
shorthand,4.90,4.44,3.57,,3.01,17381
shortness,3.75,4.48,3.14,,2.94,18951
shorts,5.95,4.23,4.82,,3.97,4574
shortstop,5.30,4.40,4.23,,2.92,19434
shortwave,5.30,4.33,2.85,,2.61,27018
shot,2.82,6.48,4.44,5.66,5.36,434
shotgun,3.50,6.55,4.96,4.80,4.00,4369
shoulder,5.10,2.96,4.93,,4.42,2146
shout,5.00,6.29,4.17,,4.22,3061
shove,3.10,3.83,4.04,,4.12,3564
shovel,4.80,3.50,4.97,,3.84,5627
show,5.91,4.10,3.97,5.85,5.69,232
showbiz,5.52,6.05,3.48,,2.71,24525
showboat,5.00,4.12,3.67,,2.61,27018
showcase,6.29,3.71,3.39,,2.80,22203
showdown,4.68,5.55,3.21,,3.10,15382
shower,7.19,4.15,4.89,,4.61,1529
showgirl,5.38,5.76,4.44,,2.96,18305
showoff,4.00,5.45,2.71,,2.61,27018
showroom,5.57,3.88,4.54,,2.81,21885
shrapnel,3.60,4.96,4.57,,3.35,11139
shred,4.53,3.70,4.38,,3.47,9440
shrew,3.83,3.87,4.07,3.94,2.93,19207
shrewd,4.40,4.18,1.92,3.37,3.16,14406
shriek,3.45,5.37,3.97,4.69,2.81,21885
shrill,3.33,5.95,2.80,3.69,2.69,24968
shrimp,6.95,3.78,4.80,5.12,3.94,4792
shrine,5.38,3.35,4.47,,3.47,9402
shrink,4.00,3.42,3.55,,4.05,4018
shrivel,4.21,4.14,3.57,,2.61,27018
shroud,4.21,3.40,4.34,3.09,3.02,17194
shrug,4.71,3.90,4.21,5.85,2.61,27018
shrunken,3.58,4.43,2.93,,2.77,22917
shudder,4.10,4.48,3.41,5.12,3.06,16358
shuffle,4.72,3.45,3.83,,3.47,9440
shuffleboard,4.77,3.92,4.74,,2.61,27018
shuffling,4.85,4.68,3.25,,2.77,22917
shun,2.42,4.04,2.58,,2.72,24116
shunt,4.20,3.76,3.50,,2.98,17898
shut,4.50,4.05,3.38,,5.42,382
shutdown,3.57,2.92,3.85,,3.17,14097
shuteye,5.47,3.06,3.42,,2.75,23331
shutter,4.70,3.38,4.38,,3.17,14196
shuttle,5.65,3.81,4.63,,3.74,6440
shy,5.16,3.33,2.52,6.00,4.26,2832
shyness,4.43,3.00,2.00,,2.77,22917
shyster,3.68,4.00,,,2.75,23331
sibling,7.27,5.16,4.37,,2.99,17712
sick,2.29,4.67,2.97,6.20,5.22,548
sickbay,3.65,4.18,,,2.61,27018
sickening,2.53,5.05,2.32,,2.96,18305
sickle,3.95,3.50,4.88,,2.75,23331
sickly,3.16,4.41,2.60,,2.89,19918
sickness,2.40,3.95,3.45,6.12,3.90,5089
side,5.32,3.14,3.68,,5.30,481
sidearm,4.55,3.67,4.56,,2.67,25460
sidebar,4.95,3.85,3.21,,2.97,18107
sideburns,4.18,4.29,4.96,,3.07,16056
sidecar,6.11,4.73,4.82,,2.78,22564
sidekick,6.14,4.08,3.24,,3.43,9962
sideline,4.55,3.35,3.93,,2.80,22203
sideshow,4.86,5.00,4.03,,3.05,16508
sidewalk,5.67,3.65,4.96,,3.74,6495
sidewinder,4.26,5.09,3.43,,2.92,19434
siege,4.10,5.55,3.18,,3.37,10883
siesta,6.38,3.59,3.89,,2.71,24525
sift,5.09,3.67,3.79,,2.88,20159
sigh,4.29,2.91,3.89,5.94,3.53,8698
sight,7.11,3.20,3.21,,4.66,1418
sighting,5.57,4.26,3.14,,3.19,13696
sightseeing,7.38,5.08,3.11,,3.17,14097
sigma,4.83,3.23,2.76,,2.88,20159
sign,5.27,3.19,4.62,,5.12,627
signal,5.27,4.05,3.86,5.76,4.58,1616
signature,5.57,3.30,4.43,,4.09,3800
significance,6.21,4.00,1.68,,3.54,8555
significant,6.60,4.90,1.67,,3.81,5816
signify,5.16,4.80,1.73,,2.81,21885
silence,5.25,3.48,3.33,6.18,4.40,2222
silencer,3.90,3.57,4.19,,2.97,18107
silent,5.14,3.21,3.67,6.16,4.36,2387
silhouette,6.10,3.14,4.57,,2.77,22917
silicon,5.10,4.05,4.68,,3.24,12929
silicone,4.26,3.44,4.33,,2.90,19680
silk,6.55,3.88,4.70,5.74,3.99,4443
silken,6.38,2.70,2.80,,2.63,26447
silky,7.00,3.73,4.12,,2.90,19680
sill,5.00,3.36,4.59,,2.67,25460
silliness,6.27,5.13,2.75,,2.63,26447
silly,6.72,4.86,2.20,6.19,4.76,1189
silo,4.59,2.90,4.30,,2.98,17898
silver,7.48,4.00,4.52,,4.50,1864
silverware,5.76,2.96,4.66,,3.33,11377
silvery,5.72,3.67,3.04,,2.71,24525
similar,5.86,3.43,2.46,,4.13,3496
similarity,6.05,3.14,1.90,,2.86,20727
simmer,5.86,3.18,3.88,5.53,3.24,12929
simple,7.17,2.71,1.62,6.50,4.95,831
simpleton,4.53,3.18,3.12,,2.80,22203
simplicity,7.05,3.57,1.96,,3.14,14727
simplify,6.35,3.10,1.89,,2.96,18305
simplistic,6.43,3.88,1.93,,2.63,26447
simulate,5.76,4.84,2.31,,3.07,16056
simulated,5.63,4.61,2.32,,2.98,17898
simulation,5.67,3.83,3.03,,3.36,11038
simulator,5.90,3.82,3.89,,2.90,19680
simultaneous,5.57,3.48,2.25,,2.77,22917
sin,3.08,5.82,1.85,5.46,4.20,3134
sincere,6.86,3.91,1.81,5.00,3.78,6112
sincerity,7.90,4.42,1.97,,3.30,11850
sinful,3.37,5.76,1.87,,3.24,12929
sing,7.50,4.10,4.34,6.66,4.99,774
singer,6.90,4.86,4.62,6.44,4.20,3176
single,5.39,3.85,3.27,,4.86,991
singular,4.89,3.12,2.21,4.59,3.11,15245
singularity,4.60,3.22,2.08,,3.11,15245
sinister,2.63,5.10,2.38,5.34,3.34,11241
sink,4.62,3.70,4.74,6.43,4.23,2991
sinker,4.84,3.45,3.85,,2.75,23331
sinner,3.25,5.38,3.07,,3.40,10484
sinus,3.57,3.23,4.27,,3.25,12772
sip,5.38,2.71,4.17,,3.71,6786
sir,5.45,4.33,3.10,,5.98,138
sire,5.38,3.54,,,4.12,3579
siren,3.80,6.10,4.45,,3.82,5778
sirloin,7.38,4.00,4.66,,2.80,22203
sissy,3.42,3.26,2.63,3.67,3.86,5382
sister,7.00,3.86,4.00,6.52,5.26,519
sisterhood,5.68,4.33,2.53,,2.81,21885
sit,5.82,3.19,4.80,6.68,5.49,334
sitcom,6.10,3.29,3.83,,3.19,13804
site,5.22,3.55,4.56,,4.28,2723
sitter,4.89,2.73,3.89,,3.20,13601
situation,5.33,4.05,2.03,5.59,4.92,893
six,4.85,3.18,3.43,,5.30,482
sixpence,4.62,3.52,4.45,,2.78,22564
sixteen,6.30,4.20,3.88,,3.91,4982
sixty,4.70,3.90,3.56,,3.74,6522
sizable,6.62,4.30,2.70,,2.72,24116
size,5.61,3.14,3.13,,4.66,1394
sizzle,6.14,4.39,3.48,,2.81,21885
ska,4.57,3.56,,,2.14,41017
skate,6.74,4.48,4.56,,3.77,6158
skateboard,5.16,4.00,4.86,,3.23,13116
skater,6.16,3.95,4.65,,3.28,12186
skedaddle,5.24,4.11,3.04,,2.75,23331
skeet,4.25,5.10,4.23,,2.72,24116
skeletal,3.63,4.20,3.67,,2.69,24968
skeleton,4.37,4.55,4.97,5.75,3.71,6772
skeptic,4.21,5.35,2.31,,2.71,24525
skeptical,3.58,5.45,1.70,,3.17,14097
skepticism,4.30,5.30,2.14,,2.86,20727
sketch,6.21,4.33,4.56,5.40,3.69,6915
sketchy,4.09,4.96,1.96,,3.10,15529
skewer,5.37,4.81,4.46,,2.63,26447
ski,5.91,6.05,4.63,5.33,3.91,5016
skid,4.00,4.45,4.07,,3.34,11241
skier,5.76,3.14,4.32,,2.69,24968
skiing,6.25,5.40,4.42,4.73,3.62,7698
skijump,5.11,5.50,,4.76,,
skill,6.65,4.94,2.17,6.17,3.90,5096
skilled,7.05,5.00,1.96,6.17,3.38,10715
skillet,5.85,3.24,4.73,,3.09,15637
skillful,6.86,4.42,1.93,,2.90,19680
skim,4.67,3.55,3.76,,2.94,18951
skimpy,4.65,4.00,2.74,,2.71,24525
skin,5.78,3.25,4.79,6.70,4.64,1453
skinny,5.36,4.27,3.57,6.16,4.15,3432
skip,4.76,4.25,4.07,,4.32,2548
skirmish,4.25,5.11,2.69,,2.75,23331
skirt,6.14,4.88,4.82,6.48,4.00,4385
skit,5.63,4.80,3.86,,2.93,19207
skittish,4.27,4.95,2.11,,2.81,21885
skull,3.63,4.98,4.83,5.67,4.17,3316
skunk,3.78,5.81,4.88,4.91,3.51,8887
sky,7.32,2.74,4.45,6.53,4.65,1436
skylight,6.80,3.95,4.79,,2.94,18951
skyline,6.17,4.40,4.43,5.36,2.84,21286
skyscraper,5.84,5.33,4.76,5.76,2.90,19680
slab,4.70,2.40,4.29,4.66,3.27,12417
slack,3.85,3.22,3.15,4.88,3.77,6146
slag,2.63,3.90,,,2.89,19918
slam,4.79,4.61,4.00,,3.76,6233
slammer,4.09,4.79,3.46,,3.10,15529
slander,2.45,5.68,2.33,,3.10,15382
slang,5.25,4.47,2.48,,3.15,14512
slant,4.84,4.10,3.08,,3.06,16177
slap,2.95,4.59,4.72,6.07,4.10,3727
slash,4.85,5.65,3.52,4.50,3.38,10678
slate,4.77,3.19,4.58,,3.51,8927
slaughter,2.33,5.77,3.68,5.31,3.74,6511
slaughterhouse,2.68,6.76,4.83,3.70,3.10,15382
slave,2.06,4.53,4.38,4.37,4.27,2824
slavery,2.00,5.45,3.11,,3.61,7807
slay,2.63,4.90,3.10,,3.33,11377
slayer,4.43,4.88,3.89,,3.45,9660
sleaze,2.95,4.12,2.41,,2.89,19918
sleazy,3.85,5.64,2.48,,3.34,11241
sled,6.35,3.25,5.00,,3.47,9479
sledge,4.55,3.25,4.11,,2.69,24968
sledgehammer,3.57,4.43,4.89,,2.95,18526
sleek,6.26,4.08,3.00,4.11,2.94,18951
sleep,7.22,3.60,4.44,6.84,5.36,433
sleeper,5.84,3.04,3.40,,3.32,11666
sleepless,3.11,4.64,2.68,,3.14,14727
sleepover,6.26,4.70,3.39,,3.17,14196
sleepy,4.36,3.04,2.77,6.76,3.93,4834
sleepyhead,5.43,2.85,3.39,,2.74,23718
sleet,4.40,4.00,4.78,,2.82,21557
sleeve,5.95,3.26,4.84,,3.75,6380
sleigh,6.11,3.42,4.71,,3.52,8847
sleight,4.65,3.24,2.68,,2.71,24525
slender,6.05,4.17,3.56,,2.88,20159
slice,5.05,3.50,3.85,,3.93,4849
slick,5.00,4.17,3.69,,3.84,5611
slicker,4.84,3.82,3.38,,2.93,19207
slide,5.71,3.30,4.48,5.25,4.25,2894
slider,5.94,4.35,3.68,,2.61,27018
slight,4.60,3.78,1.90,5.30,4.01,4333
slim,6.63,4.26,3.93,,4.07,3878
slime,3.15,4.58,4.48,3.97,3.44,9781
slimy,3.21,5.10,3.26,4.65,3.50,9128
sling,4.26,4.90,4.52,,3.36,10934
slingshot,5.41,5.47,4.87,,3.15,14512
slinky,4.63,3.95,3.71,,2.99,17712
slip,4.33,4.70,4.10,5.18,4.41,2178
slipper,5.80,3.83,4.86,,3.35,11139
slippery,4.38,5.35,3.94,5.18,3.65,7423
slit,4.26,4.23,3.68,,3.58,8134
sliver,5.75,3.85,3.88,,2.67,25460
slob,2.48,4.70,3.22,,3.55,8442
slobber,3.65,4.29,4.33,,2.65,25937
slogan,4.90,3.45,3.03,,3.40,10424
slop,3.74,3.41,3.44,,3.27,12417
slope,5.42,3.59,4.07,5.41,3.47,9440
sloppy,3.42,3.64,2.44,,3.77,6180
slot,5.20,4.10,4.45,,3.74,6478
sloth,4.05,2.90,4.83,,3.17,14196
slouch,3.85,3.45,3.56,,2.81,21885
slow,4.00,2.89,3.28,6.32,4.88,951
sludge,2.95,4.38,4.23,,2.69,24968
slug,3.16,4.90,4.64,5.07,3.70,6895
slugger,4.67,4.96,3.15,,3.05,16508
sluggish,4.05,3.20,2.93,4.26,2.90,19680
slum,2.55,4.20,4.03,3.90,3.11,15245
slumber,6.24,2.73,3.32,,3.44,9821
slump,3.95,4.19,3.32,3.97,3.08,15770
slur,2.89,3.48,3.31,,2.69,24968
slurp,5.00,4.81,3.83,,2.65,25937
slush,4.68,4.16,4.04,4.55,2.75,23331
slut,2.55,5.96,3.19,,4.06,4007
slutty,3.50,6.55,2.31,,3.33,11377
sly,3.74,4.76,2.03,,3.43,10007
smack,3.95,5.39,4.67,,3.98,4537
small,5.76,3.43,3.22,6.70,5.10,645
smallpox,2.02,4.90,4.25,4.38,3.17,14097
smart,7.73,3.81,1.75,6.33,4.98,784
smartass,5.10,5.45,2.72,,2.86,20727
smarten,6.22,3.70,1.80,,2.77,22917
smarty,6.36,4.05,,,2.78,22564
smash,4.68,5.76,3.79,5.55,3.92,4952
smear,3.84,4.04,3.66,4.19,3.34,11241
smell,6.39,5.24,3.70,6.00,4.92,888
smelly,2.68,5.43,3.07,5.31,3.62,7720
smidgen,5.17,3.95,3.00,,2.63,26447
smile,7.89,4.62,4.50,6.80,4.76,1182
smiley,7.58,5.09,3.93,,3.33,11377
smirk,5.32,4.70,4.32,,2.92,19434
smirnoff,6.44,4.45,,,,
smite,3.95,5.75,2.31,,2.77,22917
smithereens,4.16,5.14,2.64,,2.75,23331
smock,5.25,3.39,4.78,,2.71,24525
smog,2.56,4.30,4.14,,3.04,16682
smoke,3.44,5.00,4.96,6.23,4.82,1077
smoker,3.59,3.79,4.59,5.58,3.36,10983
smoky,3.73,4.87,4.04,,2.84,21286
smooch,7.35,5.48,4.21,,2.69,24968
smooth,6.42,2.76,3.81,6.12,4.26,2845
smoothie,7.89,4.35,4.62,,2.87,20435
smother,2.68,4.75,3.10,,3.08,15898
smudge,4.29,3.32,4.50,,3.01,17381
smug,3.68,3.50,1.83,,3.38,10678
smuggle,3.89,5.09,3.00,,3.30,11850
smuggler,3.45,4.62,4.31,,3.09,15637
smut,3.73,5.62,3.14,,3.14,14627
snack,6.53,4.11,4.36,6.39,3.96,4652
snafu,4.60,4.36,,,2.74,23718
snag,4.09,4.91,3.62,,3.28,12186
snail,4.52,3.05,4.93,5.12,3.25,12695
snake,4.03,7.24,5.00,5.65,4.35,2440
snakeskin,4.41,4.71,4.72,,2.85,21003
snap,4.42,3.42,4.10,4.71,4.24,2942
snapper,4.43,4.81,4.52,,2.84,21286
snappy,5.55,5.05,2.65,,3.47,9440
snapshot,5.84,4.28,4.68,,3.02,17010
snare,4.79,4.70,3.90,,2.89,19918
snarl,2.45,5.85,4.00,,2.74,23718
snatch,4.64,4.77,3.86,3.64,3.59,8000
snatcher,2.95,5.48,3.60,,2.69,24968
snazzy,6.45,5.41,1.77,,2.80,22203
sneak,4.33,5.45,2.82,,4.23,2996
sneaker,5.85,3.45,4.69,,2.85,21003
sneaky,3.94,6.22,1.97,,3.63,7610
sneer,3.30,4.36,3.65,,2.88,20159
sneeze,4.00,4.81,4.03,,3.47,9440
snide,3.33,4.09,2.04,,2.75,23331
sniff,5.10,4.95,4.17,,3.55,8467
snip,4.32,4.74,3.68,,3.33,11461
sniper,3.50,5.86,4.55,,3.64,7485
snippy,3.57,5.80,2.68,,2.97,18107
snitch,3.79,5.67,3.85,,3.50,9066
snob,2.53,4.68,2.70,4.82,3.34,11241
snoop,3.45,6.05,3.00,,3.40,10424
snoopy,6.11,5.05,2.93,,3.02,17194
snooty,3.05,4.65,2.42,,2.81,21885
snooze,6.36,4.00,3.31,,2.96,18305
snore,3.00,3.71,4.39,,3.21,13394
snorkel,6.00,4.28,4.56,,2.80,22203
snort,4.55,4.19,4.18,4.91,3.07,16056
snot,3.55,4.14,4.48,,3.33,11461
snotty,2.85,4.52,2.39,,3.11,15245
snout,4.48,3.39,4.89,,2.94,18951
snow,6.78,4.57,4.85,6.09,4.50,1879
snowball,6.86,4.30,4.93,,3.15,14512
snowboard,5.09,4.95,4.86,,2.90,19680
snowboarder,5.90,4.71,4.61,,2.65,25937
snowfall,6.35,4.44,4.66,,2.61,27018
snowflake,7.19,3.55,4.76,,3.08,15898
snowman,7.00,3.76,4.64,5.14,3.28,12186
snowplow,5.05,3.39,4.97,,2.61,27018
snowstorm,3.55,5.85,4.86,,2.95,18731
snowy,6.59,3.96,4.25,,3.03,16856
snub,3.23,3.86,2.41,,2.61,27018
snuff,3.58,3.65,4.04,,3.30,11850
snug,5.63,3.25,2.54,,3.16,14304
snuggle,7.63,5.54,3.52,6.00,3.12,15104
soak,6.05,3.00,4.21,5.40,3.54,8614
soap,7.10,2.62,4.93,,4.18,3249
soapbox,4.90,4.22,3.96,,2.69,24968
soapy,5.27,4.27,4.41,,2.71,24525
soar,6.60,5.14,3.67,4.81,3.19,13804
sob,2.65,4.89,3.79,4.97,3.18,13906
sober,5.95,4.32,2.86,6.21,4.00,4350
sobriety,6.00,3.80,2.52,3.62,2.82,21557
soccer,5.84,4.68,4.76,,4.10,3711
sociable,6.43,4.35,2.03,,3.01,17381
social,6.08,5.16,2.27,6.48,4.52,1780
socialism,4.00,4.68,2.21,,2.77,22917
socialist,4.11,4.44,3.19,4.68,3.11,15245
socialite,4.95,4.24,3.93,,2.65,25937
socialize,5.95,5.10,2.41,,2.99,17712
society,5.24,4.55,2.54,6.55,4.52,1806
sociology,4.60,3.82,1.79,,2.65,25937
sociopath,2.44,6.43,2.50,,3.01,17381
sock,4.43,3.09,4.91,6.16,3.95,4702
socket,4.45,4.04,4.32,,3.21,13394
sod,4.85,2.14,4.62,,3.27,12417
soda,5.47,4.77,4.97,,4.30,2663
soda/pop,6.65,4.95,,,,
sodium,4.17,3.73,4.21,,3.40,10484
sofa,6.26,2.90,4.90,6.38,3.77,6199
soft,7.13,3.04,3.88,6.32,4.51,1851
softball,5.53,4.10,4.89,,3.36,11038
soften,6.57,2.96,2.57,,3.18,14005
softener,6.14,2.35,3.38,,2.67,25460
softness,6.75,5.06,3.10,,2.69,24968
software,6.37,3.83,4.08,,3.93,4893
soggy,3.47,3.65,3.28,,3.00,17531
soil,5.21,2.76,4.87,5.17,3.89,5155
soiree,6.38,3.85,,,2.88,20159
solace,6.37,4.35,2.04,,3.19,13804
solar,6.00,3.87,4.00,4.79,3.67,7212
solarium,6.10,5.20,4.04,,2.65,25937
soldier,5.45,5.90,4.72,5.44,4.59,1580
sole,4.90,3.78,4.11,4.58,3.72,6652
solemn,4.66,2.90,1.52,4.30,3.34,11188
solicit,3.59,4.68,2.83,,2.80,22203
solicitation,4.20,4.43,2.96,,2.95,18526
solicitor,3.32,4.00,3.92,,2.95,18526
solid,5.65,2.36,4.42,5.73,4.29,2689
solidarity,5.71,4.00,1.90,,2.90,19680
solitaire,5.62,3.65,3.70,,3.07,16056
solitary,4.65,2.96,3.31,,3.53,8672
solitude,4.76,3.18,2.07,,3.30,11850
solo,5.91,4.12,2.79,,3.93,4838
solution,6.30,4.29,2.61,5.91,4.20,3157
solve,6.30,4.35,2.10,,4.29,2694
solvent,4.79,2.77,3.70,,2.75,23331
somersault,6.37,4.73,4.79,,2.71,24525
son,6.91,4.43,4.14,6.20,5.61,278
sonar,5.32,4.11,3.81,3.00,3.62,7720
song,7.59,4.60,4.46,6.67,4.97,805
songwriter,6.25,4.43,4.33,,3.00,17531
sonic,5.32,4.82,2.29,3.41,3.29,12042
sonnet,5.86,3.33,3.90,3.70,2.89,19918
soot,5.19,4.65,4.61,,3.04,16682
soothe,6.63,3.91,2.14,5.03,3.12,15104
soothing,7.05,1.91,1.96,5.26,3.36,11038
sophisticated,6.32,5.13,1.88,,3.83,5651
sophistication,6.71,5.80,1.92,,2.99,17712
sophomore,5.00,3.81,3.45,,3.46,9588
soprano,4.95,4.62,4.11,,3.43,10048
sorcerer,5.76,4.73,4.47,,3.24,12929
sorcery,5.14,4.33,2.00,,2.82,21557
sordid,3.38,3.87,,,3.40,10424
sore,2.80,4.06,3.23,6.07,4.18,3278
sorority,4.95,4.28,3.48,,3.28,12244
sorrow,2.95,3.55,2.36,4.79,3.84,5611
sorrowful,3.43,3.64,1.74,,2.61,27018
sorry,4.81,4.62,1.90,,6.07,120
soul,6.61,4.30,1.86,5.25,4.89,942
soulful,7.10,5.68,2.24,,2.65,25937
soulless,2.71,4.76,1.52,,2.81,21885
sound,6.45,4.14,3.70,,5.16,601
soundproof,5.77,2.90,3.38,,2.92,19434
soundtrack,6.00,4.26,4.34,,2.98,17898
soup,7.05,4.24,4.72,6.38,4.40,2235
sour,3.95,4.95,3.14,5.53,3.77,6223
source,5.48,4.50,2.96,5.28,4.45,2025
sourpuss,3.20,3.83,2.73,,2.71,24525
south,6.11,3.48,3.84,,4.81,1089
southbound,5.14,3.67,3.18,,2.90,19680
southeast,5.80,3.60,3.80,,3.52,8847
southern,5.67,3.09,2.62,,4.06,3950
southpaw,5.32,3.48,3.78,,2.72,24116
southwest,5.80,2.52,3.25,,3.54,8638
souvenir,6.89,5.13,4.45,,3.67,7139
sovereign,4.96,3.68,2.04,3.18,3.40,10367
sovereignty,4.89,4.67,2.76,,2.77,22917
soviet,4.10,3.43,3.15,,3.85,5504
sow,5.11,3.71,4.04,4.22,3.29,12112
soy,4.79,3.29,4.70,,3.37,10883
soy sauce,6.81,4.00,4.97,,,
soybean,5.43,3.30,4.82,,2.71,24525
spa,7.38,3.75,4.67,5.00,3.67,7152
space,6.89,3.60,3.54,6.03,4.82,1069
spacecraft,5.58,6.27,4.80,,3.36,11038
spaceman,6.14,3.70,4.68,,3.01,17381
spaceship,5.61,6.00,4.48,5.51,3.57,8301
spacing,5.21,3.19,3.15,,2.75,23331
spacious,6.33,3.70,2.56,,3.06,16177
spade,5.48,3.74,4.46,4.50,3.37,10883
spaghetti,6.91,4.04,5.00,,3.77,6146
spam,3.10,3.83,4.18,,3.07,16056
span,5.74,3.10,3.00,,3.30,11908
spandex,4.60,4.17,4.97,,2.87,20435
spaniel,5.67,4.15,4.70,,2.94,18951
spank,3.76,5.91,4.21,4.58,3.53,8698
spanking,3.00,5.98,4.28,,3.26,12485
spar,5.43,3.36,3.52,,2.86,20727
spare,5.57,4.45,3.48,,4.49,1900
spareribs,6.14,5.43,4.76,,2.65,25937
spark,6.05,5.83,4.25,5.50,3.80,5939
sparkle,7.10,4.74,3.81,5.58,3.23,13116
sparkling,6.47,4.91,3.31,,3.30,11850
sparkly,6.70,6.55,3.54,,2.84,21286
sparrow,6.58,3.78,4.85,,3.42,10135
spasm,3.17,5.24,4.07,,3.05,16508
spastic,3.95,5.05,2.61,,2.80,22203
spatial,4.73,3.38,1.96,,2.77,22917
spatter,4.10,3.40,3.63,,3.08,15898
spatula,5.14,2.86,4.96,,3.05,16508
spawn,4.85,4.00,3.90,,3.26,12485
speak,5.91,4.19,3.70,6.36,5.27,506
speakeasy,5.89,5.30,3.59,,2.84,21286
speaker,5.32,4.35,4.69,6.19,3.84,5588
speakerphone,5.00,3.18,4.69,,2.95,18526
spear,4.43,4.70,5.00,5.19,3.66,7284
spec,4.50,3.87,2.90,,2.95,18731
special,7.50,3.48,1.76,6.31,5.17,584
specialist,5.52,4.27,3.00,,3.72,6709
specialize,6.23,4.77,1.70,,3.13,14853
specialty,5.48,3.70,2.43,,3.73,6595
species,5.26,3.73,3.36,,4.14,3490
specific,5.48,2.55,2.18,,4.25,2896
specify,5.53,3.64,2.30,,2.96,18305
specimen,4.40,3.24,4.45,,3.68,7106
speck,4.33,3.95,4.46,,3.27,12325
speckled,5.78,4.45,3.59,,2.61,27018
specs,5.16,2.95,3.04,,3.32,11598
spectacle,5.61,4.40,3.45,,3.41,10231
spectacular,7.50,6.65,1.82,5.40,3.75,6337
spectator,5.58,3.44,4.07,,2.96,18305
spectral,5.53,4.95,,,2.81,21885
spectrum,6.65,3.05,2.97,,3.34,11315
speculate,5.63,4.53,1.68,,3.09,15637
speculation,4.67,4.75,2.15,,3.37,10883
speech,5.62,4.10,3.37,6.39,4.58,1607
speechless,4.53,3.45,2.41,,3.25,12772
speed,6.71,6.80,3.62,5.82,4.62,1525
speedboat,7.00,5.65,4.87,,2.74,23718
speeding,3.68,6.14,3.63,,3.70,6883
speedway,6.05,5.38,4.57,,2.78,22564
speedy,5.90,5.10,2.93,5.44,3.30,11968
spell,6.18,4.15,3.32,5.44,4.56,1656
spelling,5.75,3.62,3.63,6.03,3.70,6851
spend,5.91,4.48,2.93,,4.97,806
spender,5.38,4.43,3.48,,3.13,14853
sperm,5.47,4.86,4.82,5.39,3.80,5963
spew,3.37,5.00,3.20,,2.69,24968
sphere,6.21,4.00,4.44,4.57,3.40,10484
sphincter,4.37,4.00,4.54,,3.06,16358
sphinx,6.05,4.90,4.83,,3.02,17194
spic,3.37,4.57,,,3.07,16056
spice,6.55,4.06,4.54,,3.72,6625
spicy,6.32,6.63,3.31,,3.52,8802
spider,3.35,6.91,4.97,6.46,4.00,4350
spiffy,6.35,4.50,2.43,,2.85,21003
spike,4.23,5.35,4.52,,4.09,3787
spill,3.63,3.74,4.07,,3.93,4869
spin,4.90,3.68,3.90,5.85,4.17,3331
spinach,5.81,3.43,4.77,5.84,3.41,10274
spinal,3.78,4.35,3.62,,3.63,7574
spindle,4.44,3.55,4.92,,2.63,26447
spine,5.33,3.14,4.88,5.84,3.76,6273
spineless,2.95,4.57,2.25,,2.95,18731
spinner,4.58,4.55,3.83,,2.95,18526
spinster,4.14,4.00,3.58,,2.99,17712
spiral,6.40,5.00,4.18,,3.26,12629
spirit,7.00,5.03,1.60,5.29,4.69,1328
spirited,7.57,5.21,1.67,,3.09,15637
spiritual,5.82,4.82,1.79,,3.95,4741
spirituality,7.26,3.10,1.07,,2.96,18305
spit,3.00,3.57,4.71,4.91,4.29,2710
spiteful,2.89,4.71,2.34,,2.88,20159
spitfire,5.18,5.42,2.86,,2.78,22564
spittoon,3.39,3.95,4.70,,2.63,26447
splash,6.53,4.80,4.19,,3.63,7629
splat,3.79,5.00,3.04,,2.94,18951
splatter,4.57,5.37,3.82,,2.95,18731
spleen,4.47,3.55,4.70,,3.41,10231
splendid,7.62,3.86,1.79,,4.07,3933
splendor,6.95,4.00,1.59,,3.08,15898
splice,4.74,3.67,3.19,,2.61,27018
splint,3.58,3.25,4.69,,2.95,18731
splinter,3.15,4.50,4.41,,3.17,14097
split,4.50,5.55,3.96,5.21,4.58,1599
spoil,2.83,4.09,2.82,,4.07,3944
spoils,3.42,4.76,2.83,,3.32,11666
spokesman,4.90,2.90,4.11,,3.08,15898
spokesperson,4.95,3.95,3.89,,2.96,18305
sponge,5.45,4.25,5.00,6.16,3.83,5688
sponsor,5.30,4.05,3.28,4.71,3.73,6578
sponsorship,5.71,4.95,2.60,,2.65,25937
spontaneity,6.45,5.57,1.70,,2.93,19207
spontaneous,6.63,5.71,1.73,,3.62,7679
spook,3.70,5.14,3.14,,3.44,9821
spooky,4.40,6.00,2.25,4.90,3.68,7120
spool,5.71,3.37,4.62,,2.72,24116
spoon,5.90,3.79,4.96,6.54,3.88,5227
spoonful,5.29,2.62,4.43,,2.78,22564
sport,6.95,4.70,3.48,6.42,4.30,2657
sporting,6.24,4.40,2.93,,3.50,9128
sports car,6.67,4.86,4.88,,,
sportsman,5.89,4.85,4.44,,2.85,21003
sportsmanship,6.30,5.14,1.97,,2.75,23331
sportswriter,5.71,4.42,3.93,,2.86,20727
sporty,5.78,4.55,2.62,,2.88,20159
spot,5.12,2.95,4.21,5.92,4.79,1128
spotless,6.05,3.50,3.34,,3.08,15898
spotlight,5.74,4.95,4.63,,3.47,9519
spotter,5.37,3.00,3.88,,2.98,17898
spotty,4.29,4.00,2.96,,2.81,21885
spousal,6.00,4.42,2.52,,2.72,24116
spouse,7.44,5.76,3.85,4.85,3.28,12186
spout,5.29,3.14,4.67,,3.02,17194
sprain,3.11,3.85,3.79,,2.94,18951
spray,5.06,4.00,4.50,5.58,3.98,4499
spread,5.57,4.15,3.68,6.00,4.50,1881
spreader,4.17,3.71,3.72,,2.85,21003
spree,5.95,5.00,2.92,3.32,3.33,11377
spring,7.64,5.50,3.89,6.24,4.50,1880
springtime,7.64,4.38,3.09,,3.17,14097
sprinkle,6.72,3.55,3.82,,3.17,14196
sprinkler,5.86,3.29,4.89,,2.97,18107
sprint,5.67,5.90,4.14,,2.86,20727
sprite,5.85,3.83,3.86,,2.82,21557
sprout,5.70,3.59,4.64,,2.96,18305
spruce,5.55,3.18,3.86,,3.05,16508
spud,5.05,4.05,4.76,,2.97,18107
spunk,6.17,5.20,2.44,,3.13,14853
spunky,5.55,5.00,1.97,,2.81,21885
spur,5.00,4.48,4.57,2.97,3.16,14304
spy,4.68,4.74,4.14,,4.30,2640
squabble,3.60,4.06,2.63,,2.67,25460
squad,5.35,4.33,3.65,4.10,4.33,2505
squadron,4.40,4.25,3.48,,3.64,7447
squall,4.32,4.10,3.04,,2.61,27018
squander,3.55,3.95,2.54,,2.78,22564
square,5.11,3.33,4.33,6.00,4.50,1863
squash,4.28,3.88,4.70,4.74,3.64,7463
squat,4.65,4.05,4.32,5.76,3.50,9099
squaw,4.71,5.50,4.08,,3.12,14978
squawk,5.11,4.00,3.73,,3.24,12929
squeak,4.95,4.79,4.07,,3.38,10715
squeaky,4.63,4.22,3.07,,3.30,11908
squeal,5.14,5.45,3.42,,3.43,10007
squealer,3.48,6.10,3.52,,2.82,21557
squeamish,3.63,5.45,2.17,,2.95,18526
squeeze,4.85,3.91,3.75,5.58,4.18,3268
squid,4.62,4.04,4.71,5.06,3.44,9781
squint,4.40,3.71,4.30,,3.01,17381
squire,4.67,3.48,4.16,,3.49,9198
squirm,3.86,5.29,3.82,,2.93,19207
squirrel,5.71,4.48,4.89,5.51,3.74,6495
squirt,5.67,4.56,3.93,,3.44,9821
squish,3.11,4.55,3.85,,3.02,17010
squishy,5.00,4.43,3.64,,2.88,20159
stab,3.05,5.17,4.07,5.67,3.94,4776
stability,6.18,2.64,2.41,,3.25,12695
stabilize,5.86,3.87,2.72,,3.18,14005
stabilizer,5.67,3.10,3.25,,2.75,23331
stable,5.20,3.11,3.77,,4.12,3572
stack,5.33,3.33,4.30,4.11,3.79,6045
stadium,5.53,5.25,4.79,5.79,3.79,6035
staff,5.18,4.30,4.36,6.38,4.50,1853
stag,5.16,4.50,4.39,4.07,3.21,13489
stage,5.67,3.76,4.64,5.71,4.66,1411
stagecoach,5.11,3.89,4.93,4.38,3.01,17381
stagehand,4.76,4.09,4.07,,2.75,23331
stagger,3.42,4.38,3.57,,2.78,22564
stagnant,3.05,3.49,3.07,3.67,2.47,31015
stain,3.00,4.27,4.59,5.64,3.79,5986
stainless,5.85,3.36,3.29,,2.87,20435
stair,5.14,4.40,4.93,,3.14,14727
staircase,5.20,3.30,4.66,,3.25,12772
stairs,5.48,3.59,5.00,,4.38,2334
stairway,5.62,3.44,4.83,,3.21,13489
stairwell,5.67,2.96,4.85,,3.33,11461
stake,4.78,3.42,4.21,4.19,4.22,3039
stakeout,4.43,5.90,3.38,,3.30,11968
stale,3.62,2.68,3.48,4.96,3.47,9479
stalemate,3.80,2.78,2.41,,2.69,24968
stalk,3.89,5.36,3.50,,3.23,13008
stalker,2.55,5.82,3.93,,3.57,8265
stall,4.32,2.90,4.37,4.31,3.95,4709
stallion,6.35,4.77,4.72,4.15,3.51,8991
stamina,6.55,4.62,2.81,,3.21,13489
stamp,5.80,3.45,4.70,5.56,3.77,6146
stampede,4.48,6.20,3.89,,3.13,14853
stance,6.10,2.86,4.04,4.71,3.28,12244
stand,5.27,3.10,4.16,5.93,5.35,437
standard,4.76,3.61,1.83,,4.27,2824
standardized,4.48,3.65,1.93,,2.90,19680
standby,4.68,3.28,2.34,,3.47,9402
standoff,3.37,4.43,2.93,,2.85,21003
standpoint,5.10,4.17,1.71,,3.13,14853
standstill,4.74,3.18,2.39,,2.72,24116
standup,6.00,4.32,3.62,,2.90,19680
staph,2.60,4.00,3.33,,2.71,24525
staple,5.00,4.48,4.34,5.46,3.06,16358
stapler,5.25,3.29,4.62,6.03,2.95,18731
star,7.47,5.50,4.69,6.32,4.91,900
star fruit,6.27,3.43,4.73,,,
starboard,5.42,4.11,3.24,,3.82,5778
starch,4.95,3.90,4.29,,3.14,14727
stardom,5.85,5.45,2.26,,2.80,22203
stardust,6.84,4.40,3.08,,2.90,19680
stare,4.45,4.68,4.10,5.56,4.00,4385
starfish,6.53,4.23,4.90,5.00,2.88,20159
starlet,6.26,4.18,4.46,,2.78,22564
starlight,7.68,4.91,4.34,,3.21,13489
starling,5.53,4.32,,,3.31,11732
starry,7.40,3.96,4.08,,2.87,20435
starship,6.32,4.83,4.00,,3.46,9629
start,6.41,4.81,2.71,6.41,5.53,315
starter,5.71,4.00,3.38,,3.44,9870
startle,4.65,4.40,2.13,4.82,3.08,15898
startled,4.53,5.67,,,3.39,10540
startling,5.17,5.23,2.54,,3.14,14627
starvation,1.72,5.45,2.42,,3.17,14097
starve,2.53,4.00,3.48,6.21,3.79,6015
starving,2.86,5.10,2.89,6.18,4.23,2987
stash,5.24,4.64,3.73,,3.70,6835
stat,4.86,3.76,3.19,,3.45,9706
state,5.73,3.29,3.52,,5.03,718
stately,5.05,3.10,1.83,,2.67,25460
statement,5.32,3.70,2.96,,4.47,1968
stateroom,5.64,3.63,4.50,,2.92,19434
stateside,4.84,3.77,3.08,,3.08,15898
statesman,4.58,2.89,3.76,,2.80,22203
static,4.41,3.33,3.32,,3.70,6883
station,5.50,3.00,4.32,,4.90,922
stationary,5.45,2.72,3.95,,2.99,17712
stationery,5.60,3.06,4.29,,3.14,14627
statistic,4.55,4.50,2.88,,2.80,22203
statistical,5.10,3.19,2.32,,2.96,18305
statue,5.95,2.82,4.93,5.72,4.03,4202
stature,5.70,3.57,2.32,,3.23,13116
status,4.89,3.83,2.24,5.34,4.17,3316
statute,5.18,3.65,3.88,3.64,3.28,12186
statutory,4.37,5.00,1.75,,2.97,18107
stay,6.14,3.14,2.15,6.09,5.71,219
std,1.95,5.36,,,2.86,20727
stead,5.32,2.76,2.76,,3.03,16856
steadfast,6.68,3.95,1.92,,2.65,25937
steady,6.67,3.00,2.25,,4.36,2414
steak,6.20,3.63,4.96,5.62,4.21,3086
steakhouse,6.94,3.95,4.79,,2.63,26447
steal,2.17,5.30,3.84,5.82,4.73,1248
stealing,2.75,4.57,3.28,,4.39,2258
stealth,5.45,4.22,2.76,4.39,3.45,9744
steam,5.40,4.00,4.50,5.63,4.13,3521
steamboat,5.52,5.14,4.90,,2.72,24116
steamer,4.91,3.73,4.11,,3.02,17010
steaming,5.05,3.56,3.79,,3.30,11908
steamship,5.91,4.50,4.63,,2.69,24968
steamy,6.39,5.71,3.63,,2.96,18305
steel,4.95,3.86,4.87,5.46,4.27,2822
steep,5.32,4.95,3.76,4.86,3.39,10540
steeple,5.62,3.04,4.74,,2.63,26447
steer,5.68,5.05,4.19,5.06,3.78,6112
steering,4.90,3.22,4.00,,3.61,7807
stellar,5.95,4.33,2.45,,2.92,19434
stem,5.10,3.47,4.63,5.06,3.35,11092
stench,2.62,4.53,3.85,4.66,3.35,11139
stenographer,4.95,3.81,4.30,,2.92,19434
step,5.68,3.48,4.54,,5.07,672
stepdaughter,5.47,3.55,4.07,,2.78,22564
stepfather,3.72,3.59,4.00,,3.47,9402
stepmother,3.67,3.69,4.23,,3.63,7610
steps,4.95,3.00,4.39,,4.39,2271
stepson,4.81,3.65,3.68,,2.74,23718
stereo,7.10,4.04,4.63,,3.78,6123
stereotype,3.33,4.26,2.00,5.82,2.86,20727
sterile,4.57,4.47,2.67,,3.34,11241
sterilize,5.59,4.24,2.97,,2.69,24968
sterling,5.89,5.32,3.93,,3.35,11139
stern,3.90,3.91,2.86,4.67,3.81,5855
sternum,4.45,3.71,4.69,,2.92,19434
steroid,3.62,5.21,3.97,,2.61,27018
stethoscope,5.14,4.56,4.86,4.40,2.98,17898
stew,5.86,2.95,4.43,,3.81,5848
steward,5.06,2.57,4.07,4.55,3.44,9821
stewardess,5.90,4.14,4.31,,3.50,9066
stick,5.27,3.81,4.59,5.76,4.99,780
sticker,5.57,4.05,4.67,,3.45,9744
stickler,3.74,3.82,2.46,,2.96,18305
stickup,2.95,6.09,3.50,,3.08,15770
sticky,4.65,4.75,3.59,5.47,3.76,6292
stiff,4.29,4.00,3.62,4.90,4.01,4305
stigma,3.90,5.24,1.76,,2.74,23718
stillness,5.19,2.78,2.40,,2.65,25937
stimulant,6.00,5.95,4.08,,2.72,24116
stimulate,7.38,6.00,3.22,,3.14,14627
stimulating,6.84,6.30,2.25,,3.37,10772
stimulation,5.14,4.71,2.44,,3.14,14627
stimulus,5.63,4.70,3.04,,2.72,24116
sting,2.55,4.88,4.41,5.06,3.85,5526
stinger,3.90,4.96,4.30,,2.95,18526
stinging,3.57,6.47,4.04,,2.96,18305
stingy,2.53,4.73,2.00,5.16,3.10,15529
stink,2.35,4.48,3.72,5.32,4.12,3572
stinker,3.30,4.00,2.81,,3.32,11666
stinky,3.16,3.76,3.73,,3.55,8442
stint,4.57,3.33,2.83,,2.88,20159
stipend,6.05,3.77,3.46,,2.65,25937
stipulate,4.86,4.11,2.04,,2.81,21885
stir,5.35,3.05,3.76,5.88,3.77,6158
stitch,4.95,3.36,4.32,,3.87,5292
stitching,4.68,3.52,4.48,,2.81,21885
stock,5.50,3.50,4.19,5.20,4.41,2212
stockade,2.67,4.67,4.46,,3.17,14196
stockbroker,4.05,3.10,4.32,,3.03,16856
stockholder,4.90,3.50,3.97,,2.95,18526
stocking,5.33,4.08,4.86,,3.42,10088
stockings,6.21,4.81,4.62,,3.57,8234
stockpile,5.53,4.55,3.83,,2.63,26447
stockroom,4.86,3.26,4.61,,2.75,23331
stoic,4.47,3.29,2.19,,2.63,26447
stomach,4.53,3.76,4.89,6.31,4.53,1758
stomachache,2.16,5.21,3.46,,3.03,16856
stomp,3.90,4.82,4.41,,3.43,10007
stone,4.81,3.25,4.72,5.86,4.61,1540
stonewall,4.58,3.70,3.56,,2.87,20435
stony,4.53,4.09,3.57,,2.80,22203
stooge,3.30,3.75,3.31,,3.05,16508
stool,4.47,2.39,4.90,4.94,3.55,8526
stoop,4.67,3.17,4.63,,3.39,10540
stop,4.73,4.14,3.68,6.28,5.85,175
stopover,4.50,3.43,,,2.61,27018
stopper,4.65,4.35,4.83,,2.72,24116
stopwatch,5.05,4.05,4.92,,2.87,20435
storage,4.95,3.68,3.47,5.69,3.95,4748
store,5.94,3.43,4.50,5.59,4.91,897
storefront,5.76,3.00,4.00,,2.67,25460
storeroom,5.43,2.90,4.50,5.32,3.22,13293
storm,5.74,5.86,4.70,5.73,4.49,1899
stormy,5.14,6.52,3.96,,3.17,14196
story,7.27,3.52,3.30,6.10,5.34,447
storybook,6.76,3.40,4.92,,2.74,23718
storyteller,6.67,4.29,3.88,,2.74,23718
storytelling,7.00,4.40,3.84,,2.69,24968
stout,5.29,3.35,3.41,3.62,3.02,17010
stove,5.63,3.82,4.96,5.37,3.88,5234
stow,5.00,2.90,3.08,,3.10,15382
stowaway,4.35,4.23,3.72,,2.84,21286
straddle,5.62,5.00,3.74,,2.72,24116
straighten,6.26,3.00,3.72,,4.05,4047
straightforward,6.14,4.04,1.89,,3.30,11850
strain,3.71,4.78,3.00,4.91,3.85,5496
straitjacket,2.71,5.10,4.73,,2.93,19207
strand,5.00,3.27,4.10,4.50,3.27,12417
strange,4.72,3.50,1.86,6.16,4.94,853
stranger,4.09,5.80,3.76,5.77,4.43,2098
strangle,3.00,5.43,4.34,4.94,3.64,7463
strangulation,2.79,5.50,3.95,,2.99,17712
strap,5.10,4.23,4.79,5.33,3.71,6724
strapless,5.65,5.25,3.93,,2.61,27018
strapping,4.77,4.77,2.80,,3.01,17381
strategic,6.57,4.32,1.93,,3.42,10178
strategist,5.29,5.15,3.14,,2.63,26447
strategy,5.95,4.15,1.93,,3.98,4561
stratosphere,5.52,4.19,3.46,,2.69,24968
straw,5.89,2.35,4.77,5.24,3.80,5963
strawberry,7.25,4.05,5.00,6.44,3.74,6440
stray,4.14,3.71,2.76,4.21,3.73,6595
streak,5.37,4.50,3.67,4.46,3.76,6245
stream,6.90,4.35,4.50,5.62,3.91,5044
streamline,5.30,3.64,2.61,,2.72,24116
street,5.07,3.45,4.75,6.81,5.17,586
streetcar,5.44,3.75,4.89,,3.11,15245
streetlight,4.90,3.78,4.82,,2.71,24525
strength,6.73,5.30,2.96,6.28,4.57,1644
strengthen,7.21,4.70,2.50,,3.21,13394
strenuous,4.14,5.14,2.55,,2.78,22564
strep,2.77,4.21,3.46,,2.85,21003
stress,1.79,4.72,2.62,6.18,4.19,3189
stressful,2.62,5.65,1.89,6.55,3.40,10367
stretch,5.00,4.73,3.62,6.25,4.17,3323
stretcher,3.10,3.82,4.56,,3.35,11139
stricken,2.79,4.59,2.27,,3.17,14097
strict,3.65,4.50,2.72,5.35,3.85,5526
stride,5.81,4.10,3.81,5.30,3.33,11528
strife,3.68,4.17,2.20,3.61,3.23,13116
strike,3.06,5.52,4.07,5.46,4.66,1411
strikeout,3.16,4.90,3.83,,2.61,27018
striker,3.73,5.72,3.73,,3.33,11461
string,5.25,3.80,4.76,6.09,4.10,3685
strings,5.28,2.58,4.75,,3.91,4982
stringy,4.05,4.27,3.50,,2.63,26447
strip,4.68,5.27,3.75,5.13,4.20,3176
stripe,5.24,3.67,4.72,,3.17,14196
striped,4.81,4.38,4.04,,3.24,12929
stripper,5.19,5.57,4.78,5.55,3.72,6666
striptease,5.32,6.80,3.72,,2.84,21286
strive,6.32,4.62,2.07,,3.12,14978
stroke,4.19,4.95,4.10,4.82,4.12,3596
stroll,6.25,3.22,3.97,4.79,3.62,7720
stroller,5.75,3.22,4.96,,2.95,18526
strong,6.81,5.14,3.14,6.51,4.94,848
stronghold,5.44,3.95,2.81,,3.08,15898
structural,5.60,3.67,2.69,,3.26,12485
structure,5.68,4.00,4.03,,4.01,4333
strudel,6.11,3.70,4.12,,2.97,18107
struggle,3.00,5.90,2.79,5.58,4.13,3534
strut,5.60,5.46,3.97,,3.20,13601
stub,3.89,3.86,4.40,,2.99,17712
stubborn,3.74,4.13,2.18,,4.04,4129
stubbornness,3.61,4.74,2.36,,2.72,24116
stubby,4.50,4.14,3.70,,2.71,24525
stud,4.89,5.14,4.00,,3.84,5563
student,6.41,4.25,4.92,6.85,4.63,1480
studio,6.24,4.79,4.55,,4.37,2366
study,5.78,2.55,3.70,6.56,4.69,1332
stuff,5.86,3.52,3.13,,5.49,340
stuffed animal,7.21,2.77,,,,
stuffy,3.73,4.61,2.61,,3.56,8366
stumble,3.76,4.76,3.75,4.32,3.30,11968
stump,4.62,3.85,4.78,,3.39,10540
stun,4.55,5.50,3.14,,3.28,12244
stunner,5.76,4.50,3.25,,2.77,22917
stunning,6.24,6.50,2.21,,3.61,7758
stunt,4.95,4.81,3.24,,3.96,4632
stuntman,5.95,6.30,4.52,,2.85,21003
stupendous,6.95,4.57,1.54,,2.82,21557
stupid,2.84,4.34,1.75,6.19,5.27,514
stupidity,2.71,4.50,2.55,,3.51,8991
sturdy,6.19,3.27,2.86,,3.23,13008
stutter,2.95,4.48,3.97,,3.28,12244
style,6.81,4.60,2.67,6.00,4.48,1929
styling,5.70,3.72,3.03,,2.94,18951
stylish,5.68,4.27,2.14,5.33,3.34,11315
stylist,6.00,3.32,4.08,,2.95,18731
suave,5.43,3.14,1.48,,2.97,18107
sub,5.00,3.35,3.46,,3.88,5212
subatomic,5.53,4.57,2.85,,2.96,18305
subcommittee,5.10,4.15,3.55,,2.94,18951
subconscious,5.50,4.00,1.57,,3.42,10088
subdivision,4.74,3.25,3.89,,2.77,22917
subdue,3.17,3.30,2.24,4.10,2.92,19434
subdued,3.58,2.95,1.97,,2.81,21885
subdural,4.40,3.09,,,2.84,21286
subject,5.33,4.20,3.14,5.69,4.57,1642
subjective,5.86,3.56,1.43,4.66,3.06,16358
sublet,5.27,4.21,3.04,,2.78,22564
sublevel,4.95,3.32,3.14,,2.63,26447
sublime,5.95,3.82,2.23,3.94,3.17,14196
subliminal,5.19,4.17,1.93,,2.86,20727
submarine,6.00,4.24,4.80,3.93,3.85,5484
submerge,4.47,4.14,3.39,,2.61,27018
submersible,4.50,4.32,3.04,,2.80,22203
submission,4.60,4.29,3.00,,3.04,16682
submissive,4.67,3.32,1.72,,2.95,18526
submit,3.90,3.91,2.68,,3.74,6440
subordinate,4.44,3.09,2.73,,2.80,22203
subpoena,2.64,5.00,3.46,,3.35,11139
subscribe,5.43,4.26,2.21,,2.95,18731
subscriber,5.71,2.95,3.31,,2.63,26447
subscription,5.29,3.05,3.22,,3.13,14853
subsequent,5.16,4.00,2.14,,3.10,15382
subservient,3.67,3.50,2.11,,2.69,24968
subside,5.42,3.10,2.26,,2.61,27018
subsidiary,4.80,3.38,2.96,,2.67,25460
subspace,4.45,3.73,,,2.74,23718
substance,4.29,3.62,3.44,5.82,3.85,5468
substandard,3.33,3.91,2.24,,2.65,25937
substantial,6.14,5.00,2.03,5.12,3.55,8442
substantiate,5.37,3.52,1.68,,2.61,27018
substation,4.43,3.29,3.88,,2.77,22917
substitute,4.91,3.59,2.82,5.18,3.67,7167
substitution,4.95,3.24,2.52,,2.63,26447
subterranean,4.75,5.10,3.40,,2.82,21557
subtext,4.53,3.71,2.59,,2.81,21885
subtitle,5.41,3.25,3.84,,3.02,17194
subtle,5.62,3.37,1.72,5.20,3.84,5563
subtlety,4.60,3.85,1.54,,2.90,19680
subtract,4.25,3.96,3.82,5.32,2.75,23331
suburb,5.52,4.25,3.76,4.48,2.78,22564
suburban,5.85,3.41,3.27,,3.36,10934
suburbia,5.52,3.75,3.31,,2.88,20159
subversive,4.10,4.41,1.60,,3.03,16856
subway,5.44,4.41,4.86,,4.03,4178
succeed,7.05,6.71,2.33,,3.98,4561
success,7.49,5.80,2.21,6.30,4.44,2081
successful,7.76,5.08,2.07,6.26,4.31,2615
succession,4.52,3.74,1.73,,2.98,17898
successor,6.11,4.59,3.29,,3.23,13116
succubus,3.67,4.68,,,2.87,20435
succulent,6.50,5.64,2.75,,2.67,25460
suck,3.71,5.60,3.46,,4.54,1723
sucker,4.00,4.74,3.79,,4.21,3073
suction,4.25,3.81,3.96,,3.75,6370
suds,5.24,3.73,4.59,,2.69,24968
sue,2.18,6.15,3.07,,4.47,1963
suede,5.36,2.75,4.24,,3.26,12560
suffer,2.05,4.50,2.28,4.97,4.35,2430
suffice,5.52,3.25,1.72,,3.22,13228
sufficient,6.10,3.17,1.90,,3.68,7083
suffocate,2.62,6.09,3.74,4.83,3.18,13906
suffocation,2.44,5.00,3.41,,2.88,20159
sugar,6.56,5.29,4.87,6.56,4.58,1616
suggest,5.55,3.75,1.80,,4.59,1570
suggestion,5.79,4.18,2.23,,4.09,3800
suggestive,4.95,4.44,2.00,,2.72,24116
suicidal,2.15,4.91,2.27,5.17,3.47,9519
suicide,1.58,6.21,3.59,5.87,4.53,1740
suit,5.89,3.05,4.97,5.70,4.84,1046
suitable,5.70,3.00,1.93,,3.69,7017
suitcase,5.25,3.24,4.97,5.94,4.13,3530
suite,7.05,3.61,4.16,,4.22,3028
suitor,5.63,3.67,3.77,,3.14,14727
sulfate,4.63,3.67,3.86,,2.61,27018
sulfur,4.50,3.86,4.43,,3.08,15898
sulk,3.22,3.30,2.86,4.82,2.88,20159
sullen,2.84,4.52,2.47,,2.77,22917
sully,3.89,4.05,,,3.58,8185
sultan,4.48,3.48,4.31,2.85,3.51,8956
sum,5.71,3.10,2.89,,4.01,4305
summarize,4.89,2.80,2.32,,2.61,27018
summary,5.05,3.29,3.03,5.56,3.23,13116
summation,4.85,4.15,2.35,,2.82,21557
summer,7.50,5.48,3.64,6.21,4.90,929
summerhouse,7.30,4.82,4.54,,2.65,25937
summertime,6.74,5.32,2.96,,3.08,15770
summit,5.50,4.35,4.21,,3.52,8775
summon,5.58,4.67,2.79,,3.59,8061
summons,3.60,5.14,2.97,,3.21,13489
sumo,4.45,3.71,3.64,,2.93,19207
sun,6.92,4.64,4.83,6.68,4.84,1026
sunburn,2.76,4.45,4.57,5.65,2.82,21557
sundae,7.76,4.79,4.59,,3.21,13489
sundial,5.95,3.22,4.72,,2.67,25460
sundown,6.21,3.71,4.17,,3.53,8672
sunflower,6.45,3.05,4.80,,2.84,21286
sunglasses,6.72,3.67,4.83,,3.60,7959
sunken,4.42,3.95,3.72,,2.96,18305
sunlight,7.46,4.44,4.45,6.29,3.67,7212
sunny,7.95,5.38,4.20,6.42,3.89,5200
sunrise,7.35,4.68,4.69,5.93,3.78,6069
sunroof,6.47,3.24,4.68,,2.65,25937
sunscreen,5.77,3.95,4.74,,3.01,17381
sunset,7.46,4.68,4.54,6.36,4.01,4283
sunshine,8.14,5.32,4.21,6.48,4.07,3885
suntan,6.05,4.25,4.04,,3.00,17531
sunup,5.71,3.28,,,3.07,16056
sup,5.53,4.30,,,2.97,18107
super,7.05,4.25,1.90,6.29,4.42,2146
superb,7.00,4.33,1.62,6.07,3.46,9549
superficial,3.79,4.20,1.85,,3.47,9519
superfluous,4.53,4.45,1.85,,2.67,25460
superhero,6.89,6.00,4.10,,3.52,8775
superhuman,6.67,4.73,2.59,,2.92,19434
superintendent,4.86,3.24,4.21,,3.63,7548
superior,6.37,4.74,2.03,,4.11,3612
superiority,4.95,5.48,1.93,,3.12,14978
superman,6.52,5.17,3.41,,4.09,3794
supermarket,6.37,4.65,4.57,6.36,3.70,6868
supermodel,5.53,6.09,4.33,,2.97,18107
supernatural,6.05,5.90,2.04,,3.65,7423
supernova,6.58,5.50,3.78,,2.61,27018
superposition,4.42,3.50,,,2.67,25460
superpower,7.14,5.76,2.87,,2.81,21885
superstar,5.94,4.85,3.36,,3.54,8638
superstition,4.84,6.14,2.07,,3.32,11666
superstitious,4.75,5.95,1.55,,3.54,8638
superstore,6.24,4.43,4.38,,2.65,25937
supervise,5.05,4.00,2.48,,3.29,12112
supervision,4.26,5.05,2.19,,3.40,10484
supervisor,4.28,4.05,4.26,,3.78,6123
supper,6.72,3.60,4.63,,4.29,2708
suppertime,6.43,4.57,3.66,,2.80,22203
supple,5.76,4.09,2.75,,2.80,22203
supplement,5.43,3.22,3.07,,3.06,16177
supplemental,5.59,3.64,2.45,,2.78,22564
supplier,4.84,3.45,3.41,,3.29,12042
supply,5.11,3.28,3.43,,4.27,2789
support,6.89,3.05,2.83,5.94,4.70,1306
supporter,6.05,4.41,3.26,,2.87,20435
supportive,6.95,3.83,2.20,5.88,3.67,7197
suppose,5.27,3.33,1.37,,5.10,644
supposed,5.41,3.48,1.60,,5.40,394
suppress,2.72,3.55,2.22,4.94,3.18,14005
suppression,3.68,3.17,2.31,4.42,2.71,24525
supremacy,3.48,4.26,1.90,,2.77,22917
supreme,6.14,4.28,2.00,4.15,3.94,4776
sure,6.64,3.48,1.73,6.12,6.04,129
surf,6.05,5.57,4.57,4.90,3.80,5893
surface,5.62,3.04,4.26,,4.26,2850
surfboard,5.53,3.75,4.57,,2.97,18107
surfer,5.47,5.38,4.73,4.74,3.22,13293
surge,5.00,5.22,2.78,4.44,3.27,12417
surgeon,5.05,5.78,4.54,5.67,4.22,3064
surgery,3.18,5.55,4.34,5.50,4.51,1833
surgical,3.95,5.00,2.89,,3.90,5049
surly,3.90,3.80,2.32,,2.86,20727
surname,5.10,3.68,2.79,,2.98,17898
surplus,5.68,3.60,3.33,4.78,3.31,11732
surprise,7.44,6.57,3.24,6.25,4.95,834
surprised,6.57,5.95,2.50,,4.74,1221
surprising,6.75,5.65,2.27,6.00,3.78,6088
surreal,6.65,5.11,1.30,,3.06,16358
surrender,3.73,4.58,2.63,4.59,4.19,3216
surrogate,5.27,4.27,2.83,,3.27,12325
surround,5.42,3.32,2.81,,3.49,9225
surroundings,6.37,3.43,3.88,,3.33,11528
surveillance,3.35,4.85,3.11,,4.27,2789
survey,5.55,3.68,4.08,,3.65,7383
survival,7.05,5.40,2.34,,4.00,4350
survive,6.90,4.53,2.55,5.62,4.48,1925
survivor,6.68,4.81,3.33,5.00,3.64,7504
susceptible,3.67,5.19,2.14,,3.11,15245
sushi,6.25,5.84,4.96,,3.64,7485
suspect,2.39,4.57,2.59,5.09,4.64,1451
suspend,4.32,4.87,2.74,4.65,3.44,9781
suspense,5.26,5.84,1.85,,3.35,11092
suspension,4.35,4.57,3.17,5.11,3.64,7485
suspicion,3.33,6.04,1.62,5.24,3.86,5372
suspicious,3.48,5.00,1.87,,4.20,3130
sustain,5.68,3.73,2.17,5.16,3.43,10007
sustenance,6.00,3.28,2.26,3.97,2.77,22917
suture,4.36,4.63,4.15,,3.40,10484
suv,4.75,3.48,,,,
swab,4.70,2.56,4.34,,3.38,10715
swag,5.37,4.33,3.14,,2.71,24525
swallow,5.57,3.78,3.89,,4.10,3672
swami,4.11,4.05,,,2.87,20435
swamp,4.42,3.33,4.96,4.15,3.95,4702
swank,4.84,4.14,,,2.69,24968
swap,5.24,3.70,3.85,,3.56,8366
swarm,3.76,6.26,3.97,4.34,3.13,14853
swastika,2.33,5.26,4.29,,2.75,23331
swat,4.38,6.21,4.27,,3.59,8089
sway,5.25,3.68,3.60,4.79,3.41,10321
swear,3.44,5.05,2.45,,4.94,840
sweat,4.38,5.10,4.71,6.44,4.34,2474
sweater,6.19,2.80,4.78,4.92,4.14,3467
sweatshirt,6.24,2.56,4.93,6.03,3.37,10772
sweatshop,2.53,5.95,4.07,,2.75,23331
sweaty,3.95,4.78,4.18,6.00,3.65,7406
sweep,5.27,3.89,3.72,5.06,3.98,4537
sweeper,5.35,3.23,4.31,3.29,2.81,21885
sweet,7.77,4.14,4.00,6.47,5.16,597
sweeten,6.26,4.71,3.62,,2.90,19680
sweetheart,7.84,5.39,2.79,5.71,4.81,1093
sweetie,7.56,4.35,2.54,,4.73,1241
sweetness,7.37,4.37,2.83,,3.52,8847
swell,5.05,4.56,3.31,,4.32,2581
swerve,4.33,5.35,4.00,,2.84,21286
swift,5.83,4.88,3.04,4.69,3.59,8061
swig,4.57,4.48,,,2.98,17898
swill,4.65,3.81,,,2.99,17712
swim,6.71,6.05,4.43,6.41,4.50,1861
swimmer,6.26,4.26,4.77,5.57,3.57,8234
swimming,7.20,5.13,4.44,5.82,4.30,2646
swimsuit,6.05,5.80,4.78,,3.30,11908
swindle,3.00,4.32,2.68,3.15,2.86,20727
swindler,2.33,4.82,3.37,,2.77,22917
swine,3.11,3.71,4.50,,3.65,7406
swing,6.95,4.10,4.54,6.07,4.41,2172
swinger,4.37,5.81,3.29,,2.87,20435
swipe,4.47,3.68,4.26,,3.21,13394
swirl,6.45,4.58,3.93,,2.96,18305
swish,5.79,3.95,3.04,,3.21,13394
switch,5.29,3.90,4.07,,4.45,2031
switchblade,3.45,5.71,5.00,,2.65,25937
switchboard,4.86,3.65,4.61,,3.06,16177
swivel,5.26,4.62,3.90,,2.86,20727
swoon,5.76,3.83,3.00,,2.80,22203
swoop,5.16,5.62,3.19,,3.19,13804
sword,5.27,5.95,4.93,5.12,4.42,2152
swordfish,6.15,5.15,4.89,,3.02,17194
swordplay,4.94,6.14,4.09,,2.69,24968
swordsman,5.25,4.72,4.70,,3.10,15382
sycamore,6.36,3.68,4.48,,2.98,17898
syllable,4.95,2.50,3.26,4.91,2.93,19207
syllabus,4.86,2.95,4.07,,2.75,23331
symbiotic,5.70,4.05,1.88,,2.63,26447
symbol,5.67,2.77,3.11,6.00,3.93,4828
symbolic,6.48,3.74,2.11,,3.19,13696
symbolism,6.62,3.52,1.41,,2.87,20435
symbolize,5.75,4.41,2.40,,2.63,26447
symmetrical,5.76,3.24,3.61,,2.78,22564
symmetry,5.27,3.19,2.79,,2.92,19434
sympathetic,6.67,3.29,1.77,,3.58,8134
sympathize,6.00,3.73,1.54,,3.19,13696
sympathy,6.57,3.08,1.88,5.85,3.92,4916
symphonic,6.45,6.30,2.83,,2.65,25937
symphony,7.15,4.19,4.21,3.75,3.55,8467
symposium,4.86,4.04,3.58,,2.85,21003
symptom,3.33,4.17,3.19,5.87,3.28,12244
symptomatic,4.00,4.13,2.04,,2.77,22917
synagogue,4.85,2.56,4.54,3.94,2.99,17712
synapse,5.42,3.95,3.61,,2.87,20435
synaptic,4.57,4.25,2.54,,2.69,24968
sync,6.21,3.95,2.38,,3.52,8824
synchronize,6.26,4.04,2.73,,2.84,21286
syndicate,4.35,3.06,2.33,,3.30,11850
syndrome,4.33,4.68,2.48,,3.80,5939
synergy,5.42,4.29,1.48,,2.80,22203
synonymous,5.24,3.41,2.22,,2.75,23331
synthesizer,5.16,4.30,4.04,,2.74,23718
synthetic,4.76,3.61,3.00,,3.40,10367
syphilis,2.17,4.59,3.93,3.50,3.29,12112
syringe,3.05,4.81,4.81,5.04,3.29,12042
syrup,6.44,3.11,4.76,,3.71,6786
system,5.50,3.38,2.94,5.09,4.96,813
systematic,4.62,3.52,2.00,,2.78,22564
t-shirt,6.43,2.23,4.93,,,
tab,5.09,4.42,4.14,,3.76,6260
tabasco,4.50,5.00,4.59,,2.67,25460
tabernacle,5.65,3.52,4.04,,2.86,20727
table,5.49,3.00,4.90,6.73,5.02,721
tablecloth,5.33,2.81,4.85,,2.98,17898
tablet,6.21,3.65,4.82,,3.18,14005
tabloid,4.84,3.32,4.07,,3.05,16508
taboo,4.53,5.06,1.67,3.65,3.09,15637
tack,4.42,2.85,4.50,,3.33,11461
tackle,5.38,4.43,4.28,,3.63,7548
tacky,3.68,4.05,2.58,,3.42,10088
taco,6.53,4.19,4.93,,3.49,9160
tact,5.71,3.95,1.76,4.42,3.05,16508
tactful,6.18,3.62,2.21,,2.77,22917
tactic,5.70,5.05,2.10,,3.19,13696
tactical,5.05,4.27,2.08,,3.74,6462
tad,5.45,3.68,2.09,,3.67,7167
tadpole,6.00,4.17,4.86,,2.78,22564
taffy,5.95,3.45,4.79,,3.38,10678
tag,4.79,3.29,4.25,,4.14,3453
tail,5.30,3.27,4.96,5.90,4.38,2321
tailgate,4.81,4.57,3.93,,2.67,25460
taillight,5.11,3.56,4.86,,2.93,19207
tailor,5.29,3.61,4.67,,3.62,7679
tailpipe,4.67,3.13,4.59,,2.71,24525
taint,3.77,4.43,2.19,,2.90,19680
take,4.82,4.52,3.06,6.22,6.28,85
takeoff,5.50,3.77,3.41,,3.39,10540
takeout,6.63,4.45,4.04,,3.21,13394
takeover,3.71,4.73,2.83,,3.20,13601
taker,3.17,3.82,2.30,,2.96,18305
talcum,5.45,4.05,,,2.89,19918
tale,5.95,3.09,3.23,5.84,4.08,3845
talent,6.30,5.60,2.19,5.97,4.42,2158
talented,7.95,4.55,2.04,6.30,4.06,3991
talisman,5.68,4.60,4.15,,3.17,14196
talk,6.64,3.38,4.07,,5.93,147
talkative,5.56,4.45,3.00,,2.96,18305
talker,4.55,4.05,4.39,,3.26,12629
tall,6.71,3.85,3.36,6.12,4.51,1836
tally,4.74,3.44,3.07,,3.54,8555
talon,5.06,4.90,4.80,,3.05,16508
tambourine,6.10,3.33,4.86,,2.95,18526
tame,6.14,3.65,2.04,5.16,3.44,9870
tamer,5.48,3.76,2.64,,2.67,25460
tamper,3.33,5.55,3.04,3.91,2.71,24525
tampon,3.10,4.22,4.86,,2.84,21286
tan,6.05,3.75,4.29,,3.94,4825
tang,4.62,4.05,4.42,,3.35,11092
tangerine,6.81,3.90,4.81,5.63,2.88,20159
tangible,5.63,4.18,2.77,,3.05,16508
tangle,3.95,4.52,3.96,,3.02,17010
tango,5.47,4.48,4.10,4.50,3.73,6563
tank,4.71,4.32,4.80,5.41,4.41,2201
tank top,6.25,5.14,4.93,,,
tanker,4.74,4.00,4.68,3.35,3.30,11968
tantrum,3.15,5.05,3.37,,2.95,18526
tap,5.33,3.95,4.29,,4.17,3309
tape,5.50,3.40,4.90,5.62,4.84,1044
tape measure,5.05,4.10,4.48,,,
tapestry,5.65,2.67,4.52,3.68,2.86,20727
tapeworm,2.19,4.90,4.93,,2.85,21003
tapioca,5.48,3.74,4.64,,2.80,22203
taps,4.79,3.14,3.75,,3.41,10274
tar,3.90,3.65,4.78,,3.50,9099
tarantula,3.37,6.76,4.83,4.81,2.96,18305
tardiness,2.95,5.05,2.47,,2.65,25937
tardy,3.47,4.30,2.31,,3.06,16177
target,5.24,5.35,4.11,5.76,4.58,1610
tarmac,4.76,3.10,4.80,,2.65,25937
tarot,3.90,3.96,3.40,,3.08,15770
tarp,4.79,2.90,4.85,,3.00,17531
tarry,4.68,3.10,,,2.67,25460
tart,5.43,4.80,3.27,,3.38,10678
tartar,4.52,2.73,4.40,,3.18,14005
task,6.05,3.83,2.84,,4.10,3672
tassel,4.95,4.78,4.73,,2.74,23718
taste,6.63,4.56,4.07,6.36,4.71,1291
tasteful,6.89,4.73,2.21,,3.14,14727
tasteless,3.25,3.86,2.54,,2.95,18526
tasty,6.89,5.28,2.86,6.09,3.80,5920
tattler,2.84,4.45,3.00,,2.69,24968
tattletale,2.95,6.10,3.52,,2.74,23718
tattoo,4.45,5.00,4.71,,4.08,3856
taunt,3.40,4.85,2.93,,2.81,21885
taupe,4.70,3.70,,,2.85,21003
taut,4.25,4.29,3.92,,2.85,21003
tavern,5.55,4.22,4.78,,3.49,9160
tawdry,3.90,3.35,1.96,,2.78,22564
tawny,4.86,4.16,,,2.82,21557
tax,3.00,4.52,3.89,,4.16,3342
taxi,4.79,3.79,4.93,6.48,4.41,2183
taxicab,5.00,3.80,5.00,,2.95,18731
taxpayer,4.05,2.96,4.14,,2.77,22917
tea,6.56,2.05,4.69,,4.77,1174
teach,7.06,3.47,3.15,6.14,4.86,981
teacher,7.37,2.90,4.52,6.38,4.75,1210
teacup,6.50,3.57,4.92,,2.82,21557
teahouse,6.44,2.76,4.57,,2.93,19207
teal,5.70,3.73,4.07,,2.72,24116
team,5.91,3.38,3.79,6.13,5.17,591
teammate,6.20,3.74,4.15,,2.96,18305
teamwork,6.26,4.64,2.37,,3.30,11850
teapot,6.00,3.39,4.96,,2.95,18731
tear,3.14,4.80,4.56,,4.43,2098
tearful,3.67,4.92,3.50,,2.65,25937
tease,4.17,5.21,2.59,5.71,3.76,6323
teaspoon,5.25,2.47,4.76,6.12,2.69,24968
teatime,6.40,3.16,3.11,,2.67,25460
tech,5.77,4.10,3.03,,3.81,5869
technical,5.00,5.28,1.97,5.46,3.92,4964
technicality,4.21,4.36,1.93,4.29,3.08,15770
technician,5.65,3.33,4.10,5.06,3.42,10178
technique,7.00,3.45,2.40,,3.95,4718
techno,5.53,5.00,2.96,,2.88,20159
technological,5.30,4.56,2.08,,2.90,19680
technology,5.53,4.62,3.24,,4.17,3284
teddy bear,7.38,3.74,4.87,,,
tedious,3.62,4.37,1.97,4.51,3.16,14304
tee,5.40,3.68,4.59,,3.34,11315
teeming,4.83,3.60,,,2.82,21557
teen,5.10,3.86,4.16,,3.61,7758
teenage,5.80,5.26,3.52,,3.84,5611
teenager,4.58,4.23,4.34,,3.84,5602
teens,5.58,3.96,3.69,,3.29,12042
teensy,5.09,3.77,3.00,,2.69,24968
teeny,5.62,3.74,3.17,,3.40,10367
teeth,5.00,3.80,4.96,6.42,4.68,1360
teething,3.11,4.05,3.58,,2.67,25460
telegram,5.27,4.14,4.63,,3.97,4620
telegraph,5.37,2.82,4.59,,3.52,8847
telekinesis,5.90,5.68,2.64,,2.63,26447
telemetry,5.00,3.50,,,2.86,20727
telepathic,5.90,4.62,1.93,,2.78,22564
telepathy,5.00,5.70,2.17,,2.97,18107
telephone,5.71,4.30,4.96,6.51,4.51,1833
telescope,6.75,3.38,5.00,5.18,3.47,9440
telethon,3.11,3.00,3.89,,3.02,17010
teletype,5.20,3.86,,,2.82,21557
televised,6.00,4.00,3.63,,2.93,19207
television,7.18,4.10,4.83,6.53,4.53,1752
tell,5.27,3.86,2.90,,6.24,94
teller,5.33,3.00,4.38,,3.41,10231
temp,4.63,3.62,2.92,,3.48,9293
temper,3.89,4.90,2.56,,4.06,3988
temperament,4.67,3.80,1.96,,3.07,16056
temperamental,3.86,5.70,1.74,,2.92,19434
temperance,5.05,4.00,2.10,,2.90,19680
temperature,5.58,4.86,3.71,,4.14,3473
tempest,4.52,5.26,3.17,2.94,2.86,20727
template,5.45,3.46,4.19,,2.63,26447
temple,5.30,3.36,4.53,5.28,4.24,2918
tempo,5.59,4.00,2.81,4.00,3.23,13008
temporal,4.57,3.38,2.12,,3.14,14727
temporary,4.33,3.35,2.27,,4.12,3602
tempt,5.00,5.29,2.10,5.34,3.41,10321
temptation,4.50,5.38,1.84,5.79,3.63,7610
tempting,6.05,6.06,1.93,,3.48,9293
temptress,4.68,5.43,3.08,,2.67,25460
ten,5.16,3.10,3.39,,5.16,598
tenacious,5.65,4.78,2.31,,2.71,24525
tenant,4.57,2.59,4.55,,3.48,9255
tend,4.80,3.22,2.00,,4.09,3782
tendency,4.85,3.72,1.83,5.33,3.43,9916
tender,6.47,3.22,2.58,4.89,3.95,4741
tenderfoot,4.26,3.16,2.74,,2.71,24525
tenderness,6.89,3.10,2.06,,3.41,10321
tendon,5.11,3.30,4.47,,2.77,22917
tenement,4.55,3.77,3.58,,2.85,21003
tennis,5.40,3.89,4.43,6.10,4.13,3496
tenor,5.48,4.00,3.04,,3.19,13696
tense,2.75,5.32,2.35,5.76,4.01,4315
tension,3.60,5.08,2.60,5.94,3.93,4838
tent,6.23,3.38,4.96,5.70,4.24,2929
tentative,5.10,3.40,2.03,,2.71,24525
tenure,4.60,3.65,2.42,,3.25,12695
tepee,6.29,4.00,4.85,,2.74,23718
tequila,6.27,5.77,4.77,,3.77,6199
teriyaki,6.57,4.16,4.74,,2.88,20159
term,5.57,3.60,2.82,,4.24,2935
terminal,4.27,3.68,3.86,,3.88,5212
terminate,3.05,4.95,2.29,,3.44,9821
termination,2.95,5.90,2.47,,3.13,14853
terminator,5.43,6.05,3.57,,3.12,14978
terminology,5.67,2.80,2.00,,2.69,24968
termite,3.08,4.24,4.70,4.03,2.88,20159
terrace,5.33,3.52,4.67,,3.53,8698
terrain,5.53,3.09,4.27,,3.36,11038
terrible,2.10,4.39,2.04,5.93,4.97,803
terrier,6.20,3.75,4.62,,2.99,17712
terrific,7.12,5.46,2.07,5.87,4.62,1510
terrified,2.51,6.10,2.43,,3.98,4516
terrify,2.84,6.39,2.71,5.62,2.71,24525
terrifying,2.63,5.91,2.08,5.74,3.63,7595
territorial,4.16,4.29,2.71,,3.23,13116
territory,5.30,4.32,3.41,,4.17,3323
terror,2.75,6.35,2.43,5.21,3.95,4694
terrorism,1.60,7.42,2.79,,3.61,7758
terrorist,2.35,6.09,3.64,5.27,4.08,3822
terrorize,2.50,5.95,2.84,,2.72,24116
test,4.44,4.30,3.93,6.29,4.92,880
testament,5.00,3.94,2.70,,3.37,10772
testicle,4.19,5.40,4.59,,3.06,16177
testicular,3.89,4.95,3.71,,2.80,22203
testify,4.55,6.16,2.67,,4.15,3385
testimonial,5.89,3.15,2.92,,2.81,21885
testimony,5.05,4.22,3.21,,4.17,3309
testosterone,5.20,6.75,3.79,,3.22,13293
testy,3.55,4.55,2.00,,2.99,17712
tetanus,3.33,5.52,4.19,,3.15,14512
tether,4.32,4.19,3.67,,2.69,24968
text,6.50,3.48,4.93,6.18,3.72,6666
textbook,5.00,2.94,4.86,,3.34,11188
textile,4.89,3.38,4.23,,2.71,24525
texture,5.57,3.33,3.83,5.35,3.22,13228
thank,7.77,3.33,3.00,6.71,6.05,123
thankful,7.76,4.52,1.69,6.03,3.73,6563
thankless,3.63,4.86,1.89,,2.63,26447
thanks,7.73,4.05,2.15,6.66,5.79,194
thanksgiving,6.79,4.95,3.33,,4.27,2798
thatch,5.20,2.80,3.83,,2.88,20159
thaw,4.95,3.84,3.80,,3.21,13489
theater,6.14,3.73,4.92,,4.38,2310
theatrical,5.30,5.36,2.18,5.53,3.40,10367
theatrics,5.45,5.05,2.43,,2.80,22203
theft,2.60,5.17,2.93,,3.83,5669
theme,5.43,3.08,2.72,5.33,4.14,3443
theology,4.95,3.32,1.93,4.00,2.86,20727
theoretical,4.80,3.90,1.37,5.18,3.27,12325
theory,5.65,4.41,1.47,5.71,4.46,2000
therapeutic,6.29,2.18,2.23,,3.16,14406
therapist,4.43,3.32,4.52,5.62,3.98,4537
therapy,5.10,3.74,2.85,5.76,4.27,2818
thermal,5.36,3.48,3.21,,3.34,11188
thermometer,5.22,3.36,4.96,5.59,3.34,11188
thermos,5.79,3.15,4.67,,3.06,16358
thermostat,5.48,3.56,4.87,,3.06,16177
thesis,4.70,4.10,3.71,,3.53,8672
thick,4.63,3.13,4.00,5.67,4.15,3432
thicket,4.33,3.25,4.26,3.53,2.69,24968
thickness,5.19,3.74,3.37,,2.72,24116
thief,2.32,6.05,4.37,4.77,4.38,2295
thigh,5.22,5.32,4.90,6.10,3.58,8210
thin,5.47,4.50,3.83,6.26,4.30,2629
thing,5.55,3.43,3.17,,6.04,131
thingy,5.42,4.27,2.50,,3.46,9588
think,6.68,3.75,2.41,,6.43,65
thinker,7.26,4.45,2.54,,3.08,15898
third,5.00,2.64,3.44,5.96,4.87,965
thirst,4.14,4.12,3.04,6.34,3.57,8234
thirsty,4.48,4.08,3.86,6.53,4.09,3774
thirteen,5.11,4.36,3.69,,3.72,6652
thirty,4.74,3.57,3.75,,4.23,2961
thistle,4.95,3.90,4.45,4.21,2.67,25460
thong,5.48,4.68,4.93,,3.33,11528
thorn,3.62,4.20,5.00,5.09,3.71,6786
thorny,3.10,4.92,4.26,,2.86,20727
thorough,6.15,3.30,1.66,,3.67,7139
thoroughbred,6.47,4.65,3.37,,2.95,18526
thoroughfare,5.19,4.32,3.50,,2.97,18107
thought,6.76,4.16,1.97,6.81,5.91,155
thoughtful,7.26,2.55,1.96,5.81,3.89,5145
thoughtless,4.05,4.43,1.68,5.47,3.15,14512
thousand,6.44,3.50,3.08,,4.84,1036
thrash,3.48,4.30,3.59,,2.74,23718
thread,5.50,3.87,4.83,,3.71,6724
threat,2.63,6.57,2.52,5.64,4.32,2585
threaten,2.60,6.05,2.63,,3.93,4849
three,5.43,3.38,3.62,,5.73,214
threesome,5.89,5.70,3.52,,3.33,11461
threshold,5.53,3.09,3.48,,3.44,9781
thrift,5.72,2.95,2.36,,2.65,25937
thrill,7.37,7.19,2.46,5.29,3.93,4899
thriller,5.75,6.00,2.21,,3.14,14727
thrilling,7.19,6.16,2.07,5.15,3.52,8775
thrive,6.79,5.65,2.21,,3.25,12772
thriving,5.90,5.22,2.10,,3.09,15637
throat,4.76,4.20,4.97,6.09,4.56,1672
throbbing,3.68,5.64,3.63,,3.08,15898
throes,4.50,4.71,,,2.74,23718
throne,5.45,5.22,4.64,4.46,3.94,4811
throttle,5.55,5.36,4.24,,3.37,10828
throw,5.55,4.52,4.04,6.00,5.11,639
throwback,5.42,4.57,2.23,,2.72,24116
thrower,4.57,3.58,3.46,,2.69,24968
thrust,5.75,5.29,3.29,5.03,3.59,8061
thruster,4.56,4.70,,,2.72,24116
thud,4.24,5.05,3.20,,3.29,12042
thug,2.52,5.48,4.30,,3.54,8555
thumb,5.62,3.84,4.96,6.12,4.07,3890
thumbprint,5.60,4.33,4.69,,2.75,23331
thump,4.42,4.00,3.77,,3.29,12042
thumper,5.00,4.09,,,3.14,14627
thunder,5.74,5.75,4.34,,4.12,3546
thunderbolt,5.63,6.29,4.28,,3.23,13008
thunderclap,4.53,5.57,3.96,,2.77,22917
thunderstorm,5.67,6.10,4.83,,2.81,21885
thyroid,4.28,3.14,4.61,,2.75,23331
tiara,5.48,5.05,4.89,,3.26,12629
tibia,4.41,3.52,4.48,,2.81,21885
tic,4.24,4.41,3.77,,3.18,13906
tick,3.05,3.82,4.57,,3.86,5405
ticker,4.43,3.84,3.93,,3.04,16682
ticket,5.28,3.95,4.70,6.19,4.66,1411
tickle,6.14,5.86,3.85,6.23,3.68,7049
ticklish,6.19,4.88,3.22,5.78,3.06,16177
tidal,5.33,5.05,3.14,,3.02,17010
tidal wave,4.90,4.80,4.79,,,
tide,6.55,5.47,4.10,,3.87,5349
tidings,6.25,3.55,2.80,,3.06,16358
tidy,6.24,2.86,3.03,6.06,3.57,8265
tie,5.33,3.10,4.81,6.23,4.65,1443
tier,4.95,3.73,3.67,,3.03,16856
tiger,6.00,5.55,5.00,6.21,4.27,2817
tighten,5.00,5.68,3.33,,3.46,9588
tightrope,4.81,4.18,4.78,,2.69,24968
tights,5.95,3.45,4.62,,3.43,10048
tile,5.00,2.89,4.68,,3.33,11461
tilt,4.78,4.59,4.04,5.09,3.35,11139
timber,4.90,3.73,4.90,,3.40,10424
time,5.60,3.41,3.07,6.69,6.29,83
timeless,5.89,3.40,1.57,,2.95,18731
timely,6.14,3.48,2.28,,3.04,16682
timeout,4.05,3.81,3.25,,2.72,24116
timer,4.81,4.17,4.69,,3.80,5952
times,5.91,3.19,2.07,,5.34,449
timetable,4.90,3.62,4.08,,3.21,13394
timid,3.37,3.15,2.22,4.52,3.18,13906
timing,5.67,3.40,2.86,,4.18,3281
tin,4.95,2.73,4.87,,3.94,4811
tinfoil,4.79,3.25,4.96,,2.69,24968
tingle,6.23,5.24,3.16,,3.05,16508
tinker,5.95,2.83,3.19,,3.35,11139
tinkle,5.55,3.75,3.52,,2.97,18107
tinkling,5.33,5.40,3.77,,2.88,20159
tinsel,5.70,4.05,4.82,4.07,2.69,24968
tiny,5.10,4.60,3.11,5.57,4.51,1841
tip,6.77,4.05,4.50,,4.44,2054
tipper,5.25,3.73,3.37,,2.84,21286
tipster,5.30,3.62,,,2.80,22203
tipsy,5.60,4.70,2.35,,2.82,21557
tiptoe,5.32,3.76,3.89,,2.95,18526
tire,4.55,3.09,5.00,5.35,4.09,3753
tired,4.29,3.67,3.00,6.67,5.05,693
tireless,4.95,4.41,2.38,,2.84,21286
tiresome,3.86,2.52,2.08,,3.17,14196
tiring,3.68,3.55,2.52,,3.08,15898
tissue,5.30,3.10,4.93,,4.03,4171
tit,5.76,6.14,4.64,,3.53,8747
titan,5.71,4.32,3.76,3.77,3.17,14196
titanic,4.42,4.39,3.93,4.64,3.40,10367
titanium,5.26,3.78,4.67,,3.20,13601
title,5.71,2.15,3.32,,4.27,2809
toad,6.00,3.62,5.00,5.12,3.76,6323
toast,6.73,3.65,4.93,6.27,4.52,1771
toaster,5.80,3.85,4.90,6.59,3.59,8031
toasty,6.05,4.65,3.38,,2.84,21286
tobacco,3.37,5.00,4.88,5.53,3.84,5545
toddler,6.28,4.20,4.29,5.22,2.90,19680
toe,5.24,3.10,4.93,6.18,4.10,3679
toenail,3.95,3.06,4.86,,2.95,18731
toffee,6.19,5.00,4.89,,2.65,25937
tofu,4.29,3.09,4.86,,3.43,9962
toga,5.36,3.75,4.73,4.42,2.97,18107
togetherness,6.30,4.64,2.62,,2.77,22917
toil,3.62,5.55,2.67,,3.01,17381
toilet,3.71,4.50,4.97,6.82,4.46,1985
token,5.63,3.09,4.30,,3.61,7859
tolerable,4.90,4.40,2.04,,2.67,25460
tolerance,6.43,3.36,2.11,,3.41,10274
tolerant,5.90,3.09,2.07,,3.11,15245
tolerate,6.19,3.14,1.78,,3.84,5563
toll,3.53,3.95,3.54,4.03,3.53,8747
tomahawk,4.86,5.19,4.83,2.24,2.65,25937
tomato,5.80,2.68,5.00,6.47,3.77,6158
tomatoes,6.25,3.82,,,3.64,7523
tomb,3.58,4.06,4.73,3.77,3.75,6370
tombstone,3.14,4.86,4.71,,3.33,11377
tomcat,5.16,4.74,4.42,,2.84,21286
tome,5.29,4.60,,,2.89,19918
ton,5.00,3.55,4.17,,3.88,5274
tone,5.47,3.67,3.07,5.50,4.23,3000
toner,5.11,4.14,4.17,,2.95,18731
tongs,5.00,3.25,5.00,,2.90,19680
tongue,6.29,4.25,4.93,6.45,4.49,1890
tonic,6.05,4.25,4.10,,3.58,8105
tool,5.07,3.91,4.60,6.03,4.03,4161
toolbox,4.70,4.05,4.75,,3.10,15382
toot,4.74,4.00,3.57,,3.20,13601
tooth,5.06,3.52,4.89,6.38,4.13,3508
toothache,2.32,5.86,3.42,5.28,3.06,16177
toothbrush,5.58,3.38,5.00,6.88,3.70,6868
toothless,2.52,4.00,4.26,,2.75,23331
toothpaste,5.21,2.86,4.97,,3.50,9099
toothpick,4.89,3.33,4.93,,3.02,17194
toots,5.20,5.10,3.16,,3.52,8824
top,6.00,4.33,3.93,6.51,5.12,624
topaz,5.55,3.87,4.37,,3.01,17381
topic,5.50,3.20,2.59,,3.73,6614
topical,5.35,3.29,2.76,,2.72,24116
topless,5.36,6.61,4.11,,3.30,11968
topple,4.86,3.21,3.59,,2.81,21885
topside,4.90,3.36,4.04,,3.12,15104
torch,4.50,5.12,4.76,6.03,3.70,6883
torment,2.53,6.17,2.62,4.00,3.44,9870
tornado,3.63,7.45,4.53,5.12,3.41,10274
torpedo,3.71,4.48,4.96,,3.81,5869
torque,5.30,4.90,3.28,,2.87,20435
torrent,4.86,5.00,3.31,,2.63,26447
torrid,3.65,3.45,2.17,,2.75,23331
torso,5.23,3.85,4.83,,3.27,12417
tortoise,5.58,3.32,4.87,4.93,3.06,16358
torture,1.40,5.09,3.59,4.91,4.20,3137
toss,5.00,4.18,3.96,4.53,4.09,3749
tot,6.36,3.14,4.22,,3.03,16856
total,5.32,4.25,2.80,,4.58,1620
tote,5.45,4.25,4.38,,3.04,16682
totem,5.32,4.78,4.00,,2.95,18731
touch,6.64,4.90,3.86,6.31,5.17,590
touchdown,7.11,4.86,3.88,,3.70,6895
touchy,4.29,3.88,2.44,5.42,3.50,9099
tough,4.45,4.24,2.50,6.06,4.96,819
toughen,5.37,4.28,2.41,,2.78,22564
toupee,4.00,3.06,4.65,,3.10,15382
tour,6.00,4.80,3.38,5.67,4.49,1902
tourism,5.35,4.06,3.00,,2.82,21557
tourist,5.71,3.57,4.59,5.79,3.67,7197
tournament,6.24,4.08,4.11,,3.96,4664
tourniquet,4.05,5.05,4.50,,3.00,17531
tout,5.35,4.58,,,3.04,16682
tow,5.38,3.75,3.79,,3.76,6245
towel,6.14,2.90,4.86,6.72,4.15,3394
tower,5.24,3.86,4.76,5.21,4.36,2399
towering,4.35,4.12,2.93,,2.81,21885
town,5.59,3.81,4.64,6.38,5.39,400
townhouse,5.95,4.30,4.86,,2.88,20159
township,5.35,2.90,3.15,,2.71,24525
townspeople,5.81,2.91,4.21,,3.04,16682
toxic,2.35,5.29,3.13,5.02,3.69,6960
toxicity,2.47,4.60,2.79,,2.69,24968
toxicology,3.62,3.70,2.40,,3.02,17010
toxin,2.42,5.52,3.89,3.73,2.96,18305
toy,7.29,4.29,4.93,5.97,4.23,3003
toymaker,6.76,3.90,4.46,,2.95,18526
trace,4.74,2.84,3.66,4.38,4.29,2705
traceable,4.63,3.61,2.14,,2.69,24968
tracer,5.05,3.86,3.57,,3.23,13008
trachea,4.73,4.21,4.48,,2.85,21003
track,5.78,3.76,4.31,5.23,4.75,1209
tracker,4.87,4.59,3.89,,3.22,13293
tract,4.05,3.45,3.46,,3.16,14304
traction,5.27,4.17,3.59,3.83,3.28,12244
tractor,5.05,3.73,5.00,5.51,3.57,8234
trade,5.91,4.45,3.08,5.70,4.55,1705
trademark,5.00,3.72,3.13,,3.17,14097
trader,5.47,3.50,3.89,,3.20,13601
tradition,6.09,4.61,1.69,,4.14,3487
traditional,5.95,3.76,1.76,,3.91,4999
traffic,2.18,5.25,4.67,6.07,4.45,2007
traffic light,4.76,4.90,4.66,,,
trafficking,2.55,4.72,2.54,,3.02,17010
tragedy,2.11,6.80,2.07,5.07,4.15,3387
tragic,3.52,5.36,2.00,5.63,4.09,3791
trail,6.15,4.00,4.46,,4.28,2725
trailer,4.44,2.85,4.79,5.33,4.06,4007
train,6.36,4.05,4.79,6.46,4.98,791
train set,6.10,3.29,4.86,,,
trainee,5.45,4.16,3.89,,3.13,14853
trainer,5.16,4.00,4.31,5.57,3.75,6408
training,5.19,4.10,3.30,,4.55,1708
trait,5.44,3.55,2.72,,3.04,16682
traitor,2.39,4.27,3.69,4.52,4.03,4202
traitorous,2.32,5.25,1.71,,2.69,24968
trajectory,4.89,3.33,3.10,,3.27,12417
tram,4.70,2.42,,4.45,3.14,14627
tramp,3.30,4.86,3.90,,3.92,4936
trample,3.73,5.00,3.28,5.31,2.92,19434
trampoline,6.23,5.58,5.00,,2.84,21286
trance,5.24,4.00,3.00,4.46,3.72,6652
tranquil,7.11,2.61,1.90,5.15,2.93,19207
tranquility,7.86,3.64,2.33,,2.87,20435
tranquilizer,4.86,3.12,4.55,,3.26,12560
transaction,5.26,3.73,2.90,,3.47,9440
transatlantic,5.00,4.84,2.88,,2.81,21885
transceiver,5.00,4.22,4.32,,2.99,17712
transcend,5.75,5.00,1.93,,2.69,24968
transcendent,5.14,4.33,1.64,,2.63,26447
transcript,5.24,3.30,4.07,,4.14,3464
transcription,5.15,4.13,3.32,,2.82,21557
transfer,5.29,3.22,3.04,,4.31,2601
transference,4.40,3.44,1.86,,2.95,18731
transform,6.05,4.86,2.41,,3.34,11188
transformation,6.14,5.56,2.94,,3.30,11908
transformer,6.14,5.16,3.75,,2.74,23718
transfusion,5.00,4.45,3.41,,3.19,13804
transgression,3.90,5.25,2.48,,2.71,24525
transient,4.21,4.04,2.68,,3.02,17194
transistor,4.71,3.90,4.12,,2.78,22564
transit,4.52,4.05,3.61,4.15,3.50,9025
transition,5.43,3.65,2.19,4.64,3.50,9128
transitional,4.79,4.50,1.87,,2.67,25460
translate,5.67,2.75,2.69,,3.68,7039
translation,5.65,4.48,2.96,,3.67,7152
translator,5.05,4.00,3.86,,3.36,11038
transmission,4.62,3.38,4.00,,3.93,4849
transmit,4.24,4.39,3.31,,3.46,9588
transmitter,4.95,3.50,4.37,,3.61,7859
transparent,5.37,3.45,3.18,,3.26,12560
transplant,4.60,6.37,3.77,,3.71,6786
transponder,4.95,3.55,4.50,,3.15,14512
transport,5.90,3.76,3.50,,4.05,4047
transportation,6.10,2.38,3.89,5.68,3.75,6425
transporter,4.84,4.14,3.96,,3.21,13394
transsexual,3.68,4.23,3.45,,2.74,23718
transvestite,4.22,5.05,3.85,,3.22,13293
trap,3.24,4.36,4.30,5.12,4.38,2328
trapdoor,4.19,5.04,4.56,,2.63,26447
trapeze,5.57,4.80,4.55,,3.14,14727
trapper,4.47,3.09,3.59,,3.22,13228
trash,2.74,3.66,4.70,4.49,4.35,2432
trashy,2.75,5.75,2.81,,3.03,16856
trauma,2.89,4.87,2.72,5.32,4.23,2973
traumatic,2.22,5.50,2.37,5.03,3.43,9916
travel,7.89,5.55,3.67,6.37,4.52,1782
traveler,6.39,4.75,4.07,,3.48,9293
traverse,5.00,3.60,2.88,,2.87,20435
travesty,2.85,4.95,2.07,,2.96,18305
tray,5.14,3.57,4.74,5.68,3.91,5044
treacherous,2.85,6.00,2.21,,3.34,11241
treachery,2.70,5.33,1.69,,3.28,12244
tread,4.72,3.76,3.57,4.27,3.36,10983
treadmill,5.19,4.22,4.93,,2.93,19207
treason,3.05,5.80,2.03,4.06,3.71,6805
treasure,7.65,6.30,4.32,5.26,4.28,2745
treasured,7.14,5.16,2.52,,2.78,22564
treasurer,6.43,4.27,3.73,4.64,3.06,16358
treasury,5.80,4.29,3.33,,3.58,8134
treat,6.84,5.00,3.79,6.27,4.71,1280
treatable,6.16,3.75,2.55,,2.77,22917
treatment,5.00,4.47,2.93,,4.29,2714
treaty,5.42,3.70,3.07,4.66,3.67,7152
tree,7.59,2.67,5.00,6.50,4.81,1081
tremble,3.18,5.32,3.61,4.94,3.35,11092
tremendous,7.00,3.54,2.10,,3.93,4883
tremor,4.26,4.72,3.89,,2.92,19434
trench,4.43,3.22,4.46,4.82,3.49,9198
trend,5.33,4.45,2.42,5.32,3.32,11598
trendy,4.95,4.23,2.33,,2.95,18731
trespass,3.27,4.79,3.43,,3.16,14304
triad,4.32,4.45,,,3.54,8638
triage,3.81,4.65,3.17,,3.22,13228
trial,3.28,5.05,3.07,4.79,4.69,1326
triangle,5.21,3.50,4.52,6.09,3.63,7574
triangulate,4.90,4.00,2.81,,2.77,22917
triathlon,5.05,3.41,3.26,,2.65,25937
tribal,5.17,4.56,2.50,4.31,3.27,12325
tribe,5.63,4.29,4.14,4.48,3.81,5883
tribunal,4.53,3.95,2.70,,3.04,16682
tribune,4.84,3.78,2.93,,3.31,11792
tribute,6.44,4.27,2.67,4.31,3.72,6666
trick,4.89,5.57,3.36,5.43,4.67,1372
trickery,3.53,5.12,1.90,,2.88,20159
trickster,3.79,5.37,3.21,,2.65,25937
tricky,4.78,4.86,2.04,5.81,3.90,5079
tricycle,6.14,3.62,4.68,,2.74,23718
trident,5.37,4.36,4.50,,2.69,24968
trifle,4.80,4.06,2.69,,3.33,11528
trifling,3.79,3.30,1.63,,2.85,21003
trig,4.74,3.18,,,2.89,19918
trigger,4.85,5.85,4.31,,4.23,2996
trillion,5.85,5.19,2.72,,3.02,17194
trilogy,5.26,3.67,3.50,,2.81,21885
trim,4.64,3.38,3.93,4.68,3.63,7574
trimester,5.11,4.82,2.78,,2.94,18951
trinket,6.25,4.37,4.48,3.82,2.86,20727
trio,5.68,3.38,3.97,4.39,3.12,15104
trip,7.00,5.33,3.71,,4.92,894
tripe,4.10,3.40,3.54,,2.92,19434
triple,5.86,5.60,3.59,5.07,3.97,4582
triplicate,4.59,4.16,2.96,,2.88,20159
tripod,5.23,4.32,4.72,4.30,2.96,18305
trite,4.27,4.39,2.09,,2.90,19680
triumph,7.34,5.60,2.17,5.18,3.67,7197
triumphant,7.45,5.05,2.00,5.15,3.14,14627
trivia,5.70,3.82,2.64,,2.95,18526
trivial,4.11,3.82,2.10,,3.26,12485
troll,4.45,4.54,4.28,4.29,3.43,9916
trolley,5.67,3.00,4.73,,3.16,14406
trombone,5.00,3.43,4.90,,3.11,15245
troop,5.58,4.50,4.34,,3.76,6233
trooper,5.50,4.95,4.00,,3.65,7406
trophy,6.55,4.35,4.89,5.15,3.88,5250
tropic,6.91,4.17,3.16,,2.86,20727
tropical,7.05,4.30,3.25,,3.51,8991
tropics,7.05,4.74,4.08,,2.90,19680
trot,5.63,5.10,4.11,4.64,3.26,12560
trouble,2.87,5.59,2.25,5.88,5.35,440
troubled,3.11,4.45,1.82,,3.83,5651
troublemaker,3.25,5.24,2.96,,3.34,11315
troublesome,2.74,4.85,2.04,4.71,3.19,13696
trough,4.19,3.83,4.17,,3.16,14406
troupe,5.24,3.70,4.00,,3.25,12695
trousers,5.15,2.89,4.93,6.69,3.71,6724
trout,5.62,3.85,4.72,4.41,3.61,7859
truce,6.42,2.86,2.47,4.66,3.64,7523
truck,5.16,3.76,4.84,5.93,4.86,980
trucker,4.62,3.55,4.55,,3.08,15770
truckload,5.23,4.64,4.20,,3.01,17381
true,7.51,4.98,1.70,6.16,5.40,392
truffle,6.71,3.50,4.60,,2.67,25460
trump,4.18,3.33,2.57,,3.36,11038
trumpet,6.03,4.17,4.86,5.56,3.62,7738
trunk,5.02,3.51,4.71,4.74,4.30,2666
trust,7.24,4.30,2.04,6.13,5.25,524
trustee,5.84,3.91,3.30,3.85,2.93,19207
trustworthy,7.25,4.22,2.39,6.07,3.27,12417
trusty,6.19,4.17,2.23,,3.16,14406
truth,7.19,3.88,1.96,6.28,5.28,498
truthful,7.48,3.71,1.90,,3.33,11377
try,5.64,4.00,2.22,,5.68,245
tryout,5.53,4.19,2.64,,2.95,18731
tsunami,2.33,6.29,4.33,5.00,2.74,23718
tub,6.10,3.80,4.64,,4.10,3679
tuba,5.58,3.95,4.86,,3.08,15770
tubby,3.90,3.95,3.07,,2.80,22203
tube,5.53,3.14,4.82,5.19,4.22,3064
tuberculosis,2.74,4.48,3.62,,2.81,21885
tubing,5.11,3.62,4.38,,2.85,21003
tuck,4.89,3.40,3.86,,3.90,5079
tug,4.47,4.00,3.50,,3.44,9821
tugboat,5.57,3.05,4.78,,2.67,25460
tuition,3.53,4.41,3.52,,3.61,7830
tulip,7.25,3.40,5.00,5.03,2.90,19680
tumble,5.65,4.90,3.89,4.47,3.19,13696
tumbleweed,5.67,3.25,4.84,,2.65,25937
tummy,6.05,3.78,4.68,,3.54,8593
tumor,2.05,5.33,4.56,,3.71,6724
tuna,5.26,4.14,4.89,,3.90,5063
tune,7.00,3.73,3.50,5.68,4.19,3189
tunic,5.79,3.79,3.75,,2.75,23331
tunnel,4.48,4.09,4.82,,4.25,2889
turban,4.23,4.13,4.76,,3.12,15104
turbine,4.65,5.47,4.59,,2.96,18305
turbo,5.95,5.62,3.14,,3.47,9519
turbulence,2.95,6.45,3.57,,3.29,12042
turbulent,4.17,5.90,2.67,,2.82,21557
turd,2.50,4.59,4.00,,3.44,9781
turf,4.62,3.95,4.10,3.61,3.63,7574
turkey,5.90,3.45,4.89,,4.35,2423
turmoil,3.65,5.94,2.11,,3.10,15529
turn,5.45,3.48,3.44,,5.49,341
turnaround,5.55,3.43,2.96,,2.71,24525
turnip,4.63,3.32,4.79,,3.24,12846
turnoff,2.85,4.26,2.36,,2.86,20727
turnout,5.23,4.26,3.07,,3.22,13228
turnover,4.84,4.14,3.45,,2.78,22564
turnpike,4.89,3.55,4.38,,2.97,18107
turpentine,4.05,4.10,4.86,,2.97,18107
turquoise,6.50,4.50,4.41,,2.95,18526
turret,4.55,4.81,4.61,,2.95,18526
turtle,6.16,2.52,5.00,5.88,4.23,2973
turtleneck,5.05,3.41,4.70,,2.93,19207
tussle,4.00,5.00,2.71,,2.69,24968
tutor,5.90,2.81,4.28,,3.66,7223
tutoring,5.95,3.35,3.52,,3.30,11850
tutu,6.19,4.15,4.68,,2.85,21003
tux,5.91,4.65,4.96,,3.54,8614
tuxedo,6.24,4.33,4.86,,3.49,9160
tv,6.05,4.24,5.00,6.71,5.01,749
twain,5.63,3.28,2.92,,3.46,9629
twat,4.32,5.39,3.29,,3.12,14978
tweak,5.21,4.70,2.79,,2.84,21286
tweed,4.18,4.09,4.81,3.72,3.08,15770
tweet,5.37,3.39,3.52,5.91,2.94,18951
tweezers,4.63,4.64,4.96,5.32,3.02,17194
twelve,5.32,3.42,3.61,,4.27,2770
twenty,6.25,3.67,3.67,,4.43,2096
twerp,4.25,4.23,2.44,,3.18,13906
twig,5.47,3.18,4.75,5.03,3.14,14727
twilight,6.24,4.20,4.11,4.97,3.49,9225
twin,5.81,3.95,4.17,5.70,4.02,4250
twine,5.35,3.24,4.03,,2.77,22917
twinge,4.29,4.35,2.56,,2.72,24116
twinkle,6.26,3.72,3.21,,3.49,9198
twirl,6.10,5.05,3.92,,3.12,14978
twist,4.61,4.27,3.90,,4.10,3701
twister,4.25,6.00,4.44,,3.19,13696
twit,4.00,4.32,2.68,,3.15,14512
twitch,4.26,5.95,3.79,,3.33,11377
twitchy,3.75,5.00,3.32,,2.78,22564
two,6.30,3.33,4.18,,6.03,134
two step,5.95,3.55,3.91,,,
twosome,6.52,5.20,3.28,,2.67,25460
tycoon,4.74,4.30,3.68,,3.02,17194
tyke,5.70,3.83,4.00,,2.74,23718
type,6.06,2.86,3.30,5.41,4.78,1137
typewriter,5.44,2.40,4.88,5.06,3.50,9066
typhoid,2.55,4.62,3.38,,2.71,24525
typhoon,3.62,5.82,4.55,4.42,3.17,14097
typical,4.58,3.37,1.52,,4.10,3705
typist,5.30,4.14,4.41,,2.93,19207
typo,4.10,4.00,3.64,,2.84,21286
tyranny,3.19,5.45,1.68,3.55,3.21,13394
tyrant,2.90,5.27,3.80,3.94,3.29,12112
ubiquitous,5.05,3.81,2.04,,2.67,25460
ugliness,2.75,4.43,3.25,,3.10,15529
ugly,2.47,4.43,3.23,6.30,4.62,1502
ukulele,5.26,4.52,4.62,,2.77,22917
ulcer,2.70,4.76,4.69,5.06,3.41,10231
ulterior,4.29,4.71,1.44,,2.96,18305
ultimate,5.74,5.10,1.70,,3.96,4692
ultimatum,3.65,5.18,2.07,,3.12,15104
ultrasound,5.14,5.15,3.97,,3.39,10540
ultraviolet,5.80,3.71,3.22,,2.81,21885
umbilical,5.52,3.36,3.88,,3.09,15637
umbrella,5.84,3.50,5.00,6.35,3.88,5274
umpire,4.19,4.57,4.27,,3.03,16856
umpteen,4.95,3.86,,,1.99,45730
unable,2.96,3.61,1.77,,4.01,4305
unacceptable,3.29,4.43,1.73,,3.73,6614
unaccounted,4.10,4.22,1.89,,3.00,17531
unaffected,4.84,3.32,1.77,,2.65,25937
unafraid,6.43,3.38,1.84,,2.72,24116
unanimous,5.55,4.24,2.70,,3.33,11528
unannounced,3.50,5.05,2.40,,3.12,14978
unanswered,3.10,3.72,2.67,,3.00,17531
unappreciated,2.65,5.00,1.67,,2.69,24968
unarmed,3.74,3.64,3.54,,3.59,8061
unattached,4.79,3.86,2.48,,2.75,23331
unattainable,2.75,4.48,1.73,,2.71,24525
unattended,3.76,3.68,2.92,,3.01,17381
unattractive,2.37,4.30,2.04,,3.26,12560
unauthorized,4.11,4.39,2.48,,3.37,10883
unavailable,3.52,3.85,1.93,,3.32,11666
unavoidable,4.14,4.32,1.64,,3.08,15770
unaware,3.89,4.10,1.75,,3.37,10772
unbalanced,3.10,4.74,2.19,,2.85,21003
unbearable,2.10,5.76,2.00,,3.41,10321
unbeatable,5.53,5.25,1.73,,2.90,19680
unbecoming,3.32,4.73,2.30,,2.81,21885
unbelievable,5.57,5.40,1.54,5.49,4.47,1959
unborn,4.86,5.28,2.62,,3.36,10983
unbreakable,6.58,4.10,2.82,,2.85,21003
unbridled,4.63,4.45,1.35,,2.78,22564
unbutton,5.00,5.95,3.93,,2.88,20159
uncalled,3.86,3.30,2.30,,2.89,19918
uncanny,5.00,4.71,1.63,,3.18,14005
uncertain,3.60,4.45,1.88,,3.38,10715
uncertainty,3.30,5.27,1.75,,3.14,14727
unchanged,5.00,2.68,2.26,,2.86,20727
uncharted,5.44,5.10,2.69,,3.08,15898
uncivilized,3.79,4.95,2.26,,2.85,21003
uncle,6.50,4.05,4.24,6.00,5.09,650
unclean,2.95,4.12,3.21,,3.11,15245
unclear,3.67,4.19,2.39,,3.17,14097
uncomfortable,2.70,5.50,2.07,6.41,4.19,3182
uncommon,5.35,3.20,2.38,,3.34,11315
uncomplicated,6.33,3.58,1.97,,2.80,22203
uncompromising,3.95,5.17,1.93,,2.63,26447
unconditional,6.60,4.10,1.77,,2.97,18107
unconfirmed,4.72,4.43,2.23,,2.81,21885
unconscious,3.81,4.55,2.45,,4.06,3984
uncontrollable,3.84,5.81,2.11,,3.05,16508
unconventional,5.71,4.80,1.96,,2.95,18731
uncooperative,2.86,4.80,1.85,,2.81,21885
uncouth,3.79,4.14,1.87,,2.77,22917
uncover,4.89,3.55,3.42,,3.29,12112
uncut,4.84,3.61,3.11,,2.90,19680
undead,3.64,5.27,3.31,,3.37,10828
undefeated,6.21,4.32,2.38,,3.34,11241
undeniable,5.40,3.50,2.38,,2.99,17712
underage,4.10,3.76,3.14,,3.34,11241
underbelly,4.42,3.74,4.04,,2.89,19918
undercover,5.58,3.73,2.44,,4.07,3909
underdog,5.10,5.38,2.71,,2.99,17712
underestimate,4.35,4.48,2.04,,3.71,6817
undergo,3.90,3.88,2.41,,2.93,19207
undergraduate,5.00,3.95,3.19,,2.65,25937
underground,4.70,4.24,4.07,,4.08,3840
underhanded,3.53,4.33,2.45,,2.85,21003
underlay,4.64,3.05,3.00,,3.28,12244
underlying,4.87,4.70,2.32,,3.10,15382
undermine,3.05,4.21,1.90,,3.17,14196
underpants,5.18,5.08,4.89,,3.47,9440
underprivileged,3.00,3.89,1.85,,2.87,20435
underrated,5.53,4.64,1.93,,2.77,22917
undersea,6.38,4.45,3.83,,2.90,19680
undersecretary,4.71,2.86,,,2.65,25937
understaffed,4.14,3.95,2.54,,2.65,25937
understand,6.68,3.52,2.28,,5.68,242
understandable,6.50,3.48,1.85,,3.60,7959
understanding,7.14,3.09,1.92,,4.34,2470
understatement,5.42,4.61,1.79,,3.24,12846
understudy,5.00,4.13,3.47,,3.29,12112
undertake,4.21,4.22,1.71,,3.02,17194
undertaker,3.86,3.82,4.07,,3.19,13804
undertaking,4.74,3.28,2.22,,2.90,19680
undertow,4.05,4.46,3.72,,2.74,23718
underwear,5.35,4.46,4.96,,4.34,2492
underworld,3.94,5.14,2.96,3.23,3.55,8467
undesirable,3.00,4.00,2.22,5.19,2.82,21557
undetectable,5.00,4.30,1.72,,2.77,22917
undetected,4.68,3.77,2.43,,3.06,16358
undetermined,3.67,3.70,1.59,,2.65,25937
undignified,3.25,4.41,1.97,,2.78,22564
undiscovered,6.00,3.83,2.14,,2.80,22203
undisputed,5.58,4.13,1.50,,2.77,22917
undisturbed,6.40,2.59,2.36,,2.86,20727
undivided,5.79,3.52,2.71,,2.97,18107
undo,5.35,3.52,2.56,,3.64,7463
undress,6.14,5.96,3.97,,3.39,10593
undressed,6.00,5.35,3.34,,3.39,10639
undue,4.05,3.53,1.67,,2.77,22917
undying,5.35,4.75,1.87,,2.95,18731
uneasy,2.86,4.48,1.86,5.56,3.32,11598
uneducated,3.00,3.90,2.15,,2.69,24968
unemployed,2.67,5.26,2.57,,3.56,8348
unemployment,2.32,5.59,3.11,,3.50,9099
unending,3.16,4.36,1.93,,2.71,24525
unethical,2.19,4.25,1.62,,3.25,12695
uneven,4.45,3.43,3.07,,2.89,19918
uneventful,4.58,2.56,1.74,,2.90,19680
unexpected,4.68,5.10,2.23,,3.94,4769
unexplainable,5.00,3.94,1.45,,2.85,21003
unexplained,4.60,4.86,1.79,,3.19,13696
unexplored,5.77,5.86,1.79,,2.67,25460
unfair,3.15,3.75,1.62,,3.99,4425
unfaithful,2.33,5.59,1.93,5.45,3.37,10772
unfamiliar,4.14,5.18,1.83,,3.19,13804
unfeeling,2.79,3.61,2.17,,2.82,21557
unfinished,4.24,3.36,2.34,,3.55,8526
unfit,2.95,3.77,1.89,,3.19,13696
unfold,4.23,3.87,3.55,,3.14,14727
unforeseen,4.50,4.00,1.83,,2.77,22917
unforgettable,6.73,5.84,1.60,,2.98,17898
unforgivable,2.33,6.25,1.32,,3.30,11968
unforgiving,2.41,4.81,1.38,,2.72,24116
unfortunate,3.33,3.52,1.78,,4.07,3885
unfounded,4.18,3.96,1.89,,2.80,22203
unfreeze,4.29,3.41,2.88,,2.85,21003
unfriendly,2.30,4.05,2.12,,3.02,17010
unglued,4.10,4.12,2.67,,2.71,24525
ungodly,3.50,5.27,1.56,,2.78,22564
ungrateful,2.68,4.71,1.63,,3.66,7223
unguarded,4.45,4.33,2.08,,2.86,20727
unhand,4.11,3.78,2.67,,2.94,18951
unhappiness,1.89,4.41,1.52,,3.07,16056
unhappy,1.84,5.10,2.04,5.76,4.22,3051
unharmed,6.78,2.45,2.37,,3.18,13906
unhealthy,2.55,4.36,2.70,,3.22,13293
unheard,4.16,3.18,2.22,,3.18,14005
unholy,4.08,5.16,1.52,,3.13,14853
unhook,4.55,3.31,3.34,,2.95,18731
unicorn,6.86,5.14,3.62,4.59,3.40,10484
unidentified,4.52,4.89,1.97,,3.57,8328
unification,6.10,4.33,1.93,,3.21,13394
unified,6.42,3.57,2.07,,3.07,16056
uniform,4.37,3.55,4.67,,4.39,2256
uniformed,4.42,4.25,3.50,,2.77,22917
unimaginable,4.23,4.65,1.37,,2.97,18107
unimportant,4.42,3.52,1.83,,3.39,10540
uninhabited,5.45,3.56,3.71,,2.69,24968
unintelligible,3.60,3.81,2.07,,2.71,24525
unintentional,5.25,3.52,1.79,,2.63,26447
uninterrupted,5.35,3.32,2.46,,2.74,23718
uninvited,3.35,4.38,2.39,,3.15,14512
union,5.85,4.05,3.38,,4.34,2482
unique,7.32,4.00,1.89,6.00,4.14,3490
unisex,5.78,4.95,3.19,,2.86,20727
unison,5.76,3.43,2.96,,2.63,26447
unit,5.29,3.33,3.77,5.30,4.56,1670
unite,6.40,3.19,2.58,5.16,3.48,9293
unity,6.67,4.80,2.23,,3.43,9916
universal,6.59,4.87,1.87,6.27,3.77,6199
universe,6.81,3.91,3.85,6.00,4.40,2229
university,6.95,4.24,4.65,6.94,4.37,2347
unjust,3.16,6.33,1.31,,3.07,16056
unkind,2.55,4.24,2.22,,3.15,14512
unknown,4.85,4.71,1.47,,4.18,3254
unlawful,2.73,4.46,2.15,,2.89,19918
unleash,4.60,5.14,3.55,,3.23,13116
unlikely,3.85,3.82,1.93,,3.71,6817
unlimited,6.16,4.52,1.88,,3.45,9706
unlisted,4.21,3.73,2.46,,2.99,17712
unload,5.21,3.24,3.21,,3.66,7223
unlock,5.55,3.20,4.11,,3.74,6478
unlucky,2.70,4.62,1.79,,3.62,7738
unmanned,5.28,3.33,2.85,,2.77,22917
unmarked,5.50,2.77,3.31,,3.14,14627
unmarried,4.72,5.32,2.82,,3.31,11732
unmistakable,6.10,4.33,1.73,,2.95,18526
unmitigated,4.75,4.19,2.00,,2.71,24525
unnamed,4.38,4.05,2.39,,2.71,24525
unnatural,4.53,5.52,1.41,,3.44,9821
unnecessary,4.62,3.79,1.56,,3.79,5986
unnoticed,4.32,3.28,2.25,,3.09,15637
unofficial,4.45,3.59,1.61,,3.00,17531
unopened,5.63,3.32,3.29,,2.75,23331
unorthodox,5.38,3.45,1.46,,3.16,14406
unpack,5.29,2.90,3.82,,3.51,8927
unpaid,2.58,5.62,2.52,,3.01,17381
unparalleled,5.37,3.85,1.66,,2.77,22917
unpleasant,2.53,4.73,1.91,,3.79,6045
unpleasantness,2.59,4.36,2.00,,2.77,22917
unplug,4.80,3.25,4.19,,2.95,18731
unplugged,4.29,3.25,3.80,,2.94,18951
unpopular,2.95,4.25,2.07,,3.12,15104
unprecedented,5.29,4.32,1.59,,3.20,13601
unpredictable,4.52,4.80,2.03,,3.54,8638
unprepared,3.11,5.09,2.07,,3.19,13804
unprofessional,2.71,4.71,1.85,,3.18,13906
unprotected,3.48,5.35,2.32,,3.10,15529
unprovoked,4.95,3.62,1.72,,2.69,24968
unpunished,4.50,5.27,2.28,,2.86,20727
unqualified,3.48,4.67,1.97,,2.74,23718
unquote,5.21,3.00,2.19,,2.89,19918
unravel,4.39,4.16,2.59,,2.99,17712
unreachable,3.00,3.40,2.07,,2.65,25937
unreal,4.57,4.90,1.52,,3.40,10424
unrealistic,3.55,4.39,1.89,,3.05,16508
unreasonable,3.85,5.00,1.60,,3.58,8134
unrelated,4.53,3.18,1.74,,3.03,16856
unrelenting,3.53,4.86,2.04,,2.67,25460
unreliable,2.74,4.29,1.83,,3.23,13116
unremarkable,4.42,3.52,1.81,,2.63,26447
unrequited,3.79,4.23,2.00,,2.65,25937
unresolved,3.05,4.61,1.87,,2.93,19207
unresponsive,2.95,3.94,2.63,,2.85,21003
unrest,2.63,4.91,2.24,,3.02,17194
unromantic,2.74,3.55,1.86,,2.69,24968
unruly,3.39,4.41,2.27,,2.86,20727
unsafe,2.84,5.17,1.89,,3.18,13906
unsanitary,1.79,4.95,2.86,,2.63,26447
unsatisfied,2.81,4.61,1.86,,2.75,23331
unsavory,3.05,4.35,1.75,,2.89,19918
unscheduled,3.74,5.14,2.21,,2.78,22564
unscrew,4.94,3.20,3.93,,2.71,24525
unscrupulous,3.20,4.67,1.62,,2.77,22917
unseen,4.38,4.30,1.67,,3.34,11315
unselfish,6.84,3.30,1.50,,2.95,18731
unsolicited,4.00,3.73,2.11,,2.65,25937
unsolved,4.00,5.48,2.00,,3.32,11598
unsound,4.55,4.05,1.74,,2.67,25460
unspeakable,3.80,3.90,1.52,,3.27,12325
unspoken,5.63,3.55,2.21,,3.06,16177
unstable,3.43,5.05,2.52,,3.71,6786
unstoppable,5.84,4.82,2.37,,3.24,12929
unsuccessful,2.33,3.36,2.25,5.58,2.95,18731
unsuitable,4.00,4.00,1.52,,2.69,24968
unsupervised,5.55,4.36,2.59,,2.80,22203
unsure,3.37,4.55,2.00,,3.02,17194
unsuspecting,3.95,3.55,1.73,,3.02,17010
unsympathetic,3.35,4.30,1.45,,2.65,25937
untamed,5.89,4.30,2.07,,2.82,21557
unthinkable,4.00,4.32,1.45,,3.14,14727
untidy,3.58,3.67,3.07,,2.63,26447
untie,4.95,2.80,3.89,,3.72,6709
untimely,3.53,4.40,2.00,,2.95,18731
untold,4.95,4.70,1.76,,3.09,15637
untouchable,4.25,4.70,2.29,,2.95,18731
untouched,5.24,3.52,2.71,,3.02,17194
untraceable,4.85,3.62,2.24,,3.07,16056
untrained,3.95,4.57,2.41,,2.65,25937
untroubled,6.21,3.02,1.71,4.00,1.99,45730
untrue,3.45,4.14,2.11,,3.17,14196
untrustworthy,2.67,4.80,2.00,,2.63,26447
unturned,4.91,3.84,2.42,,2.65,25937
unused,4.75,3.00,2.65,,2.81,21885
unusual,5.81,4.15,2.21,5.59,4.37,2338
unveil,5.61,3.89,2.97,,2.88,20159
unwanted,2.71,5.10,2.00,,3.14,14627
unwed,4.80,4.52,2.59,,2.74,23718
unwelcome,3.50,4.39,2.00,,2.87,20435
unwell,3.25,4.00,2.56,,2.69,24968
unwilling,3.25,4.64,1.61,,3.07,16056
unwind,5.90,3.62,2.52,,3.12,15104
unwise,3.84,4.52,1.69,,2.98,17898
unworthy,2.79,4.24,1.93,,3.28,12186
unwrap,5.48,4.29,3.15,,2.71,24525
unwritten,4.21,3.24,2.14,,2.81,21885
unzip,5.32,4.22,3.96,,2.93,19207
upbeat,7.14,4.92,1.93,,3.05,16508
upbringing,6.32,4.27,2.00,,3.07,16056
upcoming,6.63,4.50,1.96,,3.24,12846
update,5.85,3.89,2.79,,3.69,6915
upgrade,7.11,4.14,2.36,5.24,3.34,11315
uphold,5.25,3.89,2.85,4.63,3.39,10639
upholstery,5.32,3.12,4.65,,3.07,16056
upkeep,5.14,4.44,2.44,4.44,2.72,24116
uplifting,6.95,4.70,1.96,4.94,2.85,21003
uplink,5.35,4.05,,,3.17,14097
upload,6.60,3.60,3.11,,3.06,16177
upper,5.70,3.52,3.37,,4.08,3827
uppercut,4.55,5.48,4.04,,2.77,22917
uppity,4.65,4.74,2.29,,2.93,19207
upright,5.11,3.29,3.59,,3.48,9293
uprising,4.33,5.65,2.41,,3.07,16056
uproar,4.21,5.48,3.00,,3.02,17010
upscale,5.45,3.82,2.62,,2.75,23331
upset,2.45,4.49,2.41,6.59,4.87,966
upstanding,6.05,3.30,2.04,,3.05,16508
upstart,4.60,4.45,2.64,,2.63,26447
uptight,3.16,4.09,1.86,,3.61,7830
upward,5.81,4.43,3.57,5.10,3.23,13008
uranium,4.10,3.96,4.29,,3.33,11377
urban,4.95,4.41,3.43,4.85,3.67,7197
urchin,4.73,4.00,4.25,,2.65,25937
urge,5.11,5.29,1.93,5.42,3.82,5725
urgency,5.05,6.25,2.03,,3.16,14304
urgent,4.21,5.71,2.36,5.41,4.17,3295
urinal,2.80,3.62,4.60,,2.89,19918
urinate,4.14,3.95,4.46,,3.05,16508
urination,3.62,4.40,4.32,,2.75,23331
urine,2.90,4.38,4.93,5.59,3.81,5807
urn,3.37,2.90,4.61,,3.29,12042
usable,5.58,3.43,2.00,,2.74,23718
usage,5.10,2.50,2.07,,2.72,24116
use,5.18,4.19,2.78,6.50,5.54,311
useful,7.10,3.82,2.14,6.12,4.12,3589
usefulness,5.40,4.50,1.86,,2.75,23331
useless,2.80,4.39,1.78,5.76,4.30,2651
user,3.67,3.21,3.16,,3.19,13696
usher,5.39,3.95,4.38,3.82,3.38,10715
usual,5.48,3.20,1.90,6.58,4.57,1636
utensil,5.36,2.95,4.56,5.46,2.41,32774
uterus,4.79,4.82,4.71,,3.26,12560
utility,4.82,4.22,3.07,,3.35,11092
utilize,5.26,4.33,1.96,,2.95,18526
utmost,6.81,3.10,1.64,,3.37,10883
utter,4.76,3.90,3.03,,3.70,6835
vacancy,5.05,3.68,3.28,,2.95,18526
vacant,4.64,2.86,3.50,5.15,3.43,10048
vacate,4.10,4.90,3.39,,3.05,16508
vacation,8.53,5.22,3.14,5.12,4.52,1812
vaccination,4.56,4.62,4.24,5.18,2.88,20159
vaccine,6.48,6.45,4.69,5.34,3.29,12112
vacuum,5.38,4.63,4.22,5.52,3.76,6260
vagabond,3.32,4.55,3.80,,2.71,24525
vagina,6.00,5.83,4.82,5.80,3.71,6817
vaginal,5.67,5.71,3.66,,3.12,15104
vagrancy,3.43,5.72,2.71,,2.74,23718
vagrant,2.63,3.82,3.46,,2.81,21885
vague,4.29,3.61,1.55,5.03,3.66,7303
valance,5.05,3.73,3.85,,2.99,17712
vale,5.32,3.00,,,3.17,14097
valedictorian,6.32,4.43,3.93,,3.10,15529
valentine,6.40,4.79,2.80,5.97,4.18,3273
valet,5.14,4.29,4.26,,3.71,6724
valiant,6.21,4.90,1.59,,3.40,10484
valid,6.05,4.00,2.27,,3.51,8956
validate,6.50,4.05,2.18,,2.92,19434
validation,5.70,4.20,2.24,,2.86,20727
validity,5.38,2.73,1.89,,2.78,22564
valium,4.64,2.67,4.85,,3.44,9870
valley,6.22,2.70,4.72,4.97,4.40,2244
valor,5.57,3.67,1.85,,3.10,15382
valuable,7.17,3.85,2.22,5.90,4.19,3191
valuables,5.91,5.05,3.07,,3.10,15529
value,7.18,5.79,1.62,6.09,4.33,2503
valve,5.10,3.84,4.83,,3.69,7017
vamoose,4.38,4.86,,,2.78,22564
vamp,5.00,5.30,3.05,,2.97,18107
vampire,4.05,5.17,4.18,5.32,4.24,2925
van,4.43,4.35,4.72,5.74,4.71,1281
vandal,2.32,4.84,3.92,4.39,2.50,30254
vandalism,1.90,4.67,3.47,,3.19,13696
vanguard,5.17,3.20,,,2.72,24116
vanilla,7.42,3.62,4.68,,3.60,7905
vanish,3.86,5.05,2.77,5.48,3.51,8991
vanishing,3.56,4.74,2.36,,3.05,16508
vanity,4.46,3.77,2.15,4.62,3.62,7738
vanquish,4.72,5.05,2.21,,3.68,7083
vanquished,4.18,5.52,2.33,,3.30,11968
vanquishing,5.29,4.40,1.92,,3.13,14853
vantage,5.95,3.15,1.93,,2.89,19918
vapor,4.68,3.24,4.15,,2.80,22203
variable,5.29,3.65,2.24,,2.89,19918
variation,5.53,3.90,2.46,,3.10,15382
variety,6.41,5.16,2.13,,3.76,6260
various,5.52,3.82,2.35,6.00,3.95,4718
varmint,3.65,4.56,4.04,,2.90,19680
varnish,4.89,3.43,4.12,5.32,2.63,26447
varsity,5.36,3.55,2.93,,3.25,12772
vary,4.50,3.59,1.93,5.84,2.97,18107
varying,5.35,5.30,2.11,,2.85,21003
vascular,3.89,4.55,3.17,,3.23,13008
vase,5.77,3.57,5.00,5.46,3.59,8089
vasectomy,4.83,5.79,4.46,,3.00,17531
vassal,4.89,3.82,,,2.88,20159
vast,5.68,4.71,2.10,5.06,3.79,6045
vat,4.61,3.25,4.59,,3.18,14005
vault,5.84,2.86,4.62,,4.08,3834
veal,4.81,3.86,4.75,4.18,3.55,8467
vector,4.57,3.52,,,3.19,13804
veer,4.63,4.20,3.19,,3.04,16682
vegan,4.42,3.11,3.79,,2.82,21557
vegetable,6.79,3.75,4.89,6.58,3.76,6303
vegetarian,5.25,3.45,3.77,,3.60,7931
vegetation,6.19,3.80,4.45,,2.92,19434
vegetative,3.48,3.37,2.46,,2.72,24116
veggie,6.47,3.09,4.81,,2.78,22564
vehicle,6.00,4.68,4.64,5.62,4.35,2423
veil,5.42,3.83,4.45,5.00,3.47,9402
veiled,4.14,3.32,3.22,,2.74,23718
vein,5.11,3.70,4.63,5.88,3.56,8421
velocity,5.59,5.74,2.27,4.42,3.45,9744
velour,5.65,4.00,,,2.65,25937
velvet,6.30,4.53,4.44,,3.80,5939
vendetta,3.19,5.85,2.08,,3.09,15637
vending,5.70,3.62,3.23,,3.34,11315
vendor,5.29,3.82,4.50,,3.11,15245
veneer,5.42,4.21,4.04,,2.95,18526
venereal,2.95,4.58,,,2.72,24116
venetian,5.80,4.00,3.12,,2.86,20727
vengeance,2.53,5.23,2.04,,3.73,6534
vengeful,2.16,5.14,2.21,,3.01,17381
venison,4.95,3.84,4.46,,2.80,22203
venom,2.93,5.81,4.62,4.79,3.37,10828
venomous,2.90,7.21,3.39,,2.74,23718
vent,5.00,4.06,4.56,,3.65,7423
ventilation,6.44,2.70,3.48,,3.34,11315
ventilator,3.90,4.05,4.04,,3.10,15382
ventricle,4.90,3.14,4.36,,2.78,22564
ventriloquist,5.32,5.00,4.44,,2.99,17712
venture,5.33,5.55,2.60,5.00,3.68,7120
venue,5.37,4.18,3.54,,3.16,14304
veranda,5.95,2.83,4.54,,2.89,19918
verb,5.27,3.60,2.85,5.50,3.03,16856
verbal,5.29,3.76,2.50,5.79,3.47,9479
verdict,4.32,5.63,2.19,,4.04,4109
verge,4.68,4.65,2.32,4.27,3.52,8847
verification,5.40,4.05,2.45,,2.96,18305
verify,5.43,4.21,2.10,,3.69,7003
veritable,5.15,3.77,1.82,,3.00,17531
vermin,2.41,5.22,4.48,,3.38,10715
vermouth,4.95,4.27,4.16,,3.00,17531
vernacular,5.35,4.15,2.46,,2.71,24525
versatile,6.00,3.59,2.04,,2.98,17898
verse,6.00,3.65,3.19,5.06,3.67,7167
version,5.30,3.43,1.70,5.33,4.21,3086
vertebra,5.32,3.15,4.45,,2.80,22203
vertical,5.00,4.32,3.48,,3.44,9781
vertigo,4.48,3.71,2.82,,2.89,19918
vessel,5.20,3.62,4.66,3.41,3.97,4594
vest,5.74,4.10,4.52,5.51,3.75,6408
vet,4.95,3.95,4.55,5.50,3.76,6233
veteran,6.86,4.16,4.58,,3.58,8210
veterinarian,6.67,3.39,4.46,,3.10,15382
veterinary,5.74,3.75,3.52,,2.85,21003
veto,4.71,3.91,2.93,,2.96,18305
viable,6.00,4.19,1.62,,3.38,10715
vial,4.62,3.60,4.14,,3.12,15104
vibe,5.81,4.35,1.89,,3.72,6687
vibes,5.74,4.48,2.48,,3.04,16682
vibrant,7.37,5.96,2.38,,3.02,17194
vibrate,5.29,5.52,4.00,,3.05,16508
vibration,5.53,5.36,3.61,,3.20,13601
vibrator,5.73,5.95,4.64,,3.08,15898
vicar,5.50,3.87,,4.87,3.17,14097
vice,3.81,3.96,2.46,,4.27,2796
vice president,5.43,3.09,4.31,,,
viceroy,4.25,5.26,3.32,,2.65,25937
vicinity,5.32,4.32,2.37,,3.48,9337
vicious,2.63,6.05,2.04,4.32,3.93,4828
victim,2.05,5.37,3.59,5.71,4.68,1362
victorious,6.89,6.16,2.25,,3.12,15104
victory,7.59,5.90,2.55,5.42,4.33,2512
video,6.64,4.80,4.67,6.45,4.62,1524
video game,6.30,6.56,4.79,,,
videotape,5.68,4.67,4.92,,3.72,6709
view,6.67,3.30,3.21,,4.59,1594
viewer,5.53,3.57,4.13,,3.19,13804
viewing,5.58,3.40,2.86,,3.33,11377
viewpoint,6.17,3.55,2.23,,3.00,17531
vigil,5.35,3.10,2.60,,2.95,18731
vigilance,5.67,3.64,2.36,3.94,2.72,24116
vigilant,5.95,5.19,2.22,3.73,2.88,20159
vigilante,4.75,5.18,3.37,,3.22,13293
vigor,5.95,6.35,2.27,,2.63,26447
vigorous,5.75,5.63,2.26,4.49,2.85,21003
vile,2.21,5.48,2.14,4.48,3.65,7406
villa,6.44,2.90,4.79,,3.64,7447
village,5.95,3.40,4.89,5.97,4.53,1765
villain,3.00,4.91,3.79,,3.62,7698
vindication,5.52,4.61,1.60,,2.65,25937
vindictive,3.24,4.64,2.19,,3.03,16856
vine,6.39,2.70,4.86,,3.33,11528
vinegar,5.33,3.55,4.89,5.29,3.23,13008
vineyard,6.84,3.00,4.80,,3.45,9744
vintage,6.67,4.35,2.70,,3.47,9479
vinyl,5.20,3.39,4.54,,3.10,15529
viola,6.20,4.65,4.54,3.76,3.47,9402
violate,2.61,5.76,1.88,4.90,3.38,10678
violation,2.29,4.52,2.67,4.54,3.88,5250
violence,2.71,5.95,3.07,5.79,4.36,2387
violent,2.26,6.30,3.10,5.91,4.22,3027
violet,6.36,4.09,4.48,5.53,3.91,5044
violin,6.56,3.41,4.96,5.14,3.68,7106
violinist,6.45,3.38,4.84,,2.82,21557
viper,4.58,5.17,4.69,,3.41,10321
viral,3.33,5.52,2.96,,2.95,18526
virgin,5.56,4.58,3.31,5.21,4.28,2767
virginal,5.00,4.67,2.38,,2.69,24968
virginity,6.33,5.14,2.82,,3.59,8000
virility,5.91,4.14,1.85,,2.74,23718
virtual,6.10,4.24,2.17,,3.42,10135
virtue,6.70,4.55,1.62,4.69,3.71,6724
virtuoso,6.68,5.38,2.85,,2.69,24968
virtuous,6.85,5.10,1.68,4.27,3.24,12846
virus,1.71,4.61,3.48,5.66,4.28,2758
visa,5.74,4.33,4.38,5.00,3.63,7610
visibility,6.00,3.09,3.04,,3.08,15770
visible,5.76,4.15,3.08,,3.70,6895
vision,6.79,3.18,3.39,5.77,4.38,2325
visionary,6.60,4.48,2.48,,3.12,15104
visit,6.56,3.90,3.92,5.81,4.77,1173
visitation,5.40,4.17,3.08,,3.21,13489
visitor,5.27,4.00,4.25,,3.94,4784
visor,5.26,3.14,4.66,,2.78,22564
visual,6.00,4.43,2.96,,4.06,3971
visualize,6.58,4.36,2.45,,3.24,12846
vital,5.84,5.15,1.93,,3.89,5167
vitality,6.32,4.71,1.78,,2.84,21286
vitals,5.06,4.80,3.04,,3.56,8390
vitamin,6.24,3.38,4.48,6.13,3.43,10007
viva,5.42,4.19,,,3.50,9128
vivid,6.41,5.26,2.04,5.30,3.31,11732
vixen,4.70,5.09,3.80,,2.99,17712
vocabulary,5.50,3.60,3.03,,3.37,10828
vocal,5.81,3.91,2.93,,3.47,9402
vocation,5.52,4.54,2.70,3.73,2.93,19207
vodka,5.68,5.23,4.97,6.25,4.00,4350
vogue,5.61,3.91,2.15,,3.37,10828
voice,6.50,3.25,4.13,6.26,4.93,855
voicemail,4.55,3.83,4.04,,3.02,17194
void,4.65,3.95,2.62,4.12,3.61,7758
volatile,3.45,5.35,2.35,,3.07,16056
volcanic,4.67,5.60,3.93,,3.06,16358
volcano,4.59,6.70,4.75,5.21,3.52,8775
volley,5.43,3.55,3.59,,2.69,24968
volleyball,6.27,4.55,4.93,,3.06,16177
voltage,4.96,5.36,3.50,,3.23,13116
volume,5.25,5.00,3.07,6.05,3.84,5563
volumes,6.00,3.43,3.03,,3.03,16856
voluntary,5.76,3.95,2.21,,3.31,11792
volunteer,7.35,3.95,3.77,,3.97,4604
voluptuous,7.10,5.29,2.89,,2.88,20159
vomit,1.98,4.82,4.75,5.11,3.73,6595
voodoo,4.15,5.57,2.59,,3.68,7083
vortex,5.67,4.59,3.28,,3.18,14005
vote,5.24,5.05,3.85,5.97,4.54,1736
voter,4.85,4.75,3.93,4.66,2.92,19434
vouch,5.83,3.58,2.39,,3.40,10484
voucher,5.67,4.40,3.81,,2.96,18305
vow,6.60,4.21,2.42,5.41,3.73,6534
vowel,5.00,3.14,3.80,5.75,2.86,20727
voyage,6.50,5.90,3.43,4.24,3.78,6096
voyeur,4.32,4.65,3.29,,2.63,26447
vulgar,3.30,5.53,1.97,4.75,3.52,8847
vulnerability,3.42,4.65,2.36,,2.92,19434
vulnerable,3.57,4.50,2.00,,3.93,4834
vulture,3.23,5.00,4.73,4.21,3.25,12695
wacko,3.89,5.32,2.28,,3.44,9781
wacky,6.05,4.48,2.00,,3.51,8956
wad,4.16,4.11,3.93,,3.25,12772
waddle,4.70,3.44,3.59,,2.67,25460
waffle,6.75,4.50,4.71,,3.33,11461
wag,5.84,4.67,3.88,,2.72,24116
wage,6.00,3.43,3.79,,3.50,9128
wager,4.68,4.75,2.93,,3.60,7931
wagon,5.21,3.10,4.89,3.48,4.25,2900
wail,3.52,5.81,3.93,,2.95,18731
waist,5.32,4.00,4.72,5.84,3.71,6751
waistline,4.90,4.62,4.34,,2.67,25460
wait,4.55,3.62,2.68,6.42,5.92,152
waiter,5.05,3.05,4.67,5.64,4.12,3572
waitress,5.10,3.50,4.56,6.06,4.06,3964
waive,5.53,3.14,2.96,,3.24,12846
waiver,5.60,2.95,3.62,,2.99,17712
wake,6.57,3.80,3.11,5.72,5.02,722
walk,6.77,3.24,4.07,,5.33,458
walkout,4.11,4.06,3.73,,3.26,12485
wall,5.06,2.90,4.86,6.32,4.85,1006
wallaby,5.90,2.91,,,2.74,23718
wallet,6.00,4.25,4.81,6.07,4.36,2408
wallflower,5.58,2.91,3.48,,2.63,26447
wallop,4.05,3.50,3.45,,2.93,19207
wallow,4.33,4.30,3.11,,3.21,13394
wallpaper,5.38,2.81,4.62,,3.53,8747
walnut,6.39,2.81,4.97,4.53,3.30,11968
walrus,5.79,3.95,5.00,4.53,3.06,16358
waltz,5.79,3.58,4.52,5.03,3.74,6495
wand,5.42,4.00,4.73,5.00,3.49,9198
wander,5.90,3.41,2.28,,3.77,6199
wanderer,5.68,3.82,3.21,,2.81,21885
wannabe,3.25,5.05,1.85,,3.10,15382
want,6.00,5.29,1.93,,6.44,64
wanton,5.24,3.15,2.92,,2.93,19207
war,2.23,6.27,3.63,6.53,5.24,530
ward,4.43,3.28,3.59,4.24,4.15,3378
warden,3.50,4.91,4.27,,4.05,4041
wardrobe,6.09,5.16,4.67,5.76,3.81,5834
warehouse,4.43,3.57,4.69,5.14,4.00,4381
warfare,3.14,6.50,3.03,,3.47,9440
warhead,3.45,6.43,4.07,,3.51,8927
warlock,3.90,5.55,3.90,,3.56,8366
warlord,2.95,5.57,4.40,,2.89,19918
warm,7.50,3.35,3.56,6.58,4.72,1276
warmth,7.53,4.33,3.39,6.30,3.65,7383
warn,4.90,4.65,2.89,5.35,4.40,2224
warning,3.48,6.25,3.21,5.88,4.50,1856
warp,5.60,5.40,3.07,,3.74,6478
warpath,3.50,6.72,2.78,,2.95,18731
warped,4.50,4.48,2.81,,3.22,13293
warrant,3.23,5.61,3.73,4.46,4.32,2583
warranty,5.50,2.86,3.21,,2.93,19207
warrior,5.50,5.94,4.17,,4.01,4347
warship,3.52,4.39,4.86,,2.98,17898
wart,2.67,2.79,4.89,4.94,3.10,15529
wartime,2.79,5.43,2.63,,3.06,16177
wary,3.90,3.96,1.82,,2.88,20159
wash,6.00,3.70,4.35,,4.61,1539
washer,5.16,2.90,4.70,,3.31,11732
washout,3.70,3.52,2.77,,2.88,20159
washroom,4.90,2.83,4.76,,3.23,13008
wasp,2.71,5.33,4.96,5.60,3.16,14304
waste,2.61,4.04,3.24,5.68,4.73,1249
wastebasket,4.67,4.15,4.63,,2.81,21885
wasteful,2.85,3.55,1.97,5.34,2.78,22564
wasteland,3.05,4.40,4.00,,3.00,17531
watch,5.45,3.37,4.61,6.42,5.52,323
watchdog,5.09,5.33,4.29,,3.02,17010
watcher,5.21,4.81,4.17,,3.01,17381
watchman,5.16,4.45,4.68,,3.40,10484
watchtower,4.67,3.70,4.43,,2.65,25937
water,7.00,3.71,5.00,6.79,5.35,438
water polo,5.52,3.45,4.29,,,
waterbed,5.80,3.18,4.93,,2.74,23718
waterfall,7.79,4.35,4.90,5.69,3.27,12325
waterfront,7.50,3.77,4.67,,3.02,17010
watering can,6.11,3.00,4.76,,,
watermelon,6.75,4.64,4.89,,3.34,11188
waterproof,5.80,3.78,3.60,,3.00,17531
waterworks,5.40,3.60,4.07,,2.67,25460
watery,4.79,3.24,3.93,,2.86,20727
wave,6.32,4.19,4.55,5.88,4.33,2532
wavelength,6.05,3.44,3.35,,2.81,21885
waver,5.18,3.84,2.56,,2.65,25937
wavy,6.32,2.50,3.50,,2.75,23331
wax,4.68,3.64,4.97,,3.96,4685
waxed,5.23,5.37,3.88,,3.14,14727
way,5.91,2.90,2.34,,6.15,107
wayward,5.90,4.21,2.21,,2.88,20159
weak,2.95,4.90,2.79,5.83,4.50,1874
weaken,3.30,4.19,2.37,,3.08,15898
weakling,3.55,4.21,3.14,,2.94,18951
weakness,3.24,4.43,2.59,5.70,3.95,4736
wealth,7.33,5.24,2.63,5.94,3.80,5893
wealthy,6.37,5.30,2.73,5.56,3.87,5341
weapon,3.95,6.27,4.76,6.07,4.67,1387
weaponry,3.71,6.09,3.56,,3.03,16856
wear,6.36,3.33,3.61,,5.04,709
wearer,5.21,3.86,3.78,,2.74,23718
weary,3.25,2.90,3.00,4.64,3.62,7698
weasel,3.71,4.92,4.74,4.03,3.69,6960
weather,6.05,4.21,3.83,,4.53,1741
weatherman,4.63,2.89,4.73,,3.33,11528
weave,5.41,3.10,4.20,5.07,3.32,11666
web,5.68,4.14,4.37,6.29,3.96,4623
website,6.76,3.58,4.52,,3.64,7523
wed,6.79,4.95,3.11,4.06,3.39,10540
wedded,6.90,4.14,3.14,,3.51,8956
wedding,7.35,5.32,3.92,5.97,5.01,752
wedge,4.74,3.24,4.41,,3.37,10828
wedlock,5.74,4.45,2.29,,3.03,16856
wee,5.95,3.30,3.14,5.76,3.93,4857
weed,4.65,4.78,4.90,,4.07,3896
weeds,4.60,4.32,4.83,,3.38,10715
week,5.27,3.33,3.48,6.46,5.38,417
weekday,4.62,3.68,3.18,,2.65,25937
weekend,7.17,5.81,3.83,6.74,4.79,1131
weekly,5.43,2.86,3.28,,3.67,7197
weenie,3.86,3.88,4.22,,3.45,9660
weep,2.88,4.00,4.54,,3.74,6478
weeping willow,6.53,3.70,4.83,,,
weepy,3.05,4.00,2.72,,2.77,22917
weigh,4.32,4.14,3.79,5.96,3.85,5476
weight,3.91,4.05,3.94,6.15,4.56,1665
weird,5.09,4.29,1.59,6.30,5.00,754
weirdness,4.82,4.56,1.93,,2.98,17898
weirdo,5.19,4.90,2.79,5.51,3.50,9025
welcome,7.27,3.76,2.07,6.03,5.25,522
weld,4.95,4.62,4.18,,2.81,21885
welder,5.57,3.80,4.82,,2.71,24525
welding,5.47,3.70,4.17,,2.75,23331
welfare,3.58,4.32,2.57,4.87,3.90,5114
wellness,7.67,4.56,2.00,,2.63,26447
welsh,4.53,4.00,,,3.08,15898
wench,4.52,4.06,3.86,3.87,3.24,12846
werewolf,3.85,5.00,4.17,,3.65,7383
west,5.72,3.05,3.44,,4.78,1139
westbound,5.18,4.74,2.84,,2.96,18305
western,5.35,4.48,2.80,,4.12,3546
wet,5.64,5.00,4.46,,4.59,1571
wetback,2.75,3.67,2.96,,2.69,24968
whack,4.14,3.71,3.48,,3.95,4731
whale,5.81,4.20,4.96,5.42,4.05,4036
whaling,3.26,3.20,3.68,,2.95,18526
whammy,4.95,5.75,2.16,,2.84,21286
wharf,5.24,3.65,4.60,2.42,3.11,15245
whatnot,5.48,2.59,1.92,,3.30,11908
wheat,4.95,3.94,4.89,5.41,3.76,6273
wheel,5.90,4.00,4.86,6.09,4.43,2092
wheel barrow,5.48,3.05,,,,
wheelbarrow,5.17,3.10,4.79,5.56,2.80,22203
wheelchair,3.64,3.74,4.93,,3.79,5986
wheeze,3.67,4.24,4.29,,2.77,22917
whelp,4.89,4.14,3.39,,2.69,24968
whereabouts,5.05,3.87,2.39,,3.81,5855
whiff,4.79,5.05,2.77,4.56,3.40,10424
whim,6.16,4.05,1.69,,3.37,10828
whimper,3.90,4.29,4.37,3.65,2.87,20435
whimsical,6.65,4.77,1.93,,2.90,19680
whimsy,5.52,3.81,1.85,,2.69,24968
whine,2.82,3.62,3.40,5.59,3.22,13293
whiny,3.20,4.24,2.31,,3.02,17194
whip,3.60,5.10,4.68,4.23,4.12,3579
whiplash,2.42,5.36,3.50,,3.25,12695
whirl,5.45,4.57,3.37,,3.25,12772
whirlpool,5.80,5.35,4.64,,2.80,22203
whirlwind,4.62,6.05,4.07,,2.99,17712
whisk,5.74,4.48,4.33,,2.77,22917
whiskers,6.00,4.61,4.89,,3.33,11377
whiskey,5.55,5.62,4.74,,4.21,3110
whisper,6.14,4.10,4.34,5.92,3.90,5106
whistle,5.70,3.94,4.42,5.80,4.19,3217
whit,5.48,4.05,,,3.29,12042
white,6.18,3.35,3.89,6.69,5.23,537
whitefish,5.10,2.67,4.48,,2.71,24525
whitewash,4.48,2.87,3.70,,2.82,21557
whittle,5.45,2.84,4.16,,2.63,26447
whiz,6.48,3.92,2.59,,3.59,8000
whole,5.86,3.48,3.25,6.09,5.59,285
wholesale,6.33,3.48,3.07,4.51,3.23,13116
wholesome,6.90,4.18,2.17,,3.21,13489
whopper,5.55,4.39,2.72,,2.94,18951
whopping,5.00,4.00,2.37,,2.80,22203
whore,2.70,6.29,4.15,5.07,4.32,2548
whorehouse,3.38,5.52,4.60,,3.19,13696
wicked,2.63,5.86,2.11,4.50,4.12,3548
wickedness,2.86,6.00,1.72,,2.89,19918
wicker,4.79,3.06,4.30,,2.98,17898
wide,4.58,3.05,3.06,,4.38,2331
widen,5.00,3.46,3.21,,2.93,19207
widespread,5.11,4.05,2.23,,2.97,18107
widow,2.28,3.50,4.33,,4.08,3822
widowed,3.05,4.78,3.22,,2.77,22917
widower,2.26,2.83,3.96,,3.16,14406
width,5.43,3.73,3.64,,2.85,21003
wield,4.82,4.53,3.07,,2.89,19918
wiener,4.74,4.94,4.81,,3.35,11139
wienie,4.52,3.84,4.52,,2.63,26447
wife,6.70,4.21,4.13,5.36,5.54,305
wig,4.48,3.36,4.72,,3.92,4916
wiggle,5.57,5.04,3.93,5.29,3.48,9366
wiki,5.85,3.64,,,3.12,14978
wild,5.94,5.90,2.41,5.66,4.76,1188
wildcat,5.21,5.20,4.79,,3.15,14512
wildebeest,5.21,4.11,,3.09,2.65,25937
wilderness,6.68,4.85,3.79,4.53,3.60,7959
wildfire,2.70,5.90,4.59,,3.00,17531
wildlife,7.75,5.67,4.26,,3.29,12112
will,5.32,2.90,2.64,,6.33,74
willful,5.91,3.71,1.81,,2.85,21003
willies,4.45,4.57,,,2.95,18526
willing,6.83,2.76,2.07,,4.69,1329
willingness,6.43,4.25,1.81,,3.13,14853
willow,5.95,2.78,4.35,,3.80,5963
willpower,6.79,5.22,1.48,,3.03,16856
wilt,3.42,3.24,2.90,4.00,3.26,12485
wily,4.58,4.71,,,2.81,21885
wimp,3.05,2.38,2.90,,3.50,9128
wimpy,2.76,3.95,2.21,,2.94,18951
win,6.97,5.61,2.67,6.09,5.13,622
winch,4.05,3.90,4.40,,3.14,14727
wind,5.67,3.70,3.93,6.45,4.77,1159
windbag,3.46,3.76,3.32,,2.92,19434
windmill,6.17,3.52,4.89,4.78,3.11,15245
window,6.47,3.27,4.86,6.38,4.93,858
windowsill,6.05,2.50,4.70,,2.82,21557
windpipe,3.95,3.73,4.75,,2.96,18305
windshield,5.40,4.75,4.86,,3.52,8847
windy,6.00,4.23,3.86,,3.42,10088
wine,5.85,4.24,4.79,6.69,4.78,1142
wine cooler,6.05,3.45,4.96,,,
wing,6.15,4.32,4.86,6.07,4.31,2625
winged,5.90,3.87,3.68,,3.06,16177
winger,4.95,2.70,,,2.72,24116
wingman,5.14,3.90,3.61,,3.06,16358
wink,6.62,4.75,4.23,5.53,3.55,8498
winner,7.86,6.53,3.21,5.88,4.49,1887
winnings,7.85,6.55,2.97,,3.25,12695
wino,3.05,3.25,,,2.93,19207
winter,5.50,2.77,3.84,6.55,4.42,2143
wintertime,5.95,3.76,3.67,,2.65,25937
wipe,4.58,3.54,4.00,,4.23,2996
wiper,4.25,2.62,4.56,,2.77,22917
wire,4.86,4.20,4.72,5.94,4.44,2065
wireless,6.90,4.05,3.57,,3.43,10048
wiretap,2.95,5.23,4.25,,2.74,23718
wiring,5.05,3.75,4.64,,3.37,10883
wisdom,7.94,3.77,1.53,5.36,4.04,4077
wise,7.42,4.46,1.97,5.82,4.45,2009
wish,7.14,3.38,1.77,6.08,5.37,425
wishbone,6.20,4.00,4.68,,2.71,24525
wishful,6.84,4.40,2.36,,3.02,17010
wisp,5.13,3.59,2.87,,2.63,26447
wit,7.25,4.71,1.93,5.21,3.77,6146
witch,3.14,5.30,4.17,5.15,4.44,2051
witchcraft,3.95,5.24,2.96,,3.44,9821
withdraw,4.11,3.95,3.04,4.88,3.82,5751
withdrawal,4.45,4.32,2.33,,3.46,9588
wither,2.95,3.30,2.71,4.66,2.97,18107
withering,3.70,4.38,3.21,,2.63,26447
withhold,3.70,3.47,2.68,,3.02,17010
withholding,3.11,4.14,2.15,,3.28,12244
withstand,5.95,4.21,2.27,,3.22,13293
witless,3.00,4.39,1.81,,2.69,24968
witness,5.61,3.67,4.07,,4.71,1289
witty,7.25,5.65,2.21,5.43,3.51,8991
wiz,6.10,4.23,3.07,,2.77,22917
wizard,6.52,4.09,4.43,5.27,4.03,4191
wobble,4.90,3.50,3.60,,2.78,22564
wobbly,4.71,4.77,3.15,,2.87,20435
woe,3.38,4.71,1.96,3.83,3.37,10828
wok,5.84,3.55,4.57,,2.88,20159
wolf,6.26,5.25,4.79,5.13,4.31,2620
wolverine,5.39,5.17,4.77,,2.81,21885
woman,7.09,3.80,4.46,6.70,5.64,266
womanhood,5.89,4.74,2.55,,2.89,19918
womanizer,3.32,4.86,3.38,,2.63,26447
womb,5.70,2.80,4.37,5.29,3.54,8593
wonder,6.68,4.38,1.80,5.81,5.07,681
wonderful,7.41,4.57,1.82,6.38,5.21,553
wondrous,6.73,4.52,1.46,,3.22,13293
wont,4.09,4.23,1.59,,3.21,13489
woo,6.37,4.33,2.19,,3.83,5681
wood,5.82,3.50,4.85,6.30,4.43,2098
wooden,5.27,4.00,4.61,,3.86,5435
woodland,6.43,2.46,3.76,,3.06,16358
woodpecker,5.76,4.48,4.93,,3.00,17531
woodshed,4.80,3.44,4.68,,2.65,25937
woodsman,5.06,3.27,4.58,,2.67,25460
woodwork,6.14,3.56,4.45,,2.94,18951
woof,6.76,5.15,3.90,,3.44,9781
wool,5.38,2.58,4.86,5.94,3.50,9066
woolen,4.91,3.38,3.86,,2.77,22917
woozy,3.90,3.15,3.10,,2.94,18951
word,5.77,4.00,3.56,6.46,5.37,423
work,5.05,4.33,3.48,6.58,5.90,157
workaholic,3.48,4.05,2.44,,2.75,23331
worker,5.95,3.60,4.59,,4.04,4109
workings,5.50,2.95,2.59,,2.93,19207
workload,4.24,3.92,3.52,,2.95,18526
workman,5.95,3.76,4.11,,2.90,19680
workmanship,5.45,4.14,2.33,,2.75,23331
workout,6.16,5.64,3.89,,3.44,9781
workplace,5.38,3.50,4.48,,3.39,10593
workshop,6.35,3.57,4.54,,3.45,9706
workup,4.81,4.85,2.96,,2.99,17712
world,6.46,4.55,4.36,6.30,5.66,252
worldly,5.62,3.36,1.86,,3.18,13906
worm,4.86,3.50,4.90,5.45,4.01,4347
wormhole,4.95,4.09,3.89,,3.29,12112
wormwood,4.38,3.36,4.44,,2.67,25460
worried,3.27,5.81,2.21,6.61,4.98,794
worry,2.10,6.33,2.55,6.37,5.46,358
worrying,3.19,5.36,2.21,,4.21,3093
worship,5.57,3.78,2.62,5.03,3.90,5049
worthless,1.89,4.45,1.97,,3.97,4613
worthwhile,6.70,3.68,2.00,,3.61,7830
worthy,6.56,4.77,2.00,4.88,4.01,4277
would,5.91,3.81,1.12,,6.25,90
wound,3.24,4.65,4.24,5.50,4.42,2126
wounds,2.95,4.00,4.19,,4.15,3416
wrap,5.57,3.85,4.11,5.41,4.25,2896
wrapper,4.79,3.33,4.39,5.61,3.23,13116
wrath,3.19,5.95,2.42,3.70,3.59,8000
wreak,3.50,5.33,2.83,,2.78,22564
wreath,5.81,3.17,4.93,,3.03,16856
wreck,1.62,4.65,4.07,5.51,4.14,3487
wreckage,3.38,5.71,4.46,,3.32,11598
wrecker,4.05,5.60,4.29,,2.72,24116
wrench,4.86,3.70,4.93,4.27,3.60,7931
wrestle,4.53,4.55,4.33,5.06,3.54,8614
wrestler,4.26,4.32,4.42,4.82,3.26,12629
wrestling,4.62,4.24,4.38,5.00,3.94,4784
wretch,3.41,4.85,3.04,,3.22,13293
wretched,2.57,3.80,2.03,,3.56,8366
wriggle,5.43,3.75,3.63,,2.63,26447
wring,4.95,3.89,4.00,,3.09,15637
wringer,4.00,3.28,,,2.63,26447
wrinkle,4.00,4.61,4.30,,3.28,12244
wrinkled,3.74,3.80,4.29,,3.23,13008
wrist,5.06,3.27,4.93,6.31,4.01,4277
wristwatch,5.63,3.75,4.85,,3.07,16056
writ,4.50,4.18,,,3.24,12846
write,6.45,3.81,4.22,6.53,5.10,642
writer,6.74,4.74,4.32,5.76,4.37,2350
wrong,3.24,5.29,1.83,6.57,5.72,217
wrongdoing,3.58,4.77,2.43,,2.72,24116
wrongful,3.00,5.48,1.50,,3.03,16856
yacht,5.88,3.98,4.97,4.16,3.92,4971
yahoo,4.95,5.60,2.58,,3.47,9479
yak,4.32,3.84,4.65,2.83,3.15,14512
yank,4.47,4.50,4.10,,3.67,7139
yap,3.90,4.28,2.96,,3.16,14304
yard,5.70,3.68,4.82,4.18,4.40,2240
yarn,5.47,2.70,4.93,3.81,3.21,13489
yawn,5.62,2.84,4.46,,3.01,17381
year,5.75,3.33,3.25,,5.44,370
yearbook,6.05,3.45,4.58,,3.68,7120
yearly,5.20,3.05,3.17,,2.95,18526
yearn,5.95,3.73,1.76,,2.99,17712
yeast,4.58,3.26,4.72,4.61,2.95,18731
yell,3.58,4.94,3.86,,4.26,2828
yeller,4.81,4.64,,,2.71,24525
yellow,6.09,3.83,4.30,6.61,4.53,1759
yen,5.00,2.91,4.04,,3.79,6035
yield,5.19,3.85,2.93,4.78,3.61,7830
yo-yo,6.33,4.04,5.00,4.48,,
yodel,6.10,3.33,4.20,,2.94,18951
yoga,6.05,3.33,4.53,5.73,3.65,7383
yogurt,7.00,4.52,4.90,,3.36,10983
yoke,5.39,3.40,4.83,,2.65,25937
yolk,5.32,3.05,4.78,4.90,2.63,26447
young,6.31,4.09,3.16,6.46,5.39,409
youngster,6.05,4.55,3.76,,3.17,14196
youth,6.53,4.14,3.28,5.93,4.23,3005
youthful,6.89,5.68,2.90,4.97,3.19,13696
yucky,3.36,4.35,1.86,,2.65,25937
yuletide,6.19,4.00,2.57,,2.74,23718
yummy,7.52,4.48,2.86,,3.65,7361
yuppie,4.64,4.65,2.68,,2.95,18526
zap,5.39,4.41,2.85,,3.39,10540
zeal,6.15,5.33,2.33,2.69,2.80,22203
zebra,6.47,3.90,4.86,5.19,3.40,10367
zenith,5.20,3.71,2.83,,2.65,25937
zephyr,5.50,3.41,,1.65,3.00,17531
zest,6.76,5.41,2.27,4.00,2.85,21003
zeta,5.55,3.75,,,2.63,26447
zigzag,5.18,5.42,3.52,,2.67,25460
zilch,3.89,4.05,,,2.95,18526
zillion,5.81,4.26,2.33,,3.12,14978
zinc,4.79,3.17,4.40,,2.94,18951
zing,6.95,4.81,1.23,,3.08,15898
zip,5.06,4.24,3.50,,3.88,5221
zipper,5.11,3.73,4.83,,3.45,9660
zit,3.30,4.29,4.85,,3.02,17194
zodiac,5.55,4.25,3.07,,2.80,22203
zombie,3.57,6.53,4.16,,3.56,8390
zone,4.75,3.78,3.07,,4.30,2637
zoning,4.65,3.77,2.45,,3.08,15770
zoo,7.00,5.63,4.81,5.66,4.14,3490
zoom,5.86,5.68,3.10,,3.55,8467
zucchini,6.30,4.18,4.87,,2.99,17712
